id,rate,duration,quantity,sourceLocation,startTime,endTime,merged_from,uncertainties
23a2c94b-f939-408b-a510-9ba7aff08308,70.31640146,4321.0,303837.17070866,CH4_1B1a_250m_-103.86877_31.98367?datetime=2024-01-01T00%3A00%3A00.000Z%2F2025-01-01T23%3A59%3A59.999Z&status=not_deleted,2023-11-19T17:35:02,2024-05-17T18:35:02,GAO20240517t173526p0000-C,24.80394119
80a8e068-5bdc-467e-964b-65d27c4a2098,5864.327475,5469.4825,32074836.49878169,CH4_1B2_250m_-101.26737_31.15282?datetime=2024-01-01T00%3A00%3A00.000Z%2F2025-01-01T23%3A59%3A59.999Z&status=not_deleted,2024-02-12T21:48:05,2024-09-27T19:17:02,emi20240731t181643p12010-A,854.8409356
8ef643ad-c480-44e1-8e4d-78a03547f934,3532.281053,4988.983055555555,17622490.320876937,CH4_1B2_250m_-101.32793_32.36330?datetime=2024-01-01T00%3A00%3A00.000Z%2F2025-01-01T23%3A59%3A59.999Z&status=not_deleted,2023-07-31T19:59:01,2024-02-24T16:58:00,emi20240127t195915p13009-C,395.3904435
fb7cc2fc-88cd-4f6c-b1f9-4f9178194841,6060.157675,4508.850277777778,27324343.61630088,CH4_1B2_250m_-101.44280_31.39131?datetime=2024-01-01T00%3A00%3A00.000Z%2F2025-01-01T23%3A59%3A59.999Z&status=not_deleted,2023-07-31T19:59:00,2024-02-04T16:50:01,emi20240127t195904p13008-A,494.8033079
1db68a25-083f-4daf-b8fd-5c6afc0ba9c6,5537.098608,9892.100555555555,54773536.21636269,CH4_1B2_250m_-101.52275_32.51480?datetime=2024-01-01T00%3A00%3A00.000Z%2F2025-01-01T23%3A59%3A59.999Z&status=not_deleted,2023-08-28T16:58:00,2024-10-13T21:04:02,emi20240224t165801p11015-A,1219.983536
3ea8d2fe-6784-4bc4-8b4c-42f411f4609f,3683.699795,5713.049444444445,21045159.067324866,CH4_1B2_250m_-101.52275_32.51480?datetime=2024-01-01T00%3A00%3A00.000Z%2F2025-01-01T23%3A59%3A59.999Z&status=not_deleted,2024-02-18T20:01:04,2024-10-13T21:04:02,emi20240816t200144p13032-A,873.5978
c49f6159-caeb-430a-b3c2-edd7c87dae79,3779.991289,9073.666388888889,34298379.90929209,CH4_1B2_250m_-101.55170_32.28120?datetime=2024-01-01T00%3A00%3A00.000Z%2F2025-01-01T23%3A59%3A59.999Z&status=not_deleted,2023-07-31T19:59:01,2024-08-12T21:39:00,emi20240127t195915p13009-A,588.2201968
c0cc2cdf-28b1-46c8-8652-1d2d053106ac,1816.164304,3023.1494444444443,5490536.1066574305,CH4_1B2_250m_-101.64712_31.48990?datetime=2024-01-01T00%3A00%3A00.000Z%2F2025-01-01T23%3A59%3A59.999Z&status=not_deleted,2024-07-27T19:54:05,2024-11-30T19:03:03,emi20241130t180334p12009-B,665.113765
24c90648-6643-4312-bfdd-8e31c8cbcea6,2105.166996,3023.1494444444443,6364234.43442018,CH4_1B2_250m_-101.68056_31.39830?datetime=2024-01-01T00%3A00%3A00.000Z%2F2025-01-01T23%3A59%3A59.999Z&status=not_deleted,2024-07-27T19:54:05,2024-11-30T19:03:03,emi20241130t180334p12009-C,402.3675554
b54ff381-c03f-4e04-9dd2-9dca776bd057,16605.41308,9073.666388888889,150671978.5376119,CH4_1B2_250m_-101.76426_31.85867?datetime=2024-01-01T00%3A00%3A00.000Z%2F2025-01-01T23%3A59%3A59.999Z&status=not_deleted,2023-07-31T19:59:01,2024-08-12T21:39:00,emi20240127t195915p13009-B,2120.261575
5fe12b14-cc52-403e-a0ac-ead716043c05,4227.892233,9073.666388888889,38362483.650416486,CH4_1B2_250m_-101.77233_31.84476?datetime=2024-01-01T00%3A00%3A00.000Z%2F2025-01-01T23%3A59%3A59.999Z&status=not_deleted,2023-07-31T19:59:01,2024-08-12T21:39:00,emi20240127t195915p13009-D,539.8382684
20af89e8-166a-4118-b36b-b8a2a85deb70,3496.919608,4179.0680555555555,14613865.026638655,CH4_1B2_250m_-101.77599_31.37456?datetime=2024-01-01T00%3A00%3A00.000Z%2F2025-01-01T23%3A59%3A59.999Z&status=not_deleted,2024-02-04T16:50:00,2024-07-27T19:54:05,emi20240212t214843p14025-I,174.5794469
2c46229c-d057-4225-8e92-eb300deaa80a,2179.335534,4508.85,9826297.0224759,CH4_1B2_250m_-101.77700_31.36286?datetime=2024-01-01T00%3A00%3A00.000Z%2F2025-01-01T23%3A59%3A59.999Z&status=not_deleted,2023-07-31T19:59:00,2024-02-04T16:50:00,emi20240127t195904p13008-C,140.8677126
9ff7edd4-09b2-4c55-87f8-59c49ebea903,10402.52087,4179.0680555555555,43472842.66506699,CH4_1B2_250m_-101.79613_31.34596?datetime=2024-01-01T00%3A00%3A00.000Z%2F2025-01-01T23%3A59%3A59.999Z&status=not_deleted,2024-02-04T16:50:00,2024-07-27T19:54:05,emi20240212t214843p14025-C,565.7295117
57d684c7-a1c3-46c3-9a49-c6316ed8eb99,2130.125074,4705.817777777777,10023980.442119403,CH4_1B2_250m_-101.81706_31.57047?datetime=2024-01-01T00%3A00%3A00.000Z%2F2025-01-01T23%3A59%3A59.999Z&status=not_deleted,2023-07-31T19:59:00,2024-02-12T21:48:04,emi20240127t195904p13008-B,297.7751255
ca7c3bb0-0898-47ba-bf8e-38476145aa81,2459.655996,4516.967777777778,11110186.878349906,CH4_1B2_250m_-101.81706_31.57047?datetime=2024-01-01T00%3A00%3A00.000Z%2F2025-01-01T23%3A59%3A59.999Z&status=not_deleted,2023-08-08T16:50:00,2024-02-12T21:48:04,emi20240204t165003p11008-A,188.1331018
8b178469-e099-4596-b96f-645087b5f2ef,5313.591962,7724.183333333333,41043158.47301437,CH4_1B2_250m_-101.81997_32.32697?datetime=2024-01-01T00%3A00%3A00.000Z%2F2025-01-01T23%3A59%3A59.999Z&status=not_deleted,2024-02-14T21:39:00,2025-01-01T17:50:00,emi20240812t213903p14030-E,425.7402367
6d6c85e6-e5e7-469d-a148-1467b615609f,13577.15934,5755.966944444444,78149680.36049515,CH4_1B2_250m_-101.82795_31.43289?datetime=2024-01-01T00%3A00%3A00.000Z%2F2025-01-01T23%3A59%3A59.999Z&status=not_deleted,2024-02-12T21:48:04,2024-10-09T17:46:05,emi20240727t195453p13014-A,658.5287672
a7fe1c92-742e-4ebd-ba5f-f693ae6b8bbb,4875.769695,4321.0,21068200.852095,CH4_1B2_250m_-101.83636_32.29779?datetime=2024-01-01T00%3A00%3A00.000Z%2F2025-01-01T23%3A59%3A59.999Z&status=not_deleted,2024-02-14T21:39:00,2024-08-12T22:39:00,emi20240812t213903p14030-D,402.692695
c3209b8d-b8f6-4200-9fe7-528723a66355,1393.251294,889.4341666666667,1239205.3036361448,CH4_1B2_250m_-101.87908_31.97790?datetime=2024-01-01T00%3A00%3A00.000Z%2F2025-01-01T23%3A59%3A59.999Z&status=not_deleted,2024-10-24T17:37:00,2024-11-30T19:03:03,emi20241130t180334p12009-D,389.8082572
65d89820-76b8-4a1e-b1ef-96265bc04270,1510.75414,6141.784722222223,9278726.696085973,CH4_1B2_250m_-101.90589_31.82708?datetime=2024-01-01T00%3A00%3A00.000Z%2F2025-01-01T23%3A59%3A59.999Z&status=not_deleted,2024-01-27T19:59:00,2024-10-09T17:46:05,emi20240812t213903p14030-G,469.0753585
24b6ea57-4a8b-4c3e-b122-75eaf85f53b0,11154.99056,4321.0,48200714.20976,CH4_1B2_250m_-101.91350_32.21287?datetime=2024-01-01T00%3A00%3A00.000Z%2F2025-01-01T23%3A59%3A59.999Z&status=not_deleted,2024-02-14T21:39:00,2024-08-12T22:39:00,emi20240812t213903p14030-A,722.6670207
ba2e61c7-8a34-4f5a-9e79-5392dea71ec2,7621.907588,7004.249722222222,53385744.10605244,CH4_1B2_250m_-101.97851_31.66960?datetime=2024-01-01T00%3A00%3A00.000Z%2F2025-01-01T23%3A59%3A59.999Z&status=not_deleted,2024-02-12T21:48:04,2024-11-30T18:03:03,emi20240727t195453p13014-B,573.3040198
ec6412c5-8e63-4727-badc-fc7340b8c019,6117.763916,6356.217777777778,38885839.7631266,CH4_1B2_250m_-101.98140_32.26413?datetime=2024-01-01T00%3A00%3A00.000Z%2F2025-01-01T23%3A59%3A59.999Z&status=not_deleted,2024-02-14T21:39:00,2024-11-05T17:52:04,emi20240812t213903p14030-C,840.7860372
7e4f04df-303a-4836-850b-9f10fdc9a934,3713.268047,6356.217777777778,23602340.37399557,CH4_1B2_250m_-101.99482_32.20095?datetime=2024-01-01T00%3A00%3A00.000Z%2F2025-01-01T23%3A59%3A59.999Z&status=not_deleted,2024-02-14T21:39:00,2024-11-05T17:52:04,emi20240812t213903p14030-B,397.7866947
72d7e9cb-fbae-472e-b34d-440a7cb1cd72,2092.854377,601.1830555555556,1258188.5891976787,CH4_1B2_250m_-102.11606_31.89694?datetime=2024-01-01T00%3A00%3A00.000Z%2F2025-01-01T23%3A59%3A59.999Z&status=not_deleted,2024-11-05T17:52:04,2024-11-30T19:03:03,emi20241130t180334p12009-A,294.6540144
98bbca39-458d-4249-b4a5-75e805b1c12b,949.6590958,7201.2325,6838715.9445955735,CH4_1B2_250m_-102.19187_30.84353?datetime=2024-01-01T00%3A00%3A00.000Z%2F2025-01-01T23%3A59%3A59.999Z&status=not_deleted,2024-02-04T16:49:05,2024-11-30T18:03:02,emi20240827t155734p10003-A,402.7426757
06aeed84-1746-47fb-ad15-4de4ef2922c3,2080.388189,4321.0,8989357.364668999,CH4_1B2_250m_-102.51816_32.01441?datetime=2024-01-01T00%3A00%3A00.000Z%2F2025-01-01T23%3A59%3A59.999Z&status=not_deleted,2023-08-16T21:48:03,2024-02-12T22:48:03,emi20240212t214832p14024-G,110.345471
bc93995d-9dbf-470b-a5bc-55a6c08bf8a4,1390.296337,2283.099722222222,3174185.180811273,CH4_1B2_250m_-102.92380_30.99817?datetime=2024-01-01T00%3A00%3A00.000Z%2F2025-01-01T23%3A59%3A59.999Z&status=not_deleted,2024-08-27T15:57:02,2024-11-30T19:03:01,emi20241130t180310p12007-B,521.9639624
1a7dc4ff-fa21-4c3c-bd16-1cfd32e507fd,2717.130134,2283.099722222222,6203479.054177029,CH4_1B2_250m_-102.98649_30.98850?datetime=2024-01-01T00%3A00%3A00.000Z%2F2025-01-01T23%3A59%3A59.999Z&status=not_deleted,2024-08-27T15:57:02,2024-11-30T19:03:01,emi20241130t180310p12007-A,671.4276145
018c48ae-ffc5-4832-a9cb-44547702c7b0,2308.805593,4321.0,9976348.967353,CH4_1B2_250m_-103.04458_31.94752?datetime=2024-01-01T00%3A00%3A00.000Z%2F2025-01-01T23%3A59%3A59.999Z&status=not_deleted,2023-08-16T21:48:03,2024-02-12T22:48:03,emi20240212t214832p14024-C,196.5921069
6eea8427-eb32-4466-b2be-d59d92eed039,437.4021842,4321.0,1890014.8379282001,CH4_1B2_250m_-103.18725_32.41777?datetime=2024-01-01T00%3A00%3A00.000Z%2F2025-01-01T23%3A59%3A59.999Z&status=not_deleted,2023-11-04T15:57:01,2024-05-02T16:57:01,GAO20240502t155715p0000-A,231.3217389
9061286c-0356-41b7-b5ba-bccf5d13505a,134.1856986,1.3163888888888888,176.64056268483333,CH4_1B2_250m_-103.20711_32.05328?datetime=2024-01-01T00%3A00%3A00.000Z%2F2025-01-01T23%3A59%3A59.999Z&status=not_deleted,2024-05-02T15:57:01,2024-05-02T17:16:00,GAO20240502t161605p0001-C,38.19860113
ec66ada4-a131-46f1-99f6-0d3165f73204,133.685061095,4321.3163888888885,577695.4454594359,CH4_1B2_250m_-103.20813_32.10361?datetime=2024-01-01T00%3A00%3A00.000Z%2F2025-01-01T23%3A59%3A59.999Z&status=not_deleted,2023-11-04T15:57:01,2024-05-02T17:16:00,"GAO20240502t155715p0000-B, GAO20240502t161605p0001-A",54.1955776
92ca42e4-bd4f-44ec-b31c-a6512de221e2,244.4322501,4321.0,1056191.7526821,CH4_1B2_250m_-103.20813_32.10361?datetime=2024-01-01T00%3A00%3A00.000Z%2F2025-01-01T23%3A59%3A59.999Z&status=not_deleted,2023-11-04T16:16:00,2024-05-02T17:16:00,GAO20240502t161605p0001-B,66.59023923
065d9b63-ed9e-4066-abe7-c1b7413b6e8d,435.0198206,4321.0,1879720.6448126,CH4_1B2_250m_-103.21104_32.41632?datetime=2024-01-01T00%3A00%3A00.000Z%2F2025-01-01T23%3A59%3A59.999Z&status=not_deleted,2023-11-04T16:16:00,2024-05-02T17:16:00,GAO20240502t161605p0000-D,182.7239985
9110643f-5c1e-49eb-a465-09ea0270405f,212.2150474,4321.0,916981.2198154,CH4_1B2_250m_-103.21270_32.33083?datetime=2024-01-01T00%3A00%3A00.000Z%2F2025-01-01T23%3A59%3A59.999Z&status=not_deleted,2023-11-04T16:16:00,2024-05-02T17:16:00,GAO20240502t161605p0000-F,52.28923814
956021d6-70cc-4a63-941b-00e2e7f8ee84,379.5298738,4321.0,1639948.5846898002,CH4_1B2_250m_-103.21652_32.58520?datetime=2024-01-01T00%3A00%3A00.000Z%2F2025-01-01T23%3A59%3A59.999Z&status=not_deleted,2023-11-04T16:16:00,2024-05-02T17:16:00,GAO20240502t161605p0000-E,110.7574648
a3ad919a-814c-4f55-8bca-11b9ab5695bb,235.7612172,4321.0,1018724.2195212,CH4_1B2_250m_-103.21889_32.20663?datetime=2024-01-01T00%3A00%3A00.000Z%2F2025-01-01T23%3A59%3A59.999Z&status=not_deleted,2023-11-04T16:16:00,2024-05-02T17:16:00,GAO20240502t161605p0000-B,59.1016096
b2105f94-7310-48a4-9e7c-52a500347264,910.7839967,4321.0,3935497.6497407,CH4_1B2_250m_-103.22001_32.20887?datetime=2024-01-01T00%3A00%3A00.000Z%2F2025-01-01T23%3A59%3A59.999Z&status=not_deleted,2023-11-04T16:16:00,2024-05-02T17:16:00,GAO20240502t161605p0000-A,382.2168362
94eb0ec2-5eda-4e61-8e12-b049635f971a,406.5616154,4320.366666666667,1756495.2511203133,CH4_1B2_250m_-103.22485_32.20221?datetime=2024-01-01T00%3A00%3A00.000Z%2F2025-01-01T23%3A59%3A59.999Z&status=not_deleted,2023-11-04T16:16:00,2024-05-02T16:38:00,GAO20240502t161605p0000-C,109.5168517
cd3756b8-72e0-48ac-bbc1-c63952c771a7,222.9008665,4320.366666666667,963013.4735977168,CH4_1B2_250m_-103.22805_32.22448?datetime=2024-01-01T00%3A00%3A00.000Z%2F2025-01-01T23%3A59%3A59.999Z&status=not_deleted,2023-11-04T16:16:00,2024-05-02T16:38:00,GAO20240502t161605p0000-G,17.43534269
d13ba3ed-1e50-4761-ad08-304d92ca252c,303.1107732,4321.0,1309741.6509971998,CH4_1B2_250m_-103.23563_32.24674?datetime=2024-01-01T00%3A00%3A00.000Z%2F2025-01-01T23%3A59%3A59.999Z&status=not_deleted,2023-11-04T16:38:00,2024-05-02T17:38:00,GAO20240502t163800p0000-A,140.3664802
871ca019-3824-45d5-8b04-bb239de95689,485.3648031,4321.0,2097261.3141951,CH4_1B2_250m_-103.24238_32.28316?datetime=2024-01-01T00%3A00%3A00.000Z%2F2025-01-01T23%3A59%3A59.999Z&status=not_deleted,2023-11-04T16:38:00,2024-05-02T17:38:00,GAO20240502t163800p0000-E,159.9427563
b6ae39d6-035a-4543-84a3-6e45d3e7c15d,274.111828,4321.0,1184437.208788,CH4_1B2_250m_-103.24456_32.48908?datetime=2024-01-01T00%3A00%3A00.000Z%2F2025-01-01T23%3A59%3A59.999Z&status=not_deleted,2023-11-04T16:38:00,2024-05-02T17:38:00,GAO20240502t163800p0000-D,140.1976875
181b4a71-4d50-431a-bfd4-dd6a2142824f,431.1569921,4320.317777777777,1862735.2179828228,CH4_1B2_250m_-103.24676_32.29010?datetime=2024-01-01T00%3A00%3A00.000Z%2F2025-01-01T23%3A59%3A59.999Z&status=not_deleted,2023-11-04T16:38:00,2024-05-02T16:57:04,GAO20240502t163800p0000-B,164.6292957
99ae3ad1-3a19-4872-9c51-0f26deedf226,1800.643957,4415.383333333333,7950533.317005184,CH4_1B2_250m_-103.24727_31.01132?datetime=2024-01-01T00%3A00%3A00.000Z%2F2025-01-01T23%3A59%3A59.999Z&status=not_deleted,2024-02-25T17:34:02,2024-08-27T16:57:02,"emi20240823t173421p11026-A, emi20240827t155722p10002-A",510.46113415
def1d451-2fb9-466e-a1b0-d6c996941829,262.4275905,4321.317777777777,1134033.0122070366,CH4_1B2_250m_-103.25119_32.30745?datetime=2024-01-01T00%3A00%3A00.000Z%2F2025-01-01T23%3A59%3A59.999Z&status=not_deleted,2023-11-04T16:38:00,2024-05-02T17:57:04,"GAO20240502t163800p0000-C, GAO20240502t165747p0000-C",59.188558665
57b4f3ca-3755-4a7e-93e0-d8f423d2017f,248.0584141,1.3177777777777777,326.8858656917778,CH4_1B2_250m_-103.25858_32.57445?datetime=2024-01-01T00%3A00%3A00.000Z%2F2025-01-01T23%3A59%3A59.999Z&status=not_deleted,2024-05-02T16:38:00,2024-05-02T17:57:04,GAO20240502t165747p0000-D,59.65301204
6fb7c92b-8cbd-4a80-bd14-b806fb08e404,380.5145727,4320.35,1643956.134164445,CH4_1B2_250m_-103.27009_32.42873?datetime=2024-01-01T00%3A00%3A00.000Z%2F2025-01-01T23%3A59%3A59.999Z&status=not_deleted,2023-11-04T16:57:04,2024-05-02T17:18:04,GAO20240502t165747p0000-B,173.7862878
b6e323ba-f12f-48ae-92b0-60308f7ed46c,249.73735445,4321.35,1079202.5166525075,CH4_1B2_250m_-103.27218_32.43988?datetime=2024-01-01T00%3A00%3A00.000Z%2F2025-01-01T23%3A59%3A59.999Z&status=not_deleted,2023-11-04T16:57:04,2024-05-02T18:18:04,"GAO20240502t165747p0000-A, GAO20240502t171845p0000-G",66.96898989499999
3ac6de47-0b86-4b49-997c-659593e51db1,302.9938393,1.35,409.041683055,CH4_1B2_250m_-103.27604_32.42865?datetime=2024-01-01T00%3A00%3A00.000Z%2F2025-01-01T23%3A59%3A59.999Z&status=not_deleted,2024-05-02T16:57:04,2024-05-02T18:18:04,GAO20240502t171845p0000-C,84.51750022
b0ef7184-87c5-4492-99c7-2a63946afeb1,103.9299105,4321.0,449081.1432705,CH4_1B2_250m_-103.28332_32.51535?datetime=2024-01-01T00%3A00%3A00.000Z%2F2025-01-01T23%3A59%3A59.999Z&status=not_deleted,2023-11-04T17:18:04,2024-05-02T18:18:04,GAO20240502t171845p0000-F,43.99878279
b9978b74-e6c3-48ad-80db-8a74e0f4189f,269.1705774,23.1,6217.840337940001,CH4_1B2_250m_-103.29712_32.39828?datetime=2024-01-01T00%3A00%3A00.000Z%2F2025-01-01T23%3A59%3A59.999Z&status=not_deleted,2024-05-02T17:18:04,2024-05-03T16:24:04,GAO20240503t152440p0000-B,136.0472148
7a61d57d-7bef-4025-a674-711c8c7b7205,206.9469142,4656.05,963555.17986091,CH4_1B2_250m_-103.31693_32.02059?datetime=2024-01-01T00%3A00%3A00.000Z%2F2025-01-01T23%3A59%3A59.999Z&status=not_deleted,2023-11-05T15:24:04,2024-05-17T15:27:04,GAO20240503t152440p0000-A,138.4409295
8c0df9fe-c865-4495-8152-1598a5728340,482.3765892,4655.733055555555,2245816.631564583,CH4_1B2_250m_-103.31693_32.02059?datetime=2024-01-01T00%3A00%3A00.000Z%2F2025-01-01T23%3A59%3A59.999Z&status=not_deleted,2023-11-05T15:43:05,2024-05-17T15:27:04,GAO20240503t154351p0001-A,240.344812
a88e85ed-3bf5-4996-b56c-c675953be1d0,256.4530748,4320.300833333334,1107954.4327693358,CH4_1B2_250m_-103.31693_32.02059?datetime=2024-01-01T00%3A00%3A00.000Z%2F2025-01-01T23%3A59%3A59.999Z&status=not_deleted,2023-11-19T15:09:01,2024-05-17T15:27:04,GAO20240517t150916p0000-K,107.0212258
df856cfd-9eea-4c58-9d61-fe573bd6598f,359.8881035,4321.0,1555076.4952235,CH4_1B2_250m_-103.32507_32.50418?datetime=2024-01-01T00%3A00%3A00.000Z%2F2025-01-01T23%3A59%3A59.999Z&status=not_deleted,2023-11-05T15:43:05,2024-05-03T16:43:05,GAO20240503t154351p0000-C,148.1598628
55526653-5f21-4717-b6d3-b93af3d9f336,364.23872300000005,4321.366111111111,1574008.8739265876,CH4_1B2_250m_-103.33810_32.16647?datetime=2024-01-01T00%3A00%3A00.000Z%2F2025-01-01T23%3A59%3A59.999Z&status=not_deleted,2023-11-05T15:43:05,2024-05-03T17:05:03,"GAO20240503t154351p0000-A, GAO20240503t160535p0000-A",201.9825712
6d3082b7-23df-463b-b65a-a6f82a10c1c3,221.461578,4321.0,956935.478538,CH4_1B2_250m_-103.37617_32.17718?datetime=2024-01-01T00%3A00%3A00.000Z%2F2025-01-01T23%3A59%3A59.999Z&status=not_deleted,2023-11-05T16:24:02,2024-05-03T17:24:02,GAO20240503t162426p0000-A,92.28309334
f2647204-6663-4452-a882-10fcf7d63817,186.8027215,4320.350555555556,807053.2416118147,CH4_1B2_250m_-103.37921_32.29459?datetime=2024-01-01T00%3A00%3A00.000Z%2F2025-01-01T23%3A59%3A59.999Z&status=not_deleted,2023-11-05T16:24:02,2024-05-03T16:45:04,GAO20240503t162426p0000-C,110.7680397
4e39aa27-fc71-437b-97d0-f679a34410b0,121.17104459999999,4321.350555555556,523622.56089945696,CH4_1B2_250m_-103.38243_32.44133?datetime=2024-01-01T00%3A00%3A00.000Z%2F2025-01-01T23%3A59%3A59.999Z&status=not_deleted,2023-11-05T16:24:02,2024-05-03T17:45:04,"GAO20240503t162426p0000-D, GAO20240503t164545p0000-B",26.476290544999998
036a7cf6-9057-4847-9d5f-143ab07ec1ab,179.4880251,1.3008333333333333,233.48400598424996,CH4_1B2_250m_-103.39023_32.02887?datetime=2024-01-01T00%3A00%3A00.000Z%2F2025-01-01T23%3A59%3A59.999Z&status=not_deleted,2024-05-17T15:09:01,2024-05-17T16:27:04,GAO20240517t152741p0000-C,60.34553956
4a1a6e36-ac50-4aa8-9c4c-dadbafb43c62,208.0973808,4321.0,899188.7824368,CH4_1B2_250m_-103.39443_32.47774?datetime=2024-01-01T00%3A00%3A00.000Z%2F2025-01-01T23%3A59%3A59.999Z&status=not_deleted,2023-11-05T16:45:04,2024-05-03T17:45:04,GAO20240503t164545p0000-C,45.31894472
7ff85cfe-05d2-4338-98ab-14c060e4a5fe,106.2813065,1.3327777777777778,141.6493634963889,CH4_1B2_250m_-103.40521_32.20244?datetime=2024-01-01T00%3A00%3A00.000Z%2F2025-01-01T23%3A59%3A59.999Z&status=not_deleted,2024-05-03T16:45:04,2024-05-03T18:05:02,GAO20240503t170520p0000-A,37.42504177
ffd5f258-4f3d-486d-89dc-c8d4b69875f8,112.99983465,335.3672222222222,37896.44065814091,CH4_1B2_250m_-103.40917_32.02236?datetime=2024-01-01T00%3A00%3A00.000Z%2F2025-01-01T23%3A59%3A59.999Z&status=not_deleted,2024-05-03T17:05:02,2024-05-17T16:27:04,"GAO20240517t150916p0000-R, GAO20240517t152741p0000-W",29.349442185
f911100b-b5fe-4288-91a0-556b1d504841,219.0785242,4321.0,946638.3030682,CH4_1B2_250m_-103.41150_32.35437?datetime=2024-01-01T00%3A00%3A00.000Z%2F2025-01-01T23%3A59%3A59.999Z&status=not_deleted,2023-11-05T17:05:02,2024-05-03T18:05:02,GAO20240503t170520p0000-C,57.46945245
11728a99-6bb2-4367-950a-f0eb558fbd1c,33.66214483,4321.0,145454.12781043,CH4_1B2_250m_-103.41294_32.19644?datetime=2024-01-01T00%3A00%3A00.000Z%2F2025-01-01T23%3A59%3A59.999Z&status=not_deleted,2023-11-05T17:05:02,2024-05-03T18:05:02,GAO20240503t170520p0000-B,11.02696674
92eac2cb-f0c7-43bc-abc1-23025de3ccea,220.5963997,4321.0,953197.0431037,CH4_1B2_250m_-103.44043_32.23849?datetime=2024-01-01T00%3A00%3A00.000Z%2F2025-01-01T23%3A59%3A59.999Z&status=not_deleted,2023-11-05T17:26:05,2024-05-03T18:26:05,GAO20240503t172650p0000-E,63.82925756
3444652c-4e88-4887-9e2e-75b905437c74,193.2943863,4321.0,835225.0432023001,CH4_1B2_250m_-103.44423_32.41489?datetime=2024-01-01T00%3A00%3A00.000Z%2F2025-01-01T23%3A59%3A59.999Z&status=not_deleted,2023-11-05T17:26:05,2024-05-03T18:26:05,GAO20240503t172650p0000-A,21.94479706
5bc30d25-6e1c-408e-9548-1c8fcf4e59cd,97.58229143,1.3330555555555557,130.08261571460278,CH4_1B2_250m_-103.45056_32.35508?datetime=2024-01-01T00%3A00%3A00.000Z%2F2025-01-01T23%3A59%3A59.999Z&status=not_deleted,2024-05-03T17:26:05,2024-05-03T18:46:04,GAO20240503t174640p0000-F,114.7296305
29b9be01-f228-4a84-bb37-9b039cfd1543,229.7003431,1.3330555555555557,306.20331848247224,CH4_1B2_250m_-103.45148_32.45644?datetime=2024-01-01T00%3A00%3A00.000Z%2F2025-01-01T23%3A59%3A59.999Z&status=not_deleted,2024-05-03T17:26:05,2024-05-03T18:46:04,GAO20240503t174640p0000-D,66.34682094
51c6d674-e635-418e-b3b3-1ce76c7f8989,357.0121114,1.3330555555555557,475.9169785023889,CH4_1B2_250m_-103.45429_32.42843?datetime=2024-01-01T00%3A00%3A00.000Z%2F2025-01-01T23%3A59%3A59.999Z&status=not_deleted,2024-05-03T17:26:05,2024-05-03T18:46:04,GAO20240503t174640p0000-C,140.172473
4c9aecfa-2a2b-4339-a088-252237f2791d,197.67041115,334.96555555555557,66212.77908775484,CH4_1B2_250m_-103.45499_32.04233?datetime=2024-01-01T00%3A00%3A00.000Z%2F2025-01-01T23%3A59%3A59.999Z&status=not_deleted,2024-05-03T17:46:04,2024-05-17T16:44:00,"GAO20240517t152741p0000-V, GAO20240517t154401p0000-D",68.90676353
7152fbed-17d0-4417-9f85-3f68d78cee0f,460.98899152499996,4654.9655555555555,2145887.8770391666,CH4_1B2_250m_-103.46123_32.04214?datetime=2024-01-01T00%3A00%3A00.000Z%2F2025-01-01T23%3A59%3A59.999Z&status=not_deleted,2023-11-05T17:46:04,2024-05-17T16:44:00,"GAO20240503t174640p0001-A, GAO20240517t152741p0000-E, GAO20240517t154401p0000-B",178.3845030575
6bfada25-7a54-47fb-93a8-8fde7e481624,501.7731025,4321.0,2168161.5759025,CH4_1B2_250m_-103.46250_32.42318?datetime=2024-01-01T00%3A00%3A00.000Z%2F2025-01-01T23%3A59%3A59.999Z&status=not_deleted,2023-11-05T17:46:04,2024-05-03T18:46:04,GAO20240503t174640p0000-B,98.33732522
3e842476-b675-4d43-bb68-4a9202a4a195,277.6349341,334.96555555555557,92998.13994243657,CH4_1B2_250m_-103.46410_32.06239?datetime=2024-01-01T00%3A00%3A00.000Z%2F2025-01-01T23%3A59%3A59.999Z&status=not_deleted,2024-05-03T17:46:04,2024-05-17T16:44:00,GAO20240517t154401p0000-C,121.8917813
1f84ffd8-d880-4607-9192-2be402009cb7,99.92829289,1.3008333333333333,129.9900543344083,CH4_1B2_250m_-103.46847_32.02199?datetime=2024-01-01T00%3A00%3A00.000Z%2F2025-01-01T23%3A59%3A59.999Z&status=not_deleted,2024-05-17T15:09:01,2024-05-17T16:27:04,GAO20240517t152741p0000-F,63.43109798
4e744fd0-3d4d-4584-b4aa-efe305e6c447,948.7035707,6260.3175,5939185.565965697,CH4_1B2_250m_-103.46914_32.20323?datetime=2024-01-01T00%3A00%3A00.000Z%2F2025-01-01T23%3A59%3A59.999Z&status=not_deleted,2023-08-16T21:48:02,2024-05-03T18:07:05,emi20240212t214820p14023-C,112.3150323
59beda2a-c563-4fc4-837c-c8399f796547,296.1478022,4320.350277777778,1279462.2394980483,CH4_1B2_250m_-103.46914_32.20323?datetime=2024-01-01T00%3A00%3A00.000Z%2F2025-01-01T23%3A59%3A59.999Z&status=not_deleted,2023-11-05T17:46:04,2024-05-03T18:07:05,GAO20240503t174640p0000-A,70.15629047
a4162df7-7e4d-415b-8ca4-7f3b9976abe8,326.644834875,4654.9655555555555,1520520.455243257,CH4_1B2_250m_-103.47146_32.04832?datetime=2024-01-01T00%3A00%3A00.000Z%2F2025-01-01T23%3A59%3A59.999Z&status=not_deleted,2023-11-05T17:46:04,2024-05-17T16:44:00,"GAO20240503t174640p0001-B, GAO20240503t180750p0000-A, GAO20240517t154401p0000-E",80.6165912825
66d8e6de-5cf2-47ca-8c28-c96283214003,144.1590043,4321.0,622911.0575803,CH4_1B2_250m_-103.48181_32.44199?datetime=2024-01-01T00%3A00%3A00.000Z%2F2025-01-01T23%3A59%3A59.999Z&status=not_deleted,2023-11-05T18:07:05,2024-05-03T19:07:05,GAO20240503t180750p0000-C,52.31850714
1cdd5694-b819-4b04-8594-35ba51c2ac2d,111.2410413,4320.331944444444,480598.2242616537,CH4_1B2_250m_-103.49452_32.85507?datetime=2024-01-01T00%3A00%3A00.000Z%2F2025-01-01T23%3A59%3A59.999Z&status=not_deleted,2023-11-05T18:07:05,2024-05-03T18:27:00,GAO20240503t180750p0000-D,50.92434516
0fd32ded-495f-4d03-ba19-a12017e43b2b,242.2159789,1.3319444444444444,322.6182274515278,CH4_1B2_250m_-103.49789_32.28229?datetime=2024-01-01T00%3A00%3A00.000Z%2F2025-01-01T23%3A59%3A59.999Z&status=not_deleted,2024-05-03T18:07:05,2024-05-03T19:27:00,GAO20240503t182700p0000-D,52.55512396
cc262c35-4f38-4b69-a7bb-6cae95074f5c,189.2910883,4321.0,817926.7925443001,CH4_1B2_250m_-103.50133_32.10730?datetime=2024-01-01T00%3A00%3A00.000Z%2F2025-01-01T23%3A59%3A59.999Z&status=not_deleted,2023-11-05T18:27:00,2024-05-03T19:27:00,GAO20240503t182700p0001-B,42.12452905
fc8194e6-5f15-43de-a768-c50ad4ab1303,259.6969813,8879.334722222222,2305936.423313385,CH4_1B2_250m_-103.50422_32.06184?datetime=2024-01-01T00%3A00%3A00.000Z%2F2025-01-01T23%3A59%3A59.999Z&status=not_deleted,2023-11-05T18:27:00,2024-11-09T17:47:05,GAO20240503t182700p0001-A,92.65682009
15d147a2-7287-429f-a30a-e92ce3c9baea,232.8392195,8546.051388888889,1989855.93519578,CH4_1B2_250m_-103.50422_32.06184?datetime=2024-01-01T00%3A00%3A00.000Z%2F2025-01-01T23%3A59%3A59.999Z&status=not_deleted,2023-11-19T15:44:00,2024-11-09T17:47:05,GAO20240517t154401p0000-F,49.68389593
63c20267-e6fe-4d11-9884-0cc8ca3acc53,138.8382548,4321.0,599920.0989908,CH4_1B2_250m_-103.50627_32.18929?datetime=2024-01-01T00%3A00%3A00.000Z%2F2025-01-01T23%3A59%3A59.999Z&status=not_deleted,2023-11-05T18:27:00,2024-05-03T19:27:00,GAO20240503t182700p0000-E,85.44877284
87f1fdac-239f-4eab-b014-83d11fb7d831,387.5149111,4320.350833333333,1674200.3690999774,CH4_1B2_250m_-103.51450_32.44454?datetime=2024-01-01T00%3A00%3A00.000Z%2F2025-01-01T23%3A59%3A59.999Z&status=not_deleted,2023-11-05T18:27:00,2024-05-03T18:48:03,GAO20240503t182700p0000-A,50.4983697
f01fb445-12ac-4933-b95b-77ad07de2eaf,349.3668675,4320.350833333333,1509387.437142681,CH4_1B2_250m_-103.51464_32.79657?datetime=2024-01-01T00%3A00%3A00.000Z%2F2025-01-01T23%3A59%3A59.999Z&status=not_deleted,2023-11-05T18:27:00,2024-05-03T18:48:03,GAO20240503t182700p0000-B,133.0349256
778e038d-8db6-4039-ab55-6b6e1ffa18d1,274.0212245,1.3508333333333333,370.1570040954167,CH4_1B2_250m_-103.51797_32.76623?datetime=2024-01-01T00%3A00%3A00.000Z%2F2025-01-01T23%3A59%3A59.999Z&status=not_deleted,2024-05-03T18:27:00,2024-05-03T19:48:03,GAO20240503t184831p0000-I,54.929229
e11ed5da-92a0-4fac-96a5-d53251b00bfe,167.2328197,4321.0,722613.0139237,CH4_1B2_250m_-103.52273_32.21485?datetime=2024-01-01T00%3A00%3A00.000Z%2F2025-01-01T23%3A59%3A59.999Z&status=not_deleted,2023-11-05T18:48:03,2024-05-03T19:48:03,GAO20240503t184831p0000-A,67.21846484
523b68c4-9f28-44ee-8ec0-5fa9ffd0c329,218.4142309,333.9325,72935.61016001426,CH4_1B2_250m_-103.52339_32.05316?datetime=2024-01-01T00%3A00%3A00.000Z%2F2025-01-01T23%3A59%3A59.999Z&status=not_deleted,2024-05-03T18:48:03,2024-05-17T16:44:00,GAO20240517t154401p0000-H,92.96440887
9cbfaae5-d8c6-41ce-aa03-50b19d5842a4,91.22010405,4321.0,394162.06960005,CH4_1B2_250m_-103.52562_32.22008?datetime=2024-01-01T00%3A00%3A00.000Z%2F2025-01-01T23%3A59%3A59.999Z&status=not_deleted,2023-11-05T18:48:03,2024-05-03T19:48:03,GAO20240503t184831p0000-D,77.81246149
ae61f0f5-27d3-48c5-8cd0-fd766a02eb84,180.8523448,4652.9325,841493.752821126,CH4_1B2_250m_-103.52664_32.05166?datetime=2024-01-01T00%3A00%3A00.000Z%2F2025-01-01T23%3A59%3A59.999Z&status=not_deleted,2023-11-05T18:48:03,2024-05-17T15:44:00,GAO20240503t184831p0000-K,43.58596892
9187d0cc-d6b4-488e-b058-de5ce3919b21,2029.606974,1318.2833333333333,2675597.0470413,CH4_1B2_250m_-103.52851_32.21728?datetime=2024-01-01T00%3A00%3A00.000Z%2F2025-01-01T23%3A59%3A59.999Z&status=not_deleted,2024-05-03T18:48:03,2024-06-27T17:05:03,emi20240627t160532p11013-A,210.6730551
3937cd35-dc61-4210-a3b1-c8b95d534893,171.0181125,4321.0,738969.2641125,CH4_1B2_250m_-103.52913_32.22161?datetime=2024-01-01T00%3A00%3A00.000Z%2F2025-01-01T23%3A59%3A59.999Z&status=not_deleted,2023-11-05T18:48:03,2024-05-03T19:48:03,GAO20240503t184831p0000-L,58.22927337
885fbe15-e37d-4add-846b-2e682e6be7ad,115.5270541,4321.0,499192.4007661,CH4_1B2_250m_-103.52952_32.08578?datetime=2024-01-01T00%3A00%3A00.000Z%2F2025-01-01T23%3A59%3A59.999Z&status=not_deleted,2023-11-05T18:48:03,2024-05-03T19:48:03,GAO20240503t184831p0000-B,34.26977716
fc71bd23-5972-4e2e-aa94-6b040163248a,321.9157242,8878.983888888888,2858284.528751799,CH4_1B2_250m_-103.53327_32.05728?datetime=2024-01-01T00%3A00%3A00.000Z%2F2025-01-01T23%3A59%3A59.999Z&status=not_deleted,2023-11-05T18:48:03,2024-11-09T17:47:05,GAO20240503t184831p0000-C,85.08005074
612b78af-2ad3-4d31-aa34-8d2e179d363f,116.9350376,8546.051388888889,999332.8404912545,CH4_1B2_250m_-103.53327_32.05728?datetime=2024-01-01T00%3A00%3A00.000Z%2F2025-01-01T23%3A59%3A59.999Z&status=not_deleted,2023-11-19T15:44:00,2024-11-09T17:47:05,GAO20240517t154401p0000-I,59.55610458
92bd4a0e-8ce7-48cc-9b4d-d50b3db9d9c4,362.5915118,4320.300277777777,1566504.2091494042,CH4_1B2_250m_-103.53848_32.19900?datetime=2024-01-01T00%3A00%3A00.000Z%2F2025-01-01T23%3A59%3A59.999Z&status=not_deleted,2023-11-05T18:48:03,2024-05-03T19:06:04,GAO20240503t184831p0000-G,88.89535925
155bd7b1-a6ff-41c9-a025-ea1665ef0dfe,332.1041245,338.8836111111111,112544.64497545404,CH4_1B2_250m_-103.54911_32.24338?datetime=2024-01-01T00%3A00%3A00.000Z%2F2025-01-01T23%3A59%3A59.999Z&status=not_deleted,2024-04-30T15:54:01,2024-05-14T18:47:02,"GAO20240430t182313p0000-D, GAO20240514t174725p0000-J",96.30993351000001
8046f1c4-cafb-4af7-b56c-70d9cfffacdc,133.8742775,4657.883611111111,623570.8031165911,CH4_1B2_250m_-103.54998_32.10781?datetime=2024-01-01T00%3A00%3A00.000Z%2F2025-01-01T23%3A59%3A59.999Z&status=not_deleted,2023-11-02T15:54:01,2024-05-14T17:47:02,GAO20240430t155418p0000-G,25.20330527
cdb4e4bf-6427-4bf5-9831-786eaa66761f,158.9073669,4655.400277777778,739777.4000071953,CH4_1B2_250m_-103.54998_32.10781?datetime=2024-01-01T00%3A00%3A00.000Z%2F2025-01-01T23%3A59%3A59.999Z&status=not_deleted,2023-11-02T18:23:01,2024-05-14T17:47:02,GAO20240430t182313p0000-H,26.55305576
bcdc6ce7-c279-43de-a106-6ccfc814f0f7,111.2050837,4582.682777777778,509617.6218733263,CH4_1B2_250m_-103.54998_32.10781?datetime=2024-01-01T00%3A00%3A00.000Z%2F2025-01-01T23%3A59%3A59.999Z&status=not_deleted,2023-11-05T19:06:04,2024-05-14T17:47:02,GAO20240503t190640p0001-A,28.21317948
2d61619e-6845-4133-84fb-df0dac86a830,274.6672778,4322.400277777778,1187221.9178591862,CH4_1B2_250m_-103.54998_32.10781?datetime=2024-01-01T00%3A00%3A00.000Z%2F2025-01-01T23%3A59%3A59.999Z&status=not_deleted,2023-11-16T15:23:01,2024-05-14T17:47:02,GAO20240514t152310p0000-E,91.63465542
ec4e2cf6-5328-4351-acf8-658327ae3c33,116.839664,4322.483333333334,505037.5003122667,CH4_1B2_250m_-103.55018_32.12529?datetime=2024-01-01T00%3A00%3A00.000Z%2F2025-01-01T23%3A59%3A59.999Z&status=not_deleted,2023-11-02T15:54:01,2024-04-30T18:23:01,GAO20240430t155418p0000-F,37.07023737
c22d7c07-b2f6-4e9c-b8b8-8a5f87956401,54.49622563,75.20083333333334,4098.161580897358,CH4_1B2_250m_-103.55040_32.06519?datetime=2024-01-01T00%3A00%3A00.000Z%2F2025-01-01T23%3A59%3A59.999Z&status=not_deleted,2024-04-30T15:54:01,2024-05-03T19:06:04,GAO20240430t182313p0000-K,12.262114
23846508-d13d-49b3-9ff9-b144340d14c9,106.1415362,72.34972222222223,7679.310660309945,CH4_1B2_250m_-103.55040_32.06519?datetime=2024-01-01T00%3A00%3A00.000Z%2F2025-01-01T23%3A59%3A59.999Z&status=not_deleted,2024-05-14T15:23:01,2024-05-17T15:44:00,GAO20240514t174725p0000-D,29.47659198
f1e629e8-4d8c-4485-a6f0-50387c7623b8,910.4103734,4321.0,3933883.2234614003,CH4_1B2_250m_-103.55291_32.44341?datetime=2024-01-01T00%3A00%3A00.000Z%2F2025-01-01T23%3A59%3A59.999Z&status=not_deleted,2023-11-05T19:06:04,2024-05-03T20:06:04,GAO20240503t190640p0000-B,217.9330726
e39a5562-e2c5-436c-afe9-4bbfdd7b714e,205.1071447,75.20083333333334,15424.228204060582,CH4_1B2_250m_-103.55742_32.06523?datetime=2024-01-01T00%3A00%3A00.000Z%2F2025-01-01T23%3A59%3A59.999Z&status=not_deleted,2024-04-30T15:54:01,2024-05-03T19:06:04,GAO20240430t182313p0000-J,54.97538434
99ffb6fd-0854-4c6f-a852-3562281c373d,151.6981288,264.38305555555553,40106.41481420422,CH4_1B2_250m_-103.55742_32.06523?datetime=2024-01-01T00%3A00%3A00.000Z%2F2025-01-01T23%3A59%3A59.999Z&status=not_deleted,2024-05-06T15:21:01,2024-05-17T15:44:00,"GAO20240514t152310p0000-G, GAO20240514t174725p0000-C",35.34979753
b7841180-31ff-4fa8-b8de-09c8eda53079,1550.55042,6186.099722222222,9591859.52245355,CH4_1B2_250m_-103.55818_32.19830?datetime=2024-01-01T00%3A00%3A00.000Z%2F2025-01-01T23%3A59%3A59.999Z&status=not_deleted,2023-08-16T21:48:02,2024-04-30T15:54:01,emi20240212t214820p14023-H,172.0055654
ff2950a5-c5b6-4dcb-b512-a8777b374e7b,124.76109914,4658.883611111111,581247.4400875545,CH4_1B2_250m_-103.55860_32.30117?datetime=2024-01-01T00%3A00%3A00.000Z%2F2025-01-01T23%3A59%3A59.999Z&status=not_deleted,2023-11-02T15:54:01,2024-05-14T18:47:02,"GAO20240430t155418p0000-K, GAO20240503t190640p0000-A, GAO20240514t174725p0000-K",58.9693728425
d22103c4-f6a5-4f73-b7d8-1349900f221a,247.2163682625,4658.883611111111,1151752.2864965703,CH4_1B2_250m_-103.55960_32.15167?datetime=2024-01-01T00%3A00%3A00.000Z%2F2025-01-01T23%3A59%3A59.999Z&status=not_deleted,2023-11-02T15:54:01,2024-05-14T18:47:02,"GAO20240430t155418p0000-E, GAO20240503t190640p0000-F, GAO20240514t152310p0000-N, GAO20240514t174725p0000-G",27.556531047
5d89b83f-bc64-4ed8-ab58-e85d1ffe620e,252.59151194999998,195.4336111111111,49364.87131640387,CH4_1B2_250m_-103.56018_32.22450?datetime=2024-01-01T00%3A00%3A00.000Z%2F2025-01-01T23%3A59%3A59.999Z&status=not_deleted,2024-05-06T15:21:01,2024-05-14T18:47:02,"GAO20240514t152310p0000-O, GAO20240514t174725p0000-F",28.678440300000002
a27e9341-fa57-4455-91ef-39cbc668789d,125.03359068500001,4658.883611111111,582516.9464807215,CH4_1B2_250m_-103.56127_32.16636?datetime=2024-01-01T00%3A00%3A00.000Z%2F2025-01-01T23%3A59%3A59.999Z&status=not_deleted,2023-11-02T15:54:01,2024-05-14T18:47:02,"GAO20240430t155418p0000-D, GAO20240514t152310p0000-D, GAO20240514t174725p0000-H",12.113614960499998
f88e661e-808d-4164-b46d-36f16ef9567e,85.98269972,4460.966666666666,383565.9573609293,CH4_1B2_250m_-103.56127_32.16636?datetime=2024-01-01T00%3A00%3A00.000Z%2F2025-01-01T23%3A59%3A59.999Z&status=not_deleted,2023-11-02T18:23:01,2024-05-06T15:21:01,GAO20240430t182313p0000-F,35.90322289
56e5b402-9fe9-4e5a-9649-89800576f917,147.980438,4388.2491666666665,649375.0337364683,CH4_1B2_250m_-103.56127_32.16636?datetime=2024-01-01T00%3A00%3A00.000Z%2F2025-01-01T23%3A59%3A59.999Z&status=not_deleted,2023-11-05T19:06:04,2024-05-06T15:21:01,GAO20240503t190640p0000-G,37.98200724
65c8f0fd-311a-4469-a016-b739c8e4dbbb,178.9697459,4727.833055555556,846139.0806103983,CH4_1B2_250m_-103.56200_32.06519?datetime=2024-01-01T00%3A00%3A00.000Z%2F2025-01-01T23%3A59%3A59.999Z&status=not_deleted,2023-11-02T15:54:01,2024-05-17T15:44:00,GAO20240430t155418p0000-H,69.63879731
2ee72517-122c-4e80-af20-6a4cd2c7ab1c,123.5686929,4725.349722222222,583905.288670378,CH4_1B2_250m_-103.56200_32.06519?datetime=2024-01-01T00%3A00%3A00.000Z%2F2025-01-01T23%3A59%3A59.999Z&status=not_deleted,2023-11-02T18:23:01,2024-05-17T15:44:00,GAO20240430t182313p0000-G,77.92895655
1ee5edc5-af06-45f6-ab85-4a06325e6552,76.95040941,4652.6322222222225,358021.95433415816,CH4_1B2_250m_-103.56200_32.06519?datetime=2024-01-01T00%3A00%3A00.000Z%2F2025-01-01T23%3A59%3A59.999Z&status=not_deleted,2023-11-05T19:06:04,2024-05-17T15:44:00,GAO20240503t190640p0001-C,20.87125557
1544eeef-b63a-49f7-9d49-0a7b53ea4f96,286.2381852,4392.349722222222,1257258.2132526129,CH4_1B2_250m_-103.56200_32.06519?datetime=2024-01-01T00%3A00%3A00.000Z%2F2025-01-01T23%3A59%3A59.999Z&status=not_deleted,2023-11-16T15:23:01,2024-05-17T15:44:00,GAO20240514t152310p0000-F,136.6228099
13ad8b86-601b-4b19-8efe-e97292aea2d0,134.6760178,4389.949444444444,591220.9095211001,CH4_1B2_250m_-103.56200_32.06519?datetime=2024-01-01T00%3A00%3A00.000Z%2F2025-01-01T23%3A59%3A59.999Z&status=not_deleted,2023-11-16T17:47:02,2024-05-17T15:44:00,GAO20240514t174725p0000-B,30.20376509
26e1d303-3d6b-47f7-9725-cd0cac03252c,2316.542984,6192.217777777778,14344538.648511184,CH4_1B2_250m_-103.56217_31.41173?datetime=2024-01-01T00%3A00%3A00.000Z%2F2025-01-01T23%3A59%3A59.999Z&status=not_deleted,2024-02-25T17:34:01,2024-11-09T17:47:05,emi20240823t173410p11025-D,658.3028919
e24608ea-3bf9-4a2b-8707-997897eefb7d,176.5039521,140.96666666666667,24881.17378103,CH4_1B2_250m_-103.56314_32.19910?datetime=2024-01-01T00%3A00%3A00.000Z%2F2025-01-01T23%3A59%3A59.999Z&status=not_deleted,2024-04-30T18:23:01,2024-05-06T15:21:01,GAO20240503t190640p0000-C,65.82992684
f3218af4-4f21-4cf1-8b3c-eb6eb911e067,593.782009,260.2825,154551.06575754253,CH4_1B2_250m_-103.56375_32.15281?datetime=2024-01-01T00%3A00%3A00.000Z%2F2025-01-01T23%3A59%3A59.999Z&status=not_deleted,2024-05-03T19:06:04,2024-05-14T15:23:01,GAO20240506t152119p0000-G,200.7308747
e22d42fe-9ddb-4ec8-808e-7f34f7f90cf2,227.9980004,4463.45,1017657.67488538,CH4_1B2_250m_-103.56686_32.01843?datetime=2024-01-01T00%3A00%3A00.000Z%2F2025-01-01T23%3A59%3A59.999Z&status=not_deleted,2023-11-02T15:54:01,2024-05-06T15:21:01,GAO20240430t155418p0000-C,52.71693853
51441fbb-c460-4b7a-abf9-9543ff8c2867,101.6005478,4460.966666666666,453236.65705087327,CH4_1B2_250m_-103.56686_32.01843?datetime=2024-01-01T00%3A00%3A00.000Z%2F2025-01-01T23%3A59%3A59.999Z&status=not_deleted,2023-11-02T18:23:01,2024-05-06T15:21:01,GAO20240430t182313p0000-B,16.27639166
6669f742-2317-44b5-9990-d9d90e986d2b,43.53144339,4727.833055555556,205809.3970152874,CH4_1B2_250m_-103.56767_32.06529?datetime=2024-01-01T00%3A00%3A00.000Z%2F2025-01-01T23%3A59%3A59.999Z&status=not_deleted,2023-11-02T15:54:01,2024-05-17T15:44:00,"GAO20240430t155418p0000-L, GAO20240514t152310p0000-K",10.8391140315
77a28636-6610-4be6-b8d8-763948e18be4,73.63469458,4725.349722222222,347949.6835795212,CH4_1B2_250m_-103.56767_32.06529?datetime=2024-01-01T00%3A00%3A00.000Z%2F2025-01-01T23%3A59%3A59.999Z&status=not_deleted,2023-11-02T18:23:01,2024-05-17T15:44:00,"GAO20240430t182313p0000-I, GAO20240514t174725p0000-L",34.843226349999995
bbcf0d03-954c-4e84-ab59-e085f9b4f516,426.0174996,333.0,141863.8273668,CH4_1B2_250m_-103.56807_32.19631?datetime=2024-01-01T00%3A00%3A00.000Z%2F2025-01-01T23%3A59%3A59.999Z&status=not_deleted,2024-04-30T18:23:01,2024-05-14T15:23:01,GAO20240506t152119p0000-F,113.619607
3cb4e287-42db-4b34-a15e-654d8bbbfedb,167.1841274078125,4659.0175,778913.775315228,CH4_1B2_250m_-103.56992_32.20465?datetime=2024-01-01T00%3A00%3A00.000Z%2F2025-01-01T23%3A59%3A59.999Z&status=not_deleted,2023-11-02T15:54:01,2024-05-14T18:55:04,"GAO20240430t155418p0000-A, GAO20240430t182313p0000-C, GAO20240506t152119p0000-E, GAO20240514t152310p0000-C, GAO20240514t153110p0000-J, GAO20240514t174725p0000-E, GAO20240514t175545p0000-E",42.94836693640626
79589bb8-3a41-4502-b3ec-f1501b8ced63,123.3283066,1.3008333333333333,160.42957216883335,CH4_1B2_250m_-103.57040_32.02799?datetime=2024-01-01T00%3A00%3A00.000Z%2F2025-01-01T23%3A59%3A59.999Z&status=not_deleted,2024-05-17T15:09:01,2024-05-17T16:27:04,GAO20240517t152741p0000-S,26.36650935
3667ff57-770b-48d3-86cc-8f085d818c81,267.00294279999997,4727.833055555556,1262345.3389004492,CH4_1B2_250m_-103.57322_32.03722?datetime=2024-01-01T00%3A00%3A00.000Z%2F2025-01-01T23%3A59%3A59.999Z&status=not_deleted,2023-11-02T15:54:01,2024-05-17T15:44:00,"GAO20240430t155418p0000-B, GAO20240430t182313p0000-A",60.810656034999994
d273ea3a-1740-45ed-bf9a-54fc9539d4de,215.199662321875,407.68333333333334,87733.31566758973,CH4_1B2_250m_-103.57322_32.03722?datetime=2024-01-01T00%3A00%3A00.000Z%2F2025-01-01T23%3A59%3A59.999Z&status=not_deleted,2024-04-30T16:03:00,2024-05-17T15:44:00,"GAO20240430t183128p0000-H, GAO20240514t152310p0000-H, GAO20240514t153110p0000-M, GAO20240514t174725p0000-A, GAO20240514t175545p0000-A, GAO20240517t152741p0000-G",54.14161190875001
f77761d8-0587-4e90-9721-e545529e0c65,129.1734271,1.3008333333333333,168.03309975258333,CH4_1B2_250m_-103.57364_32.02006?datetime=2024-01-01T00%3A00%3A00.000Z%2F2025-01-01T23%3A59%3A59.999Z&status=not_deleted,2024-05-17T15:09:01,2024-05-17T16:27:04,GAO20240517t152741p0000-T,49.69183006
4e8c9749-b86c-4cb7-81b1-9c765bad4b4b,217.86451485,143.30027777777778,31220.04549592579,CH4_1B2_250m_-103.57469_32.19652?datetime=2024-01-01T00%3A00%3A00.000Z%2F2025-01-01T23%3A59%3A59.999Z&status=not_deleted,2024-04-30T16:03:00,2024-05-06T15:21:01,"GAO20240430t182313p0000-E, GAO20240430t183128p0000-F",78.15186177
1b762f23-96e0-467e-81f2-9f0af341a6f8,197.04465754,337.7338888888889,66548.65847576353,CH4_1B2_250m_-103.57571_32.22448?datetime=2024-01-01T00%3A00%3A00.000Z%2F2025-01-01T23%3A59%3A59.999Z&status=not_deleted,2024-04-30T16:03:00,2024-05-14T17:47:02,"GAO20240430t182313p0000-M, GAO20240506t152119p0000-L",36.917746140000006
fbf9fc26-605e-4c3b-9570-42c439e3dae6,354.8219572,335.26666666666665,118959.97485058666,CH4_1B2_250m_-103.57571_32.22448?datetime=2024-01-01T00%3A00%3A00.000Z%2F2025-01-01T23%3A59%3A59.999Z&status=not_deleted,2024-04-30T18:31:02,2024-05-14T17:47:02,GAO20240514t153110p0000-C,111.208267
d9a1d750-43b0-4e8e-bd8d-3b8511e6b592,528.2478494,4321.0,2282558.9572574,CH4_1B2_250m_-103.57617_32.41589?datetime=2024-01-01T00%3A00%3A00.000Z%2F2025-01-01T23%3A59%3A59.999Z&status=not_deleted,2023-11-08T15:21:01,2024-05-06T16:21:01,GAO20240506t152119p0000-B,196.2467144
272ee573-0b22-47dd-bf5a-2c08119483f5,119.2044326,69.36638888888889,8268.781029010945,CH4_1B2_250m_-103.57628_32.00560?datetime=2024-01-01T00%3A00%3A00.000Z%2F2025-01-01T23%3A59%3A59.999Z&status=not_deleted,2024-05-14T17:47:02,2024-05-17T15:09:01,GAO20240514t175545p0000-H,44.79195537
1eceae81-7027-45bc-8d84-f8b7d5cf7b2b,180.0575922,140.96666666666667,25382.11858046,CH4_1B2_250m_-103.57786_32.23980?datetime=2024-01-01T00%3A00%3A00.000Z%2F2025-01-01T23%3A59%3A59.999Z&status=not_deleted,2024-04-30T18:23:01,2024-05-06T15:21:01,GAO20240430t183128p0000-K,67.50795309
2f44b1f5-6fd9-4359-84e0-8ede644b4639,184.7335438,143.30027777777778,26472.36814141328,CH4_1B2_250m_-103.58087_32.28479?datetime=2024-01-01T00%3A00%3A00.000Z%2F2025-01-01T23%3A59%3A59.999Z&status=not_deleted,2024-04-30T16:03:00,2024-05-06T15:21:01,GAO20240430t183128p0000-J,62.65078403
94a481e2-fce8-438f-b587-c7fefb7936da,250.88975048125002,4658.8677777777775,1168862.1742918023,CH4_1B2_250m_-103.58347_32.20410?datetime=2024-01-01T00%3A00%3A00.000Z%2F2025-01-01T23%3A59%3A59.999Z&status=not_deleted,2023-11-02T16:03:00,2024-05-14T18:55:04,"GAO20240430t160308p0000-C, GAO20240430t183128p0000-E, GAO20240506t152119p0000-D, GAO20240506t153954p0001-G, GAO20240514t153110p0000-I, GAO20240514t175545p0000-C",59.801563550625
38393c90-877f-4723-865b-69f5f778d2ab,182.4950657,3.4008333333333334,620.6353026014167,CH4_1B2_250m_-103.58544_32.22596?datetime=2024-01-01T00%3A00%3A00.000Z%2F2025-01-01T23%3A59%3A59.999Z&status=not_deleted,2024-05-14T15:31:01,2024-05-14T18:55:04,GAO20240514t175545p0000-F,44.64870541
5b2de154-8730-4ed9-84c2-db220712bb1e,836.41982,141.13416666666666,118047.41427918331,CH4_1B2_250m_-103.58747_32.11524?datetime=2024-01-01T00%3A00%3A00.000Z%2F2025-01-01T23%3A59%3A59.999Z&status=not_deleted,2024-04-30T18:31:02,2024-05-06T15:39:05,GAO20240506t152119p0000-A,133.2119556
83f607a0-e5f1-4ebe-b35a-1c2a97acf301,250.1399445,4321.0,1080854.7001845,CH4_1B2_250m_-103.59381_32.48760?datetime=2024-01-01T00%3A00%3A00.000Z%2F2025-01-01T23%3A59%3A59.999Z&status=not_deleted,2023-11-08T15:39:05,2024-05-06T16:39:05,GAO20240506t153954p0000-B,53.14158033
e6bcb727-2a42-4660-82ce-7e519906ad9d,548.9648573,9553.834166666667,5244719.209972031,CH4_1B2_250m_-103.59491_32.21343?datetime=2024-01-01T00%3A00%3A00.000Z%2F2025-01-01T23%3A59%3A59.999Z&status=not_deleted,2023-11-02T16:03:00,2024-12-04T17:53:03,GAO20240430t160308p0000-B,83.40203445
606a5d92-a2a7-4f7c-a989-1d5cef0d39ca,854.2657469,9553.683888888889,8161384.902988163,CH4_1B2_250m_-103.59491_32.21343?datetime=2024-01-01T00%3A00%3A00.000Z%2F2025-01-01T23%3A59%3A59.999Z&status=not_deleted,2023-11-02T16:12:01,2024-12-04T17:53:03,GAO20240430t161218p0000-B,355.8405012
7c262a5b-0c28-404b-84b1-253fd7e9315c,324.8179551,9551.366944444444,3102455.4793041795,CH4_1B2_250m_-103.59491_32.21343?datetime=2024-01-01T00%3A00%3A00.000Z%2F2025-01-01T23%3A59%3A59.999Z&status=not_deleted,2023-11-02T18:31:02,2024-12-04T17:53:03,"GAO20240430t183128p0000-C, GAO20240430t183128p0000-D",67.295469725
66910a32-f380-4fb9-8cf5-e07a9971f8c8,721.3851325,9551.200833333334,6890094.278688278,CH4_1B2_250m_-103.59491_32.21343?datetime=2024-01-01T00%3A00%3A00.000Z%2F2025-01-01T23%3A59%3A59.999Z&status=not_deleted,2023-11-02T18:41:00,2024-12-04T17:53:03,"GAO20240430t184103p0000-D, GAO20240430t184103p0000-E",191.01785995
f1f62f12-8d60-4ed3-88b8-61a8c3759369,657.6512438,9410.232777777777,6188651.290753084,CH4_1B2_250m_-103.59491_32.21343?datetime=2024-01-01T00%3A00%3A00.000Z%2F2025-01-01T23%3A59%3A59.999Z&status=not_deleted,2023-11-08T15:39:05,2024-12-04T17:53:03,"GAO20240506t153954p0001-A, GAO20240506t153954p0001-H",162.69922985
01eed4c7-313a-43fc-a4ae-0a9bc1b642b2,381.79214575000003,9218.367222222223,3519500.20208369,CH4_1B2_250m_-103.59491_32.21343?datetime=2024-01-01T00%3A00%3A00.000Z%2F2025-01-01T23%3A59%3A59.999Z&status=not_deleted,2023-11-16T15:31:01,2024-12-04T17:53:03,"GAO20240514t153110p0000-H, GAO20240514t153110p0000-F",78.68426187
cbbb556f-ed44-4414-be74-f4fae5ebdaad,456.3295658,9218.233055555556,4206552.287684875,CH4_1B2_250m_-103.59491_32.21343?datetime=2024-01-01T00%3A00%3A00.000Z%2F2025-01-01T23%3A59%3A59.999Z&status=not_deleted,2023-11-16T15:39:04,2024-12-04T17:53:03,GAO20240514t153940p0000-E,105.281045
37f045ce-8e61-4807-97f2-138ebd47cdba,236.26826815,9215.966388888888,2177440.418031387,CH4_1B2_250m_-103.59491_32.21343?datetime=2024-01-01T00%3A00%3A00.000Z%2F2025-01-01T23%3A59%3A59.999Z&status=not_deleted,2023-11-16T17:55:04,2024-12-04T17:53:03,"GAO20240514t175545p0000-D, GAO20240514t175545p0000-G",77.45941324
7b7d8a58-f24c-4225-b7cd-ea38b9a57b38,299.639911455,9215.816944444445,2761426.573218822,CH4_1B2_250m_-103.59491_32.21343?datetime=2024-01-01T00%3A00%3A00.000Z%2F2025-01-01T23%3A59%3A59.999Z&status=not_deleted,2023-11-16T18:04:02,2024-12-04T17:53:03,"GAO20240514t180425p0000-B, GAO20240514t180425p0000-K, GAO20240514t180425p0000-L",59.190600895
7b5ba891-21e2-43de-9aa7-d5d453f7ac34,276.3306719,4727.683333333333,1306403.912030432,CH4_1B2_250m_-103.59513_32.06508?datetime=2024-01-01T00%3A00%3A00.000Z%2F2025-01-01T23%3A59%3A59.999Z&status=not_deleted,2023-11-02T16:03:00,2024-05-17T15:44:00,GAO20240430t160308p0000-D,37.51741848
779847f7-8c73-4933-8a8e-1f4dc8d8d8a9,374.2636822,4727.533055555556,1769343.9290944394,CH4_1B2_250m_-103.59513_32.06508?datetime=2024-01-01T00%3A00%3A00.000Z%2F2025-01-01T23%3A59%3A59.999Z&status=not_deleted,2023-11-02T16:12:01,2024-05-17T15:44:00,GAO20240430t161218p0000-J,147.9471719
8d36764c-d93d-4116-8704-f834ac93a8e8,186.736925,4725.216111111111,882372.3265493473,CH4_1B2_250m_-103.59513_32.06508?datetime=2024-01-01T00%3A00%3A00.000Z%2F2025-01-01T23%3A59%3A59.999Z&status=not_deleted,2023-11-02T18:31:02,2024-05-17T15:44:00,GAO20240430t183128p0000-G,106.0157694
e1f4ba62-935e-4f68-83ce-69cea88e4849,307.8521131,4725.05,1454616.627003155,CH4_1B2_250m_-103.59513_32.06508?datetime=2024-01-01T00%3A00%3A00.000Z%2F2025-01-01T23%3A59%3A59.999Z&status=not_deleted,2023-11-02T18:41:00,2024-05-17T15:44:00,GAO20240430t184103p0000-I,86.66676296
4c4712d6-7ffb-433c-a817-d47ea17de804,671.7043551,4584.081944444444,3079147.8062186097,CH4_1B2_250m_-103.59513_32.06508?datetime=2024-01-01T00%3A00%3A00.000Z%2F2025-01-01T23%3A59%3A59.999Z&status=not_deleted,2023-11-08T15:39:05,2024-05-17T15:44:00,GAO20240506t153954p0001-E,282.5724386
64c238b9-feb4-4f7c-9b83-b770da813609,455.8636482,4392.216388888889,2002251.786722719,CH4_1B2_250m_-103.59513_32.06508?datetime=2024-01-01T00%3A00%3A00.000Z%2F2025-01-01T23%3A59%3A59.999Z&status=not_deleted,2023-11-16T15:31:01,2024-05-17T15:44:00,GAO20240514t153110p0000-L,165.4619263
6a17d7ea-15d8-49e8-9876-ce40a8fceb8d,331.0057419,4392.082222222222,1453804.4344524674,CH4_1B2_250m_-103.59513_32.06508?datetime=2024-01-01T00%3A00%3A00.000Z%2F2025-01-01T23%3A59%3A59.999Z&status=not_deleted,2023-11-16T15:39:04,2024-05-17T15:44:00,GAO20240514t153940p0000-I,121.2749449
1d2c77c0-7b9f-4c65-a0b8-d2283ad540f2,246.9963061,4389.815555555556,1084268.2266825417,CH4_1B2_250m_-103.59513_32.06508?datetime=2024-01-01T00%3A00%3A00.000Z%2F2025-01-01T23%3A59%3A59.999Z&status=not_deleted,2023-11-16T17:55:04,2024-05-17T15:44:00,GAO20240514t175545p0000-B,124.6550061
165314c0-1a6a-4d19-a9e7-3d1b5d063ad2,303.1034906,4389.666111111111,1330523.120846305,CH4_1B2_250m_-103.59513_32.06508?datetime=2024-01-01T00%3A00%3A00.000Z%2F2025-01-01T23%3A59%3A59.999Z&status=not_deleted,2023-11-16T18:04:02,2024-05-17T15:44:00,GAO20240514t180425p0000-E,112.7153025
42121ae6-35a3-4a74-9816-162b60d8f134,289.9147701,4463.601388888889,1294063.970477763,CH4_1B2_250m_-103.59657_32.26726?datetime=2024-01-01T00%3A00%3A00.000Z%2F2025-01-01T23%3A59%3A59.999Z&status=not_deleted,2023-11-02T16:03:00,2024-05-06T15:39:05,GAO20240430t160308p0000-A,62.33202337
e9b53909-ba1d-4813-a17d-32a7413c4b15,161.8337621,4463.4511111111115,722337.0852605363,CH4_1B2_250m_-103.59657_32.26726?datetime=2024-01-01T00%3A00%3A00.000Z%2F2025-01-01T23%3A59%3A59.999Z&status=not_deleted,2023-11-02T16:12:01,2024-05-06T15:39:05,GAO20240430t161218p0000-A,56.18977948
906f2bed-8009-400e-8dc4-8d9c1b630f2e,405.4307812,4461.134166666667,1808681.1102296778,CH4_1B2_250m_-103.59657_32.26726?datetime=2024-01-01T00%3A00%3A00.000Z%2F2025-01-01T23%3A59%3A59.999Z&status=not_deleted,2023-11-02T18:31:02,2024-05-06T15:39:05,GAO20240430t183128p0000-A,117.1233955
5e49abe9-900e-4926-96b8-b2c5dfd8bf65,412.379881,4460.968055555555,1839613.4758948013,CH4_1B2_250m_-103.59657_32.26726?datetime=2024-01-01T00%3A00%3A00.000Z%2F2025-01-01T23%3A59%3A59.999Z&status=not_deleted,2023-11-02T18:41:00,2024-05-06T15:39:05,GAO20240430t184103p0000-C,107.4090133
af0700dc-9532-4d22-983d-e698bf1fd289,536.8650514,191.99972222222223,103077.94073961905,CH4_1B2_250m_-103.59846_32.27087?datetime=2024-01-01T00%3A00%3A00.000Z%2F2025-01-01T23%3A59%3A59.999Z&status=not_deleted,2024-05-06T15:39:05,2024-05-14T15:39:04,GAO20240514t153110p0000-A,149.5954437
6fe9d46f-1c2f-43e0-8ab6-1f87d477d8b3,321.8166677,143.6013888888889,46213.32044931403,CH4_1B2_250m_-103.60098_32.20786?datetime=2024-01-01T00%3A00%3A00.000Z%2F2025-01-01T23%3A59%3A59.999Z&status=not_deleted,2024-04-30T16:03:00,2024-05-06T15:39:05,GAO20240430t161218p0000-C,112.3694085
d72a1b2b-d8a9-4570-b9b1-587455dcfa34,2004.253492,6067.166666666667,12160139.978212668,CH4_1B2_250m_-103.60164_32.57673?datetime=2024-01-01T00%3A00%3A00.000Z%2F2025-01-01T23%3A59%3A59.999Z&status=not_deleted,2023-08-16T21:48:02,2024-04-25T16:58:02,emi20240212t214820p14023-I,228.2386128
40194e5e-63f3-46e3-a46d-dfa1d58b5ed2,178.4264471,4463.4511111111115,796397.7235601029,CH4_1B2_250m_-103.60988_32.22555?datetime=2024-01-01T00%3A00%3A00.000Z%2F2025-01-01T23%3A59%3A59.999Z&status=not_deleted,2023-11-02T16:12:01,2024-05-06T15:39:05,GAO20240430t161218p0000-N,11.94597992
44775505-0853-43b9-b38b-940cc91df95e,53.69416936,72.9486111111111,3916.9150795767773,CH4_1B2_250m_-103.61440_32.06245?datetime=2024-01-01T00%3A00%3A00.000Z%2F2025-01-01T23%3A59%3A59.999Z&status=not_deleted,2024-05-14T15:47:05,2024-05-17T16:44:00,"GAO20240514t180425p0000-F, GAO20240517t154401p0000-J",9.9717904725
a73fec20-4aab-45bc-863a-f7b6cb3431d5,228.7840194,191.73361111111112,43865.5862040765,CH4_1B2_250m_-103.61541_32.28230?datetime=2024-01-01T00%3A00%3A00.000Z%2F2025-01-01T23%3A59%3A59.999Z&status=not_deleted,2024-05-06T16:03:04,2024-05-14T15:47:05,GAO20240514t153940p0000-P,96.93434282
a26b3616-5a99-45cc-8a2b-cabdac42ea21,241.36459992671877,339.01666666666665,81826.62211848977,CH4_1B2_250m_-103.61584_32.17472?datetime=2024-01-01T00%3A00%3A00.000Z%2F2025-01-01T23%3A59%3A59.999Z&status=not_deleted,2024-04-30T16:12:01,2024-05-14T19:13:01,"GAO20240430t184103p0000-G, GAO20240430t184943p0000-F, GAO20240506t160349p0000-G, GAO20240514t153940p0000-G, GAO20240514t154756p0000-E, GAO20240514t180425p0000-C, GAO20240514t181317p0000-C",40.19249827984375
f3e3e4f4-79cb-46a2-a6eb-76e449814e38,258.2270375,2.4830555555555556,641.1920800590277,CH4_1B2_250m_-103.61637_32.03453?datetime=2024-01-01T00%3A00%3A00.000Z%2F2025-01-01T23%3A59%3A59.999Z&status=not_deleted,2024-04-30T16:12:01,2024-04-30T18:41:00,GAO20240430t162033p0000-A,74.80035273
f0f4d0c8-d4d6-4f79-aa34-1080356c1a7a,181.900320225,263.4,47912.54434726499,CH4_1B2_250m_-103.61637_32.03453?datetime=2024-01-01T00%3A00%3A00.000Z%2F2025-01-01T23%3A59%3A59.999Z&status=not_deleted,2024-05-06T16:03:04,2024-05-17T15:27:04,"GAO20240514t153940p0000-K, GAO20240514t154756p0000-O, GAO20240514t181317p0000-J",43.85133407
e07e10ce-8733-45fe-bd39-5eba8a601ca5,1114.451951,2.6175,2917.0779817425,CH4_1B2_250m_-103.61749_32.23862?datetime=2024-01-01T00%3A00%3A00.000Z%2F2025-01-01T23%3A59%3A59.999Z&status=not_deleted,2024-04-30T16:12:01,2024-04-30T18:49:04,GAO20240430t162033p0000-N,348.6107006
4cfbd0ba-c3c8-445b-b0e0-2bca38b20c81,147.68764983,194.16583333333332,28675.89560228347,CH4_1B2_250m_-103.61749_32.23862?datetime=2024-01-01T00%3A00%3A00.000Z%2F2025-01-01T23%3A59%3A59.999Z&status=not_deleted,2024-05-06T16:03:04,2024-05-14T18:13:01,"GAO20240514t153940p0000-N, GAO20240514t180425p0000-J",40.694223435
25e2a70a-fa9f-401e-822a-3923f39e685e,300.9679631,4320.133888888889,1300221.8968581706,CH4_1B2_250m_-103.61762_32.06325?datetime=2024-01-01T00%3A00%3A00.000Z%2F2025-01-01T23%3A59%3A59.999Z&status=not_deleted,2023-11-02T16:12:01,2024-04-30T16:20:03,GAO20240430t161218p0000-E,120.4797378
c6343f74-c7f3-4d3a-b20b-5c0704022111,40.1171675,141.36777777777777,5671.274820213889,CH4_1B2_250m_-103.61800_32.15645?datetime=2024-01-01T00%3A00%3A00.000Z%2F2025-01-01T23%3A59%3A59.999Z&status=not_deleted,2024-04-30T18:41:00,2024-05-06T16:03:04,GAO20240430t184943p0000-P,13.5014749
eca7ced3-8962-43dc-b2ef-c99ab0562a12,387.37759489999996,8665.449166666667,3356800.8569115424,CH4_1B2_250m_-103.62121_32.30838?datetime=2024-01-01T00%3A00%3A00.000Z%2F2025-01-01T23%3A59%3A59.999Z&status=not_deleted,2023-11-02T16:20:03,2024-10-28T17:47:00,"GAO20240430t162033p0000-P, GAO20240514t154756p0000-A",156.69240525
e1f40f76-5341-423d-abbc-1976d3ee6e02,685.8109065000001,8662.965555555556,5941156.260633833,CH4_1B2_250m_-103.62121_32.30838?datetime=2024-01-01T00%3A00%3A00.000Z%2F2025-01-01T23%3A59%3A59.999Z&status=not_deleted,2023-11-02T18:49:04,2024-10-28T17:47:00,"GAO20240430t184943p0000-B, GAO20240430t184943p0000-C, GAO20240514t180425p0000-A",233.47191635000001
75d9e661-2430-4d03-b727-979fbec357f6,881.8236754,8521.732222222223,7514665.22897461,CH4_1B2_250m_-103.62121_32.30838?datetime=2024-01-01T00%3A00%3A00.000Z%2F2025-01-01T23%3A59%3A59.999Z&status=not_deleted,2023-11-08T16:03:04,2024-10-28T17:47:00,"GAO20240506t160349p0000-C, GAO20240506t160349p0000-D, GAO20240514t181317p0000-A",224.001479225
615349a4-dcea-468d-ad0a-55f729867441,291.0358836,4010.132222222222,1167092.3746472758,CH4_1B2_250m_-103.62121_32.30838?datetime=2024-01-01T00%3A00%3A00.000Z%2F2025-01-01T23%3A59%3A59.999Z&status=not_deleted,2024-05-14T15:39:04,2024-10-28T17:47:00,GAO20240514t181317p0000-M,14.9684544
accc57e4-a1b1-4745-a0e4-c01ce4b6348c,423.5160939,4463.716944444444,1890455.9645863543,CH4_1B2_250m_-103.62144_32.35434?datetime=2024-01-01T00%3A00%3A00.000Z%2F2025-01-01T23%3A59%3A59.999Z&status=not_deleted,2023-11-02T16:20:03,2024-05-06T16:03:04,GAO20240430t162033p0000-Q,105.1187008
fe413306-98ab-4ef7-85c0-dfc6dbfdf585,292.3434082,4461.233333333334,1304212.1574421134,CH4_1B2_250m_-103.62144_32.35434?datetime=2024-01-01T00%3A00%3A00.000Z%2F2025-01-01T23%3A59%3A59.999Z&status=not_deleted,2023-11-02T18:49:04,2024-05-06T16:03:04,GAO20240430t184943p0000-A,60.64632692
d70075aa-4b22-4de4-b359-9588099d415a,1290.378908,332.8333333333333,429481.1132126666,CH4_1B2_250m_-103.62146_32.13253?datetime=2024-01-01T00%3A00%3A00.000Z%2F2025-01-01T23%3A59%3A59.999Z&status=not_deleted,2024-04-30T18:49:04,2024-05-14T15:39:04,GAO20240506t160349p0000-I,219.3626587
cc3e8b92-6c2b-4803-916b-828408a1a7db,58.07293792,2.4830555555555556,144.19833112968888,CH4_1B2_250m_-103.62248_32.12483?datetime=2024-01-01T00%3A00%3A00.000Z%2F2025-01-01T23%3A59%3A59.999Z&status=not_deleted,2024-04-30T16:12:01,2024-04-30T18:41:00,GAO20240430t162033p0000-F,49.76378575
f1675aee-2453-4fb4-a555-2da0a3021c74,206.4834914,2.4161111111111113,498.88705783255557,CH4_1B2_250m_-103.62248_32.12483?datetime=2024-01-01T00%3A00%3A00.000Z%2F2025-01-01T23%3A59%3A59.999Z&status=not_deleted,2024-05-14T15:39:04,2024-05-14T18:04:02,GAO20240514t154756p0000-I,74.21207242
3e0e6856-8724-4846-8b90-3453f8d29ea1,158.9086984,4727.399166666667,751224.8483922447,CH4_1B2_250m_-103.62652_32.03805?datetime=2024-01-01T00%3A00%3A00.000Z%2F2025-01-01T23%3A59%3A59.999Z&status=not_deleted,2023-11-02T16:20:03,2024-05-17T15:44:00,GAO20240430t162033p0000-B,87.06348271
b9256b5e-77aa-4de2-adf6-03462dd91f93,247.576432,4724.915555555555,1169777.7347457423,CH4_1B2_250m_-103.62652_32.03805?datetime=2024-01-01T00%3A00%3A00.000Z%2F2025-01-01T23%3A59%3A59.999Z&status=not_deleted,2023-11-02T18:49:04,2024-05-17T15:44:00,GAO20240430t184943p0000-M,128.909811
13806b24-3c0d-4e39-9082-fb97e6c76fd9,184.8138745,4391.948611111111,811693.0394243381,CH4_1B2_250m_-103.62652_32.03805?datetime=2024-01-01T00%3A00%3A00.000Z%2F2025-01-01T23%3A59%3A59.999Z&status=not_deleted,2023-11-16T15:47:05,2024-05-17T15:44:00,GAO20240514t154756p0000-N,100.6831825
5b93c044-2917-4f0b-84af-38f0d3b7984e,245.5189737,4389.516388888889,1077709.5588393302,CH4_1B2_250m_-103.62652_32.03805?datetime=2024-01-01T00%3A00%3A00.000Z%2F2025-01-01T23%3A59%3A59.999Z&status=not_deleted,2023-11-16T18:13:01,2024-05-17T15:44:00,GAO20240514t181317p0000-I,178.6659257
7838a48e-6dcc-48a8-8060-398006f2c467,60.0519238,4320.282222222222,259441.25880338353,CH4_1B2_250m_-103.62652_32.03805?datetime=2024-01-01T00%3A00%3A00.000Z%2F2025-01-01T23%3A59%3A59.999Z&status=not_deleted,2023-11-19T15:27:04,2024-05-17T15:44:00,GAO20240517t152741p0000-H,34.28408248
7825095e-695a-40b7-beed-1b30b2917e31,145.6776372,4463.716944444444,650263.7375962703,CH4_1B2_250m_-103.62663_32.20033?datetime=2024-01-01T00%3A00%3A00.000Z%2F2025-01-01T23%3A59%3A59.999Z&status=not_deleted,2023-11-02T16:20:03,2024-05-06T16:03:04,GAO20240430t162033p0000-L,71.04175496
b89861a5-948b-4ed0-b8df-e312272e4d2b,151.922443,4461.233333333334,677761.4667930333,CH4_1B2_250m_-103.62663_32.20033?datetime=2024-01-01T00%3A00%3A00.000Z%2F2025-01-01T23%3A59%3A59.999Z&status=not_deleted,2023-11-02T18:49:04,2024-05-06T16:03:04,GAO20240430t184943p0000-E,30.83878201
8f5eaa8a-4d66-41e6-ba2d-da73fe05b14b,254.6030214,4658.882777777778,1186165.631570647,CH4_1B2_250m_-103.62806_32.11299?datetime=2024-01-01T00%3A00%3A00.000Z%2F2025-01-01T23%3A59%3A59.999Z&status=not_deleted,2023-11-02T16:20:03,2024-05-14T19:13:01,"GAO20240430t162033p0000-E, GAO20240506t162119p0001-F, GAO20240514t154756p0000-J, GAO20240514t181317p0000-O",112.13939724
7efc09b9-69d7-424e-8d7a-632345fe0e89,354.6568043,4321.0,1532472.0513803,CH4_1B2_250m_-103.63747_32.76290?datetime=2024-01-01T00%3A00%3A00.000Z%2F2025-01-01T23%3A59%3A59.999Z&status=not_deleted,2023-11-08T16:21:01,2024-05-06T17:21:01,GAO20240506t162119p0000-G,40.05419588
e34c9251-480b-48fa-804a-a6ad51f3bf54,391.5672352,4320.149722222222,1691629.0823806038,CH4_1B2_250m_-103.63792_32.14783?datetime=2024-01-01T00%3A00%3A00.000Z%2F2025-01-01T23%3A59%3A59.999Z&status=not_deleted,2023-11-02T16:20:03,2024-04-30T16:29:02,GAO20240430t162033p0000-H,44.7859591
147eb09e-c15c-42d8-873e-3f8fe2bf0bae,235.66764398499998,193.86666666666667,45688.10058055867,CH4_1B2_250m_-103.63792_32.14783?datetime=2024-01-01T00%3A00%3A00.000Z%2F2025-01-01T23%3A59%3A59.999Z&status=not_deleted,2024-05-06T16:21:01,2024-05-14T18:13:01,"GAO20240514t154756p0000-H, GAO20240514t155616p0000-M",57.977679785
cfd5114a-3942-46e8-803e-949ad57e2a8c,386.3827028,332.8013888888889,128588.70013448277,CH4_1B2_250m_-103.63842_32.06395?datetime=2024-01-01T00%3A00%3A00.000Z%2F2025-01-01T23%3A59%3A59.999Z&status=not_deleted,2024-04-30T18:59:00,2024-05-14T15:47:05,GAO20240506t162119p0001-C,227.0270727
811a1cc6-6852-4132-9881-14b6c4a50dbd,169.9541618644531,4659.017222222222,791819.3671148302,CH4_1B2_250m_-103.63886_32.15091?datetime=2024-01-01T00%3A00%3A00.000Z%2F2025-01-01T23%3A59%3A59.999Z&status=not_deleted,2023-11-02T16:20:03,2024-05-14T19:21:05,"GAO20240430t162033p0000-I, GAO20240430t162924p0000-T, GAO20240430t184943p0000-G, GAO20240430t185908p0000-B, GAO20240506t162119p0001-B, GAO20240514t154756p0000-G, GAO20240514t155616p0000-L, GAO20240514t181317p0000-E, GAO20240514t182155p0000-C",42.35478730198437
eea8849c-1bab-458c-816d-589db9ced2b6,141.0825919,4321.0,609617.8795999001,CH4_1B2_250m_-103.63886_32.15091?datetime=2024-01-01T00%3A00%3A00.000Z%2F2025-01-01T23%3A59%3A59.999Z&status=not_deleted,2023-11-02T18:49:04,2024-04-30T19:49:04,GAO20240430t184943p0000-H,35.62002304
3395995f-3955-4685-8758-64ff2b25fbb1,1562.937518,193.86666666666667,303001.4868229333,CH4_1B2_250m_-103.63888_32.20026?datetime=2024-01-01T00%3A00%3A00.000Z%2F2025-01-01T23%3A59%3A59.999Z&status=not_deleted,2024-05-06T16:21:01,2024-05-14T18:13:01,GAO20240514t154756p0000-C,315.7634347
df463bc3-6941-4732-b266-6f0d8e8c4a29,378.1549921,2.483611111111111,939.1899401016946,CH4_1B2_250m_-103.64240_32.19638?datetime=2024-01-01T00%3A00%3A00.000Z%2F2025-01-01T23%3A59%3A59.999Z&status=not_deleted,2024-04-30T16:20:03,2024-04-30T18:49:04,GAO20240430t162924p0000-O,149.5769835
c80c7b49-bcec-44de-a556-a8f45bf59097,99.8663222771875,407.39916666666664,40685.45647379096,CH4_1B2_250m_-103.64408_32.06491?datetime=2024-01-01T00%3A00%3A00.000Z%2F2025-01-01T23%3A59%3A59.999Z&status=not_deleted,2024-04-30T16:20:03,2024-05-17T15:44:00,"GAO20240430t162924p0000-U, GAO20240430t184943p0000-Q, GAO20240430t185908p0000-G, GAO20240506t162119p0001-P, GAO20240514t155616p0000-Q, GAO20240514t181317p0000-L, GAO20240514t182155p0000-G",28.5899756421875
45f950ce-1b2f-4585-97e5-b8e4a951f2a5,156.3281318,4463.866388888889,697827.8931798122,CH4_1B2_250m_-103.64620_32.03650?datetime=2024-01-01T00%3A00%3A00.000Z%2F2025-01-01T23%3A59%3A59.999Z&status=not_deleted,2023-11-02T16:29:02,2024-05-06T16:21:01,GAO20240430t162924p0000-B,26.24110122
56808a29-bc9f-4ebe-816c-80e35bd3fa41,102.3144578,4461.366944444444,456462.33996767603,CH4_1B2_250m_-103.64620_32.03650?datetime=2024-01-01T00%3A00%3A00.000Z%2F2025-01-01T23%3A59%3A59.999Z&status=not_deleted,2023-11-02T18:59:00,2024-05-06T16:21:01,GAO20240430t185908p0000-F,49.6113733
d0b14d16-d4c3-4365-8aaf-d9584cfa350b,275.75220865,262.71722222222223,72444.85427817063,CH4_1B2_250m_-103.64620_32.03650?datetime=2024-01-01T00%3A00%3A00.000Z%2F2025-01-01T23%3A59%3A59.999Z&status=not_deleted,2024-05-06T16:44:02,2024-05-17T15:27:04,"GAO20240514t155616p0000-S, GAO20240514t182155p0000-I",60.6473612
f074a8ff-84aa-445d-b423-8cc5f6ee20c0,276.0240595,335.36805555555554,92569.65212106597,CH4_1B2_250m_-103.64717_32.16911?datetime=2024-01-01T00%3A00%3A00.000Z%2F2025-01-01T23%3A59%3A59.999Z&status=not_deleted,2024-04-30T18:59:00,2024-05-14T18:21:05,"GAO20240506t162119p0001-A, GAO20240514t155616p0000-I",113.92847875500001
87597ada-6dbb-4fed-8676-d405c29eabc6,163.5786754,4464.25,730256.1016544501,CH4_1B2_250m_-103.65309_32.17065?datetime=2024-01-01T00%3A00%3A00.000Z%2F2025-01-01T23%3A59%3A59.999Z&status=not_deleted,2023-11-02T16:29:02,2024-05-06T16:44:02,GAO20240430t162924p0000-R,51.57379073
02f5c57c-274a-461a-91ef-a25ac7001aae,228.5095911,4461.750555555555,1019552.7950401978,CH4_1B2_250m_-103.65309_32.17065?datetime=2024-01-01T00%3A00%3A00.000Z%2F2025-01-01T23%3A59%3A59.999Z&status=not_deleted,2023-11-02T18:59:00,2024-05-06T16:44:02,GAO20240430t185908p0000-A,120.7806745
cae739ae-4f73-4aab-b169-59c156067afa,170.2802963,3.417777777777778,581.9802126875555,CH4_1B2_250m_-103.65309_32.17065?datetime=2024-01-01T00%3A00%3A00.000Z%2F2025-01-01T23%3A59%3A59.999Z&status=not_deleted,2024-05-14T15:56:01,2024-05-14T19:21:05,GAO20240514t182155p0000-B,25.00750395
6e56aa59-815e-4509-8b23-cc76b9fad239,106.213254885,4658.8675,494833.48125294276,CH4_1B2_250m_-103.65492_31.99775?datetime=2024-01-01T00%3A00%3A00.000Z%2F2025-01-01T23%3A59%3A59.999Z&status=not_deleted,2023-11-02T16:29:02,2024-05-14T19:21:05,"GAO20240430t162924p0000-A, GAO20240430t185908p0000-I, GAO20240514t155616p0000-R, GAO20240514t182155p0000-H",28.772195978750002
93a1f22e-774d-4946-81da-e2af5311af39,340.9690345,191.33416666666668,65239.02607519543,CH4_1B2_250m_-103.65859_32.31316?datetime=2024-01-01T00%3A00%3A00.000Z%2F2025-01-01T23%3A59%3A59.999Z&status=not_deleted,2024-05-06T16:44:02,2024-05-14T16:04:05,GAO20240514t155616p0000-A,163.2934726
7a06b019-a541-4e0b-afe9-f5ffceb26089,276.617945,4320.149444444444,1195030.861415114,CH4_1B2_250m_-103.65894_32.16597?datetime=2024-01-01T00%3A00%3A00.000Z%2F2025-01-01T23%3A59%3A59.999Z&status=not_deleted,2023-11-02T16:29:02,2024-04-30T16:38:00,GAO20240430t162924p0000-M,115.1012393
361b7d26-2c1f-4c44-bebd-b469a61469e2,261.52643465,4322.633333333333,1130482.8839659116,CH4_1B2_250m_-103.65901_32.10756?datetime=2024-01-01T00%3A00%3A00.000Z%2F2025-01-01T23%3A59%3A59.999Z&status=not_deleted,2023-11-02T16:29:02,2024-04-30T19:07:02,"GAO20240430t162924p0000-G, GAO20240430t185908p0000-H",118.64972364
1c012540-d217-4a11-a717-acd68aef25cb,170.8324384,193.76722222222222,33101.727054216884,CH4_1B2_250m_-103.65901_32.10756?datetime=2024-01-01T00%3A00%3A00.000Z%2F2025-01-01T23%3A59%3A59.999Z&status=not_deleted,2024-05-06T16:44:02,2024-05-14T18:30:04,"GAO20240514t155616p0000-P, GAO20240514t182155p0000-E",31.602464475
e5ded730-89eb-4932-83fd-e410cb299c99,2325.66858,332.81638888888887,774020.6185479499,CH4_1B2_250m_-103.66265_32.24134?datetime=2024-01-01T00%3A00%3A00.000Z%2F2025-01-01T23%3A59%3A59.999Z&status=not_deleted,2024-04-30T19:07:02,2024-05-14T15:56:01,GAO20240506t164425p0000-A,264.9894726
d19b60bc-f240-4f8c-9316-33a21467cf4c,148.32113030250002,336.5177777777778,49912.697166885526,CH4_1B2_250m_-103.66808_32.17014?datetime=2024-01-01T00%3A00%3A00.000Z%2F2025-01-01T23%3A59%3A59.999Z&status=not_deleted,2024-04-30T18:59:00,2024-05-14T19:30:04,"GAO20240430t190724p0000-D, GAO20240514t160455p0000-U, GAO20240514t183045p0000-D",44.236393795
6315ecdc-5f53-47c5-93a6-bdea9a910f70,717.48554155,194.76722222222222,139742.6659123003,CH4_1B2_250m_-103.66855_32.13799?datetime=2024-01-01T00%3A00%3A00.000Z%2F2025-01-01T23%3A59%3A59.999Z&status=not_deleted,2024-05-06T16:44:02,2024-05-14T19:30:04,"GAO20240514t160455p0000-K, GAO20240514t183045p0000-E",142.747719985
b79ab40b-bcb4-4c46-beb1-6244fbadf73c,117.17124,193.44972222222222,22666.743830433334,CH4_1B2_250m_-103.67236_32.19981?datetime=2024-01-01T00%3A00%3A00.000Z%2F2025-01-01T23%3A59%3A59.999Z&status=not_deleted,2024-05-06T17:03:05,2024-05-14T18:30:04,GAO20240514t160455p0000-E,71.36888488
df9a4114-57c7-47b2-a7b8-a915b549a0e6,170.1552002,4322.483888888889,735493.1114751635,CH4_1B2_250m_-103.67268_32.25956?datetime=2024-01-01T00%3A00%3A00.000Z%2F2025-01-01T23%3A59%3A59.999Z&status=not_deleted,2023-11-02T16:38:00,2024-04-30T19:07:02,GAO20240430t163808p0000-S,92.71245153
92df0a6d-6e2b-4bcf-9522-fcf7fef4b882,22.53328129,4322.483888888889,97399.74533982645,CH4_1B2_250m_-103.67310_32.03456?datetime=2024-01-01T00%3A00%3A00.000Z%2F2025-01-01T23%3A59%3A59.999Z&status=not_deleted,2023-11-02T16:38:00,2024-04-30T19:07:02,GAO20240430t163808p0000-B,6.99868061
5d727c41-458b-4b21-95b3-5b1a4baa8266,71.8857895,4322.483888888889,310725.16695380805,CH4_1B2_250m_-103.67508_32.18255?datetime=2024-01-01T00%3A00%3A00.000Z%2F2025-01-01T23%3A59%3A59.999Z&status=not_deleted,2023-11-02T16:38:00,2024-04-30T19:07:02,GAO20240430t163808p0000-W,57.29591858
a01708f1-4af1-4041-b51b-27dc7d7f7477,385.8211192,191.33416666666668,73820.76232453267,CH4_1B2_250m_-103.67613_32.05210?datetime=2024-01-01T00%3A00%3A00.000Z%2F2025-01-01T23%3A59%3A59.999Z&status=not_deleted,2024-05-06T16:44:02,2024-05-14T16:04:05,GAO20240506t170353p0001-E,124.4070681
4c98b93b-788e-46d3-9843-cc291adf575d,82.62641573,4464.100555555556,368852.62836385734,CH4_1B2_250m_-103.67640_32.26041?datetime=2024-01-01T00%3A00%3A00.000Z%2F2025-01-01T23%3A59%3A59.999Z&status=not_deleted,2023-11-02T16:38:00,2024-05-06T16:44:02,GAO20240430t163808p0000-X,42.72825268
12a505ec-ee48-49b1-8141-15cb479a99ca,62.80928111,4461.616666666667,280230.93542172783,CH4_1B2_250m_-103.67640_32.26041?datetime=2024-01-01T00%3A00%3A00.000Z%2F2025-01-01T23%3A59%3A59.999Z&status=not_deleted,2023-11-02T19:07:02,2024-05-06T16:44:02,GAO20240430t190724p0000-B,42.40841856
b1f96b3f-e1b3-4313-9c52-f9a08adaf977,279.838717,4322.483888888889,1209598.3457198371,CH4_1B2_250m_-103.67811_32.30332?datetime=2024-01-01T00%3A00%3A00.000Z%2F2025-01-01T23%3A59%3A59.999Z&status=not_deleted,2023-11-02T16:38:00,2024-04-30T19:07:02,GAO20240430t163808p0000-U,145.1268192
b0d8c8da-079e-4b08-80db-72ae3652b407,285.6304899,4320.150555555556,1233966.7196250905,CH4_1B2_250m_-103.68045_31.99594?datetime=2024-01-01T00%3A00%3A00.000Z%2F2025-01-01T23%3A59%3A59.999Z&status=not_deleted,2023-11-02T16:38:00,2024-04-30T16:47:02,GAO20240430t163808p0000-A,54.6209363
17b32436-661d-4ec3-a116-aa95d4b69644,152.70803628,4655.434722222222,710922.2944602828,CH4_1B2_250m_-103.68186_32.09982?datetime=2024-01-01T00%3A00%3A00.000Z%2F2025-01-01T23%3A59%3A59.999Z&status=not_deleted,2023-11-02T16:38:00,2024-05-14T16:04:05,"GAO20240430t163808p0000-J, GAO20240430t190724p0000-E",48.246923955
5805d439-84d8-4343-af07-c65f843b1c46,564.9168208,335.2841666666667,189407.66549791067,CH4_1B2_250m_-103.68186_32.09982?datetime=2024-01-01T00%3A00%3A00.000Z%2F2025-01-01T23%3A59%3A59.999Z&status=not_deleted,2024-04-30T16:47:02,2024-05-14T16:04:05,GAO20240506t170353p0001-I,162.7855321
e7db98eb-515b-4af0-9c54-b618167600ac,135.102505685,74.65055555555556,10085.477106332854,CH4_1B2_250m_-103.68186_32.09982?datetime=2024-01-01T00%3A00%3A00.000Z%2F2025-01-01T23%3A59%3A59.999Z&status=not_deleted,2024-05-14T16:14:00,2024-05-17T18:53:02,"GAO20240514t183045p0000-G, GAO20240514t183920p0000-I",16.8144368755
ee2fe82e-81f5-4c20-b6e5-f4198a2dd7e5,150.15629635,193.44972222222222,29047.693818825177,CH4_1B2_250m_-103.68260_32.12088?datetime=2024-01-01T00%3A00%3A00.000Z%2F2025-01-01T23%3A59%3A59.999Z&status=not_deleted,2024-05-06T17:03:05,2024-05-14T18:30:04,"GAO20240514t160455p0000-V, GAO20240514t161405p0000-CH",60.991142905000004
1857fd00-b8d9-44c9-8cb2-25370a94c471,272.1334673,4464.418055555556,1214917.5649350574,CH4_1B2_250m_-103.68309_32.20080?datetime=2024-01-01T00%3A00%3A00.000Z%2F2025-01-01T23%3A59%3A59.999Z&status=not_deleted,2023-11-02T16:38:00,2024-05-06T17:03:05,"GAO20240430t163808p0000-V, GAO20240430t190724p0000-A",93.507245755
ec0c444e-c6c8-417c-a7de-4a5850600b21,272.8519729,144.2675,39363.67200035076,CH4_1B2_250m_-103.68309_32.20080?datetime=2024-01-01T00%3A00%3A00.000Z%2F2025-01-01T23%3A59%3A59.999Z&status=not_deleted,2024-04-30T16:47:02,2024-05-06T17:03:05,GAO20240430t191638p0000-B,64.55310242
4ad1cfcf-fad4-4ea9-99b0-bd031b0853da,162.0689542,4320.150555555556,700162.282525438,CH4_1B2_250m_-103.68445_32.21220?datetime=2024-01-01T00%3A00%3A00.000Z%2F2025-01-01T23%3A59%3A59.999Z&status=not_deleted,2023-11-02T16:38:00,2024-04-30T16:47:02,GAO20240430t163808p0000-R,84.57436297
ff51d185-7d55-47d0-8f53-8c0db5541f70,153.415068,141.93416666666667,21774.839830689998,CH4_1B2_250m_-103.68578_32.20044?datetime=2024-01-01T00%3A00%3A00.000Z%2F2025-01-01T23%3A59%3A59.999Z&status=not_deleted,2024-04-30T19:07:02,2024-05-06T17:03:05,GAO20240430t191638p0000-C,36.50513357
88214bf1-d2a1-4f7a-ac5a-52490b831c4f,185.67635827499998,74.81583333333333,13891.531474642687,CH4_1B2_250m_-103.68594_32.29894?datetime=2024-01-01T00%3A00%3A00.000Z%2F2025-01-01T23%3A59%3A59.999Z&status=not_deleted,2024-05-14T16:04:05,2024-05-17T18:53:02,"GAO20240514t161405p0000-CG, GAO20240514t183045p0000-B, GAO20240514t183920p0000-G",42.940620815
9a363be3-df26-4fd4-bc95-abae6ae2fc1c,730.12529365,193.05083333333334,140951.2963768772,CH4_1B2_250m_-103.68658_32.16636?datetime=2024-01-01T00%3A00%3A00.000Z%2F2025-01-01T23%3A59%3A59.999Z&status=not_deleted,2024-05-06T17:27:01,2024-05-14T18:30:04,"GAO20240514t160455p0000-J, GAO20240514t161405p0000-R",131.70054242
bfb456ea-6d07-4ce1-a9ed-962e21deb891,130.7971442,73.23333333333333,9578.710860246667,CH4_1B2_250m_-103.69063_32.29894?datetime=2024-01-01T00%3A00%3A00.000Z%2F2025-01-01T23%3A59%3A59.999Z&status=not_deleted,2024-05-14T18:39:02,2024-05-17T19:53:02,GAO20240517t185327p0000-E,26.27745373
5b002acb-75c3-40ed-8292-42c8902d4cba,867.4176989,4320.398888888889,3747590.462530117,CH4_1B2_250m_-103.69186_32.41528?datetime=2024-01-01T00%3A00%3A00.000Z%2F2025-01-01T23%3A59%3A59.999Z&status=not_deleted,2023-11-08T17:03:05,2024-05-06T17:27:01,GAO20240506t170353p0000-A,322.5348302
85022989-69c0-4e27-a1de-d9ef4ec248e7,192.9725866,144.2675,27839.672637315503,CH4_1B2_250m_-103.69250_32.31431?datetime=2024-01-01T00%3A00%3A00.000Z%2F2025-01-01T23%3A59%3A59.999Z&status=not_deleted,2024-04-30T16:47:02,2024-05-06T17:03:05,GAO20240430t191638p0000-G,71.2152823
42894dc6-201c-413b-a444-6af1ba396002,209.77951430000002,266.43361111111113,55892.31353208398,CH4_1B2_250m_-103.69250_32.31431?datetime=2024-01-01T00%3A00%3A00.000Z%2F2025-01-01T23%3A59%3A59.999Z&status=not_deleted,2024-05-06T17:27:01,2024-05-17T19:53:02,"GAO20240514t183920p0000-F, GAO20240514t183920p0000-O, GAO20240517t185327p0000-C, GAO20240517t185327p0000-N",69.33073355125
f8c32eca-6256-4092-92b7-a7512e4daf33,89.263766205,73.23333333333333,6537.083145079499,CH4_1B2_250m_-103.69329_32.06249?datetime=2024-01-01T00%3A00%3A00.000Z%2F2025-01-01T23%3A59%3A59.999Z&status=not_deleted,2024-05-14T18:39:02,2024-05-17T19:53:02,"GAO20240517t154401p0000-Q, GAO20240517t185327p0000-H",37.437958769999995
24687d1a-2f1e-444c-9d68-8edb0878c56a,347.71636498124997,411.1,142946.19764379188,CH4_1B2_250m_-103.69536_32.28156?datetime=2024-01-01T00%3A00%3A00.000Z%2F2025-01-01T23%3A59%3A59.999Z&status=not_deleted,2024-04-30T16:47:02,2024-05-17T19:53:02,"GAO20240430t191638p0000-A, GAO20240506t170353p0000-B, GAO20240506t172719p0000-E, GAO20240514t161405p0000-CC, GAO20240514t183920p0000-C, GAO20240517t185327p0000-F",163.16307416656252
3c86affa-857e-4822-af67-79e9f13c1c1d,198.0250642,193.20027777777779,38258.49741040228,CH4_1B2_250m_-103.69549_32.05538?datetime=2024-01-01T00%3A00%3A00.000Z%2F2025-01-01T23%3A59%3A59.999Z&status=not_deleted,2024-05-06T17:27:01,2024-05-14T18:39:02,GAO20240514t161405p0000-K,52.03740109
ece09103-e9a2-45af-90e7-a03671ca29d0,48.93445686,73.23333333333333,3583.6333907139997,CH4_1B2_250m_-103.69650_32.03213?datetime=2024-01-01T00%3A00%3A00.000Z%2F2025-01-01T23%3A59%3A59.999Z&status=not_deleted,2024-05-14T18:39:02,2024-05-17T19:53:02,"GAO20240517t152741p0000-A, GAO20240517t185327p0000-K",9.226515913
429af6cd-6fde-4f2b-824d-c18f1ed21bf9,161.2521938,265.8325,42866.07380833849,CH4_1B2_250m_-103.69744_32.21132?datetime=2024-01-01T00%3A00%3A00.000Z%2F2025-01-01T23%3A59%3A59.999Z&status=not_deleted,2024-05-06T17:03:05,2024-05-17T18:53:02,"GAO20240514t161405p0000-W, GAO20240514t183920p0000-D",51.23523211
f795015a-e448-47d5-a387-22e5bbce7a21,212.6938675,266.43361111111113,56668.7951792132,CH4_1B2_250m_-103.69817_32.05093?datetime=2024-01-01T00%3A00%3A00.000Z%2F2025-01-01T23%3A59%3A59.999Z&status=not_deleted,2024-05-06T17:27:01,2024-05-17T19:53:02,"GAO20240514t161405p0000-J, GAO20240517t185327p0000-I",48.636260026
28a78441-8cd7-4587-97c4-68b58cdf1c08,45.20932564,1.1494444444444445,51.965608193977786,CH4_1B2_250m_-103.70069_32.03685?datetime=2024-01-01T00%3A00%3A00.000Z%2F2025-01-01T23%3A59%3A59.999Z&status=not_deleted,2024-05-17T18:44:04,2024-05-17T19:53:02,GAO20240517t185327p0000-J,9.891396531
11709167-998b-41a6-8c87-5d9606bc249a,140.9648987,2.401388888888889,338.51154146152777,CH4_1B2_250m_-103.70436_32.02345?datetime=2024-01-01T00%3A00%3A00.000Z%2F2025-01-01T23%3A59%3A59.999Z&status=not_deleted,2024-05-14T16:23:00,2024-05-14T18:47:05,GAO20240514t183920p0000-J,34.98386593
0cc3b82e-d191-4070-a5da-893a1b7d127c,246.259208,4320.15,1063876.7174411998,CH4_1B2_250m_-103.70659_32.19517?datetime=2024-01-01T00%3A00%3A00.000Z%2F2025-01-01T23%3A59%3A59.999Z&status=not_deleted,2023-11-02T16:47:02,2024-04-30T16:56:02,GAO20240430t164729p0000-Y,103.5578067
8691d916-2a25-4608-b7fd-3a3173568b1c,210.7377202,70.76694444444445,14913.26453774228,CH4_1B2_250m_-103.71197_32.02239?datetime=2024-01-01T00%3A00%3A00.000Z%2F2025-01-01T23%3A59%3A59.999Z&status=not_deleted,2024-05-14T16:23:00,2024-05-17T15:09:01,GAO20240514t184750p0000-E,39.60370544
e1901a64-eac4-4b98-a956-315f685fc044,335.0914861,73.13416666666667,24506.63659301842,CH4_1B2_250m_-103.71268_32.82789?datetime=2024-01-01T00%3A00%3A00.000Z%2F2025-01-01T23%3A59%3A59.999Z&status=not_deleted,2024-05-06T17:27:01,2024-05-09T18:35:04,GAO20240509t173540p0000-K,183.0971939
de5156ad-7425-418d-8601-922d99850505,343.1310734,4.001111111111111,1372.9055503482223,CH4_1B2_250m_-103.71654_32.04011?datetime=2024-01-01T00%3A00%3A00.000Z%2F2025-01-01T23%3A59%3A59.999Z&status=not_deleted,2024-05-17T15:44:00,2024-05-17T19:44:04,GAO20240517t184445p0000-F,115.0730357
feafa123-a46d-460a-ba53-d027d9a00279,107.3303723,74.35111111111111,7980.132436474221,CH4_1B2_250m_-103.71746_32.23258?datetime=2024-01-01T00%3A00%3A00.000Z%2F2025-01-01T23%3A59%3A59.999Z&status=not_deleted,2024-05-14T16:23:00,2024-05-17T18:44:04,GAO20240514t184750p0000-V,34.56045915
595d6a8e-a461-4824-8bc6-5414f90a6581,190.0410463571875,4730.800555555556,899046.2876849417,CH4_1B2_250m_-103.71770_32.20584?datetime=2024-01-01T00%3A00%3A00.000Z%2F2025-01-01T23%3A59%3A59.999Z&status=not_deleted,2023-11-02T16:56:02,2024-05-17T19:44:04,"GAO20240430t165629p0000-A, GAO20240430t192453p0000-D, GAO20240506t172719p0000-A, GAO20240506t174606p0001-A, GAO20240514t162306p0000-N, GAO20240514t184750p0000-A, GAO20240517t184445p0000-C",68.4613172059375
00f92e0a-8dc8-4fa8-a956-4b679cd9c8ff,234.66511051,4511.616666666667,1058719.0236620912,CH4_1B2_250m_-103.71770_32.20584?datetime=2024-01-01T00%3A00%3A00.000Z%2F2025-01-01T23%3A59%3A59.999Z&status=not_deleted,2023-11-08T17:46:00,2024-05-14T17:23:00,"GAO20240506t174606p0001-B, GAO20240506t174606p0001-H, GAO20240514t162306p0000-O",30.004497615000002
41b6eb9a-cd5f-4482-b328-68ea9f01da62,553.12002725,9552.950277777778,5283928.11796234,CH4_1B2_250m_-103.71912_32.31428?datetime=2024-01-01T00%3A00%3A00.000Z%2F2025-01-01T23%3A59%3A59.999Z&status=not_deleted,2023-11-02T16:56:02,2024-12-04T17:53:03,"GAO20240430t165629p0000-G, GAO20240506t174606p0000-C",193.2161122
b1346e8b-cf01-4a3a-a8f9-adffaf737bda,454.9002603,9550.482777777777,4344517.1016017785,CH4_1B2_250m_-103.71912_32.31428?datetime=2024-01-01T00%3A00%3A00.000Z%2F2025-01-01T23%3A59%3A59.999Z&status=not_deleted,2023-11-02T19:24:05,2024-12-04T17:53:03,"GAO20240430t192453p0000-E, GAO20240514t162306p0000-T",117.75040704
60d596b2-2b03-4c66-af12-b64e9eb3970f,151.52548059999998,5088.433888888889,771027.3905152158,CH4_1B2_250m_-103.71912_32.31428?datetime=2024-01-01T00%3A00%3A00.000Z%2F2025-01-01T23%3A59%3A59.999Z&status=not_deleted,2024-05-06T17:27:01,2024-12-04T17:53:03,"GAO20240514t184750p0000-B, GAO20240517t184445p0000-A",39.55223296
3afea05b-18bf-4a54-811e-7ad9bdb07e25,84.71306067,193.1677777777778,16363.833678377969,CH4_1B2_250m_-103.72492_32.00236?datetime=2024-01-01T00%3A00%3A00.000Z%2F2025-01-01T23%3A59%3A59.999Z&status=not_deleted,2024-05-06T17:46:00,2024-05-14T18:56:04,"GAO20240514t162306p0000-C, GAO20240514t163230p0000-Q, GAO20240514t184750p0000-D",40.75877362425
569c2100-a294-4103-afdd-71d3b30ad225,442.2170292,332.81666666666666,147177.19760158,CH4_1B2_250m_-103.72492_32.08076?datetime=2024-01-01T00%3A00%3A00.000Z%2F2025-01-01T23%3A59%3A59.999Z&status=not_deleted,2024-04-30T19:34:00,2024-05-14T16:23:00,GAO20240506t174606p0001-E,78.73417266
97722a34-5c35-4b8d-b509-0e679bb1247c,38.85717116,4322.632777777778,167965.28170793736,CH4_1B2_250m_-103.72777_32.06477?datetime=2024-01-01T00%3A00%3A00.000Z%2F2025-01-01T23%3A59%3A59.999Z&status=not_deleted,2023-11-02T16:56:02,2024-04-30T19:34:00,GAO20240430t165629p0000-C,9.805436797
300464b8-ae30-483e-b4d1-4835e6321deb,135.0280561,4322.466388888889,583654.2340492533,CH4_1B2_250m_-103.72777_32.06477?datetime=2024-01-01T00%3A00%3A00.000Z%2F2025-01-01T23%3A59%3A59.999Z&status=not_deleted,2023-11-02T17:06:01,2024-04-30T19:34:00,GAO20240430t170613p0000-H,55.2576815
5956d63b-a8f2-4238-97f8-f066df69b68d,126.9604102425,4320.165277777778,548489.9559820706,CH4_1B2_250m_-103.72777_32.06477?datetime=2024-01-01T00%3A00%3A00.000Z%2F2025-01-01T23%3A59%3A59.999Z&status=not_deleted,2023-11-02T19:24:05,2024-04-30T19:34:00,"GAO20240430t192453p0000-A, GAO20240430t192453p0000-C, GAO20240430t192453p0000-I",51.882214364999996
9f7cc6aa-e78e-4d54-9422-f4c3f6a5c2c5,152.6629879,4320.166388888889,659529.509152931,CH4_1B2_250m_-103.72972_32.29546?datetime=2024-01-01T00%3A00%3A00.000Z%2F2025-01-01T23%3A59%3A59.999Z&status=not_deleted,2023-11-02T16:56:02,2024-04-30T17:06:01,GAO20240430t165629p0000-H,16.33790973
61bf0a11-f957-4811-b3e7-ba748e5621ff,40.32781033,68.36555555555556,2757.0331575495225,CH4_1B2_250m_-103.73199_32.00317?datetime=2024-01-01T00%3A00%3A00.000Z%2F2025-01-01T23%3A59%3A59.999Z&status=not_deleted,2024-05-14T18:47:05,2024-05-17T15:09:01,GAO20240514t185646p0000-J,2.883968598
947322ef-60ca-4147-b75f-176d89a9e8d7,184.2323936,4322.4675,796338.5337832079,CH4_1B2_250m_-103.73317_32.27676?datetime=2024-01-01T00%3A00%3A00.000Z%2F2025-01-01T23%3A59%3A59.999Z&status=not_deleted,2023-11-02T16:56:02,2024-04-30T19:24:05,GAO20240430t165629p0000-F,158.6762224
0c1a5dcc-29d3-42cd-9e72-a5f69075f07b,223.8461887,4322.301111111111,967530.6301359974,CH4_1B2_250m_-103.73317_32.27676?datetime=2024-01-01T00%3A00%3A00.000Z%2F2025-01-01T23%3A59%3A59.999Z&status=not_deleted,2023-11-02T17:06:01,2024-04-30T19:24:05,GAO20240430t170613p0000-B,123.5416393
4c11313c-9883-48fc-b3fe-f032a439ce9b,232.7407745,71.8,16710.7876091,CH4_1B2_250m_-103.73317_32.27676?datetime=2024-01-01T00%3A00%3A00.000Z%2F2025-01-01T23%3A59%3A59.999Z&status=not_deleted,2024-05-14T18:56:04,2024-05-17T18:44:04,GAO20240517t183645p0000-E,100.0064149
946c1178-f77c-4634-a9e3-cd1148f09e14,100.69192249000001,2.6327777777777777,265.09945593339444,CH4_1B2_250m_-103.73326_32.06489?datetime=2024-01-01T00%3A00%3A00.000Z%2F2025-01-01T23%3A59%3A59.999Z&status=not_deleted,2024-04-30T16:56:02,2024-04-30T19:34:00,"GAO20240430t170613p0000-D, GAO20240430t192453p0000-B",36.34313052
c7bc9249-1db0-4d60-add6-056860008788,1265.481067,2.401388888888889,3038.9121733930556,CH4_1B2_250m_-103.73442_32.09314?datetime=2024-01-01T00%3A00%3A00.000Z%2F2025-01-01T23%3A59%3A59.999Z&status=not_deleted,2024-05-14T16:23:00,2024-05-14T18:47:05,GAO20240514t163230p0000-N,523.262298
3f5e5ee6-e686-4225-ac43-2262ec527f77,157.7893173,193.1677777777778,30479.811779913667,CH4_1B2_250m_-103.73940_32.30930?datetime=2024-01-01T00%3A00%3A00.000Z%2F2025-01-01T23%3A59%3A59.999Z&status=not_deleted,2024-05-06T17:46:00,2024-05-14T18:56:04,GAO20240514t163230p0000-H,38.71004591
df606ec3-b3d8-4655-8fe8-0a64d41d142c,909.46014835,332.9675,302820.6719457286,CH4_1B2_250m_-103.74016_32.10188?datetime=2024-01-01T00%3A00%3A00.000Z%2F2025-01-01T23%3A59%3A59.999Z&status=not_deleted,2024-04-30T19:34:00,2024-05-14T16:32:03,"GAO20240506t174606p0001-D, GAO20240506t180831p0000-H",302.69332725
f02ef84e-4b14-41eb-bbb5-972ce61e9188,265.807807209375,4730.5008333333335,1257404.0535104547,CH4_1B2_250m_-103.74164_32.28375?datetime=2024-01-01T00%3A00%3A00.000Z%2F2025-01-01T23%3A59%3A59.999Z&status=not_deleted,2023-11-02T17:06:01,2024-05-17T19:36:04,"GAO20240430t170613p0000-A, GAO20240430t193408p0000-D, GAO20240506t174606p0000-E, GAO20240506t180831p0000-E, GAO20240514t185646p0000-C, GAO20240517t183645p0000-F",72.14443005812501
6b28e2db-a87c-478f-aa24-2ea93dff88ee,147.52239875,406.05,59901.4700124375,CH4_1B2_250m_-103.74392_31.99984?datetime=2024-01-01T00%3A00%3A00.000Z%2F2025-01-01T23%3A59%3A59.999Z&status=not_deleted,2024-04-30T17:06:01,2024-05-17T15:09:01,"GAO20240514t163230p0000-T, GAO20240514t185646p0000-M",80.601010025
0093391e-14d7-4cb6-987a-1a10b905e5d5,353.47865064999996,72.45027777777777,25609.626428106563,CH4_1B2_250m_-103.74447_32.82852?datetime=2024-01-01T00%3A00%3A00.000Z%2F2025-01-01T23%3A59%3A59.999Z&status=not_deleted,2024-05-06T18:08:03,2024-05-09T18:35:04,"GAO20240509t173540p0000-F, GAO20240509t173540p0000-G",198.539208385
ecfa8094-547a-4c85-9377-d2d46bc5b72a,319.3446838,8088.700555555555,2583083.521266773,CH4_1B2_250m_-103.74451_32.22701?datetime=2024-01-01T00%3A00%3A00.000Z%2F2025-01-01T23%3A59%3A59.999Z&status=not_deleted,2023-11-02T17:06:01,2024-10-04T17:48:03,"GAO20240430t170613p0000-C, GAO20240517t183645p0000-C",63.655207735
369e7852-8aaa-4856-b349-9d6b7e4f9505,363.3723916,8086.234166666667,2938314.2481792998,CH4_1B2_250m_-103.74451_32.22701?datetime=2024-01-01T00%3A00%3A00.000Z%2F2025-01-01T23%3A59%3A59.999Z&status=not_deleted,2023-11-02T19:34:00,2024-10-04T17:48:03,"GAO20240430t193408p0000-A, emi20241004t165227p11011-A",156.52575545000002
5d73d809-ef52-4b15-bf67-5e7c6f319b20,635.9905968,4584.316666666667,2915582.29275352,CH4_1B2_250m_-103.74451_32.22701?datetime=2024-01-01T00%3A00%3A00.000Z%2F2025-01-01T23%3A59%3A59.999Z&status=not_deleted,2023-11-08T18:08:03,2024-05-17T18:27:03,GAO20240506t180831p0000-F,226.0359413
cb183822-c2e9-421f-96c3-13a8e271ea45,380.3707367,4393.916666666667,1671317.3194984086,CH4_1B2_250m_-103.74451_32.22701?datetime=2024-01-01T00%3A00%3A00.000Z%2F2025-01-01T23%3A59%3A59.999Z&status=not_deleted,2023-11-16T16:32:03,2024-05-17T18:27:03,GAO20240514t163230p0000-L,98.52936034
c4ee6afd-5c63-4a04-87aa-01373b25cb37,106.139563,4391.516388888889,466113.63042400475,CH4_1B2_250m_-103.74451_32.22701?datetime=2024-01-01T00%3A00%3A00.000Z%2F2025-01-01T23%3A59%3A59.999Z&status=not_deleted,2023-11-16T18:56:04,2024-05-17T18:27:03,GAO20240514t185646p0000-A,19.86812884
ba0bc7cb-dfb2-4dfc-b7ba-54c08d45b881,136.30505535,4655.433888888889,634559.1739032657,CH4_1B2_250m_-103.74829_32.06500?datetime=2024-01-01T00%3A00%3A00.000Z%2F2025-01-01T23%3A59%3A59.999Z&status=not_deleted,2023-11-02T17:06:01,2024-05-14T16:32:03,"GAO20240430t170613p0000-E, GAO20240430t170613p0000-F, GAO20240430t193408p0000-B",48.960797924999994
1e193231-b9b9-4d6d-b832-30ffde697a42,396.59110855000006,335.2994444444444,132976.77836842136,CH4_1B2_250m_-103.74829_32.06500?datetime=2024-01-01T00%3A00%3A00.000Z%2F2025-01-01T23%3A59%3A59.999Z&status=not_deleted,2024-04-30T17:14:05,2024-05-14T16:32:03,"GAO20240430t194210p0000-L, GAO20240506t180831p0000-P",109.89756639
baa9372d-7dac-4f38-a767-0d1e321048c2,181.23461005000001,4465.033888888889,809218.6757128129,CH4_1B2_250m_-103.75026_32.05227?datetime=2024-01-01T00%3A00%3A00.000Z%2F2025-01-01T23%3A59%3A59.999Z&status=not_deleted,2023-11-02T17:06:01,2024-05-06T18:08:03,"GAO20240430t170613p0000-J, GAO20240430t194210p0000-K",48.335735795000005
a0ab2825-dc91-43b7-8f54-5e184ffce234,32.660806085000004,4322.331944444444,141170.845472501,CH4_1B2_250m_-103.75026_32.05227?datetime=2024-01-01T00%3A00%3A00.000Z%2F2025-01-01T23%3A59%3A59.999Z&status=not_deleted,2023-11-02T17:14:05,2024-04-30T19:34:00,"GAO20240430t171453p0000-A, GAO20240430t171453p0000-H",12.735616288
1bce07c8-717a-4eba-a2c6-23576296f7ac,99.7993452675,73.76694444444445,7361.892757939602,CH4_1B2_250m_-103.75026_32.05227?datetime=2024-01-01T00%3A00%3A00.000Z%2F2025-01-01T23%3A59%3A59.999Z&status=not_deleted,2024-05-14T16:41:02,2024-05-17T18:27:03,"GAO20240514t185646p0000-E, GAO20240514t190451p0000-K, GAO20240517t154401p0000-U",44.8806445325
624dedbc-b45c-4ba0-ae94-68dca755b02a,114.13942179249999,4730.5008333333335,539936.629905606,CH4_1B2_250m_-103.75123_32.12175?datetime=2024-01-01T00%3A00%3A00.000Z%2F2025-01-01T23%3A59%3A59.999Z&status=not_deleted,2023-11-02T17:06:01,2024-05-17T19:36:04,"GAO20240430t170613p0000-K, GAO20240514t190451p0000-N, GAO20240517t182730p0000-H, GAO20240517t183645p0000-G",12.451595776125
dd00f257-9962-47a4-bb89-cf534f199763,129.7542631,4657.699722222223,604356.3951980192,CH4_1B2_250m_-103.75123_32.12175?datetime=2024-01-01T00%3A00%3A00.000Z%2F2025-01-01T23%3A59%3A59.999Z&status=not_deleted,2023-11-02T17:14:05,2024-05-14T18:56:04,GAO20240430t171453p0000-M,37.2946697
189566ff-9504-4b4d-8fe1-ea4d542e1e8e,117.3972601,4655.3677777777775,546527.4218689367,CH4_1B2_250m_-103.75123_32.12175?datetime=2024-01-01T00%3A00%3A00.000Z%2F2025-01-01T23%3A59%3A59.999Z&status=not_deleted,2023-11-02T19:34:00,2024-05-14T18:56:04,GAO20240430t193408p0000-J,29.10367622
ec92db28-6010-490a-bffd-9eba82e1714a,188.3075767,4655.234166666667,876615.864896044,CH4_1B2_250m_-103.75123_32.12175?datetime=2024-01-01T00%3A00%3A00.000Z%2F2025-01-01T23%3A59%3A59.999Z&status=not_deleted,2023-11-02T19:42:01,2024-05-14T18:56:04,GAO20240430t194210p0000-M,69.3441304
756c6371-c220-4483-9cfa-5f6f84382a39,100.3857643,4322.400277777778,433907.45549525454,CH4_1B2_250m_-103.75123_32.12175?datetime=2024-01-01T00%3A00%3A00.000Z%2F2025-01-01T23%3A59%3A59.999Z&status=not_deleted,2023-11-16T16:32:03,2024-05-14T18:56:04,GAO20240514t163230p0000-S,18.0466228
f4b5acca-f0b7-43fa-bf60-9f6df88eb0a0,113.2065648,4322.250555555555,489307.137599336,CH4_1B2_250m_-103.75123_32.12175?datetime=2024-01-01T00%3A00%3A00.000Z%2F2025-01-01T23%3A59%3A59.999Z&status=not_deleted,2023-11-16T16:41:02,2024-05-14T18:56:04,GAO20240514t164120p0000-V,38.98691536
51c81cc7-1de2-4f5b-b33c-722b13e5aea1,102.8510428,71.53305555555555,7357.249358559222,CH4_1B2_250m_-103.75202_32.26396?datetime=2024-01-01T00%3A00%3A00.000Z%2F2025-01-01T23%3A59%3A59.999Z&status=not_deleted,2024-05-14T19:04:05,2024-05-17T18:36:04,GAO20240517t182730p0000-G,81.86180911
f418a774-13cf-4249-ae91-5b880f16da29,109.894451,142.5675,15667.3771429425,CH4_1B2_250m_-103.75570_32.12134?datetime=2024-01-01T00%3A00%3A00.000Z%2F2025-01-01T23%3A59%3A59.999Z&status=not_deleted,2024-04-30T19:34:00,2024-05-06T18:08:03,GAO20240430t194210p0000-H,54.16724921
61edd55b-d700-45d3-b1e9-44a35e02a950,771.47219015,71.19916666666667,54928.17704518821,CH4_1B2_250m_-103.75596_32.05063?datetime=2024-01-01T00%3A00%3A00.000Z%2F2025-01-01T23%3A59%3A59.999Z&status=not_deleted,2024-05-14T16:32:03,2024-05-17T15:44:00,"GAO20240514t164120p0000-C, GAO20240514t190451p0000-A",173.935015
5beab5d9-2042-40ab-bc76-7239aad041d0,178.27877454999998,263.8675,47041.97454357212,CH4_1B2_250m_-103.75812_32.10643?datetime=2024-01-01T00%3A00%3A00.000Z%2F2025-01-01T23%3A59%3A59.999Z&status=not_deleted,2024-05-06T18:35:00,2024-05-17T18:27:03,"GAO20240514t164120p0000-W, GAO20240514t190451p0000-Y",51.26669108
480024c3-e463-44f0-bca5-8f4282903540,156.6943186,4464.899444444444,699624.3760647408,CH4_1B2_250m_-103.75814_32.31239?datetime=2024-01-01T00%3A00%3A00.000Z%2F2025-01-01T23%3A59%3A59.999Z&status=not_deleted,2023-11-02T17:14:05,2024-05-06T18:08:03,GAO20240430t171453p0000-L,9.352914901
e2bd60ab-38b3-4ac7-bc18-5a6e83a59536,251.9256647,4462.433888888889,1124201.6236381393,CH4_1B2_250m_-103.75814_32.31239?datetime=2024-01-01T00%3A00%3A00.000Z%2F2025-01-01T23%3A59%3A59.999Z&status=not_deleted,2023-11-02T19:42:01,2024-05-06T18:08:03,GAO20240430t194210p0000-J,58.05454874
3a686ffd-c439-437d-8f21-6c2d7605b635,151.2369712,263.8675,39906.521498116,CH4_1B2_250m_-103.75814_32.31239?datetime=2024-01-01T00%3A00%3A00.000Z%2F2025-01-01T23%3A59%3A59.999Z&status=not_deleted,2024-05-06T18:35:00,2024-05-17T18:27:03,"GAO20240514t164120p0000-N, GAO20240514t190451p0000-T",11.859934356499998
9a1a9549-c411-44fd-b951-49bdc0cbb492,214.3810578,73.76694444444445,15814.235580673834,CH4_1B2_250m_-103.75819_32.31571?datetime=2024-01-01T00%3A00%3A00.000Z%2F2025-01-01T23%3A59%3A59.999Z&status=not_deleted,2024-05-14T16:41:02,2024-05-17T18:27:03,GAO20240514t190451p0000-U,79.03358398
cc239483-bef9-4444-8b72-19ea22cc048d,87.15295712,263.8675,22996.8329128616,CH4_1B2_250m_-103.76078_32.22977?datetime=2024-01-01T00%3A00%3A00.000Z%2F2025-01-01T23%3A59%3A59.999Z&status=not_deleted,2024-05-06T18:35:00,2024-05-17T18:27:03,GAO20240514t190451p0000-F,30.70759222
72fb20c2-4eba-442a-a1ca-3164923b2f39,166.1435842,4322.4655555555555,718149.9199810441,CH4_1B2_250m_-103.76133_32.13907?datetime=2024-01-01T00%3A00%3A00.000Z%2F2025-01-01T23%3A59%3A59.999Z&status=not_deleted,2023-11-02T17:14:05,2024-04-30T19:42:01,GAO20240430t171453p0000-I,40.20805506
fcaea587-ee37-451a-b783-8be6d69bf854,100.0861967,4322.4655555555555,432619.1378223081,CH4_1B2_250m_-103.76390_32.29602?datetime=2024-01-01T00%3A00%3A00.000Z%2F2025-01-01T23%3A59%3A59.999Z&status=not_deleted,2023-11-02T17:14:05,2024-04-30T19:42:01,GAO20240430t171453p0000-J,28.13705017
57569971-798e-4cd4-8f59-b674fdec297a,118.615977855,74.76694444444445,8868.554226508239,CH4_1B2_250m_-103.76390_32.29602?datetime=2024-01-01T00%3A00%3A00.000Z%2F2025-01-01T23%3A59%3A59.999Z&status=not_deleted,2024-05-14T16:41:02,2024-05-17T19:27:03,"GAO20240514t190451p0000-S, GAO20240517t182730p0000-A",23.662567250000002
7c92c802-1f20-4789-99e0-d9cbf9b3c935,2460.529713,6162.649722222222,15163382.752338974,CH4_1B2_250m_-103.77010_31.71476?datetime=2024-01-01T00%3A00%3A00.000Z%2F2025-01-01T23%3A59%3A59.999Z&status=not_deleted,2024-01-21T23:09:04,2024-10-04T17:48:03,emi20240719t230943p15003-B,220.2987053
8eb4bc3d-77ba-47f9-9753-11de349d3be1,101.068779,1.1341666666666668,114.62884018250001,CH4_1B2_250m_-103.77113_32.26416?datetime=2024-01-01T00%3A00%3A00.000Z%2F2025-01-01T23%3A59%3A59.999Z&status=not_deleted,2024-05-17T18:19:00,2024-05-17T19:27:03,GAO20240517t182730p0000-F,8.31359057
85915952-c679-4b1a-8709-fa3ab61fb38c,721.578507,2.45,1767.86734215,CH4_1B2_250m_-103.77159_32.20883?datetime=2024-01-01T00%3A00%3A00.000Z%2F2025-01-01T23%3A59%3A59.999Z&status=not_deleted,2024-04-30T17:24:02,2024-04-30T19:51:02,GAO20240430t194210p0000-A,189.2012014
c6097007-94b9-4b17-a518-7be4fb922a95,434.7203265,1.1341666666666668,493.04530363875006,CH4_1B2_250m_-103.77159_32.20883?datetime=2024-01-01T00%3A00%3A00.000Z%2F2025-01-01T23%3A59%3A59.999Z&status=not_deleted,2024-05-17T18:19:00,2024-05-17T19:27:03,GAO20240517t182730p0000-B,81.34141258
5afdc10b-bc9d-4ae7-b26d-5d766ac86bc8,129.104198,142.88305555555556,18446.802295289443,CH4_1B2_250m_-103.77746_32.10395?datetime=2024-01-01T00%3A00%3A00.000Z%2F2025-01-01T23%3A59%3A59.999Z&status=not_deleted,2024-04-30T19:42:01,2024-05-06T18:35:00,GAO20240430t195123p0000-C,50.59684129
575080be-890e-42b7-b194-9e8b3abb24a0,1205.970179,145.5663888888889,175548.72406471695,CH4_1B2_250m_-103.77903_32.20197?datetime=2024-01-01T00%3A00%3A00.000Z%2F2025-01-01T23%3A59%3A59.999Z&status=not_deleted,2024-04-30T17:14:05,2024-05-06T18:48:04,"GAO20240430t172428p0000-B, GAO20240430t195123p0000-B",259.42482459999997
195415ac-b0c3-4b90-a5a1-4b19f1afcfb3,250.2282564,143.10083333333333,35807.872014386994,CH4_1B2_250m_-103.77903_32.20197?datetime=2024-01-01T00%3A00%3A00.000Z%2F2025-01-01T23%3A59%3A59.999Z&status=not_deleted,2024-04-30T19:42:01,2024-05-06T18:48:04,GAO20240506t183505p0000-F,114.8952661
c08eb942-0eef-4b0b-9b70-af41775649a8,36.59292567,2.3841666666666668,87.243633618225,CH4_1B2_250m_-103.77903_32.20197?datetime=2024-01-01T00%3A00%3A00.000Z%2F2025-01-01T23%3A59%3A59.999Z&status=not_deleted,2024-05-14T16:41:02,2024-05-14T19:04:05,GAO20240514t165025p0000-G,14.17341163
5121c18b-c808-473f-b73e-ea358c33cbf3,271.10289375,407.4661111111111,110465.24182728125,CH4_1B2_250m_-103.78496_32.32121?datetime=2024-01-01T00%3A00%3A00.000Z%2F2025-01-01T23%3A59%3A59.999Z&status=not_deleted,2024-04-30T19:51:02,2024-05-17T19:19:00,"GAO20240506t183505p0000-A, GAO20240506t184846p0000-C, GAO20240514t165025p0000-M, GAO20240514t191350p0000-A, GAO20240514t191350p0000-B, GAO20240517t181906p0000-F",50.674550128125
0f3cdfa8-7681-48f2-b262-6a118912eaac,203.975427,263.5155555555556,53750.69796558667,CH4_1B2_250m_-103.78582_32.06861?datetime=2024-01-01T00%3A00%3A00.000Z%2F2025-01-01T23%3A59%3A59.999Z&status=not_deleted,2024-05-06T18:48:04,2024-05-17T18:19:00,"GAO20240514t165025p0000-C, GAO20240514t191350p0000-J",29.95980095
58c01589-d11e-4d56-ad26-a9b72621688f,232.288169,263.5155555555556,61211.54590301779,CH4_1B2_250m_-103.78766_32.26778?datetime=2024-01-01T00%3A00%3A00.000Z%2F2025-01-01T23%3A59%3A59.999Z&status=not_deleted,2024-05-06T18:48:04,2024-05-17T18:19:00,GAO20240514t165025p0000-O,93.88317158
c6401291-f0ea-49a9-ae26-f84c6745d0d7,626.6007051,72.09861111111111,45177.04055895292,CH4_1B2_250m_-103.78788_32.30564?datetime=2024-01-01T00%3A00%3A00.000Z%2F2025-01-01T23%3A59%3A59.999Z&status=not_deleted,2024-05-14T19:13:05,2024-05-17T19:19:00,GAO20240517t181906p0000-A,96.52206903
9e58cd2e-11b7-4884-bfc2-8f1ebc6e12b7,116.8758808,73.48277777777778,8588.364376408446,CH4_1B2_250m_-103.78972_32.13601?datetime=2024-01-01T00%3A00%3A00.000Z%2F2025-01-01T23%3A59%3A59.999Z&status=not_deleted,2024-05-14T16:50:02,2024-05-17T18:19:00,GAO20240514t191350p0000-F,34.32204637
0ca72304-f5e0-4819-99b3-9be7b3a9c3ac,227.3664347,4609.216388888889,1047981.0971024755,CH4_1B2_250m_-103.79344_32.31300?datetime=2024-01-01T00%3A00%3A00.000Z%2F2025-01-01T23%3A59%3A59.999Z&status=not_deleted,2023-11-02T17:24:02,2024-05-12T18:37:01,GAO20240430t172428p0000-A,65.27254174
7fd1e55c-7a31-4fff-8bc8-b60abdc9959f,200.0759417,4609.082222222222,922166.4659838397,CH4_1B2_250m_-103.79344_32.31300?datetime=2024-01-01T00%3A00%3A00.000Z%2F2025-01-01T23%3A59%3A59.999Z&status=not_deleted,2023-11-02T17:32:05,2024-05-12T18:37:01,GAO20240430t173259p0000-A,46.79635848
78c51f26-7823-4e70-bfc4-5db93524c991,318.0982371,4606.766388888889,1465404.2670370887,CH4_1B2_250m_-103.79344_32.31300?datetime=2024-01-01T00%3A00%3A00.000Z%2F2025-01-01T23%3A59%3A59.999Z&status=not_deleted,2023-11-02T19:51:02,2024-05-12T18:37:01,GAO20240430t195123p0000-A,79.83240446
6942143f-e178-4a2d-9347-c97bbdf28812,553.843674,4463.815833333333,2472256.161192705,CH4_1B2_250m_-103.79344_32.31300?datetime=2024-01-01T00%3A00%3A00.000Z%2F2025-01-01T23%3A59%3A59.999Z&status=not_deleted,2023-11-08T18:48:04,2024-05-12T18:37:01,GAO20240506t184846p0000-B,192.3451801
84a13a52-7b3c-4b9d-8776-027f6b2f3b79,835.4555738,73.18333333333334,61141.42374259667,CH4_1B2_250m_-103.79344_32.31300?datetime=2024-01-01T00%3A00%3A00.000Z%2F2025-01-01T23%3A59%3A59.999Z&status=not_deleted,2024-05-14T16:59:01,2024-05-17T18:10:01,GAO20240514t191350p0000-C,418.774793
fb7eee21-e03e-456e-af36-774f342c71d2,282.0418947,4322.45,1219111.987746015,CH4_1B2_250m_-103.79629_32.20832?datetime=2024-01-01T00%3A00%3A00.000Z%2F2025-01-01T23%3A59%3A59.999Z&status=not_deleted,2023-11-02T17:24:02,2024-04-30T19:51:02,GAO20240430t172428p0000-D,110.9439034
72b4f727-7ce5-4ed8-8493-ed80a82e95ee,357.4721742,4322.315833333333,1545107.6385207514,CH4_1B2_250m_-103.79629_32.20832?datetime=2024-01-01T00%3A00%3A00.000Z%2F2025-01-01T23%3A59%3A59.999Z&status=not_deleted,2023-11-02T17:32:05,2024-04-30T19:51:02,GAO20240430t173259p0000-D,157.3152519
c73a8e58-da9b-4ec4-a572-2ae490686fc2,232.9965572,286.6327777777778,66784.4504028949,CH4_1B2_250m_-103.79629_32.20832?datetime=2024-01-01T00%3A00%3A00.000Z%2F2025-01-01T23%3A59%3A59.999Z&status=not_deleted,2024-04-30T19:59:03,2024-05-12T18:37:01,GAO20240506t184846p0000-G,183.0509671
9c142004-a7e0-48f2-b423-3206f0b3e38b,319.4031157,2.3841666666666668,761.5102616814168,CH4_1B2_250m_-103.79629_32.20832?datetime=2024-01-01T00%3A00%3A00.000Z%2F2025-01-01T23%3A59%3A59.999Z&status=not_deleted,2024-05-14T16:50:02,2024-05-14T19:13:05,GAO20240514t165911p0000-H,103.6732912
dd0ec3df-ec6d-464b-81bb-13b14c5aa646,451.08546205000005,73.48277777777778,33147.01276660637,CH4_1B2_250m_-103.80030_32.04262?datetime=2024-01-01T00%3A00%3A00.000Z%2F2025-01-01T23%3A59%3A59.999Z&status=not_deleted,2024-05-14T16:50:02,2024-05-17T18:19:00,"GAO20240514t165911p0000-B, GAO20240517t152741p0000-I",106.09531041
649cba81-a1ee-4af1-807a-b84f99e2c67c,1047.33634095,71.09861111111111,74464.15920773812,CH4_1B2_250m_-103.80030_32.04262?datetime=2024-01-01T00%3A00%3A00.000Z%2F2025-01-01T23%3A59%3A59.999Z&status=not_deleted,2024-05-14T19:13:05,2024-05-17T18:19:00,"GAO20240517t154401p0000-K, GAO20240517t181017p0000-G",376.9412834
b9a61bda-cf5f-4e25-8835-28ed16c17571,232.011633,145.26638888888888,33703.49210612416,CH4_1B2_250m_-103.80199_32.23868?datetime=2024-01-01T00%3A00%3A00.000Z%2F2025-01-01T23%3A59%3A59.999Z&status=not_deleted,2024-04-30T17:32:05,2024-05-06T18:48:04,GAO20240430t195938p0000-C,65.88468001
5154fcfc-6ca7-46b8-a9c6-936a935d4580,158.8554245875,242.8322222222222,38575.215764637265,CH4_1B2_250m_-103.80199_32.23868?datetime=2024-01-01T00%3A00%3A00.000Z%2F2025-01-01T23%3A59%3A59.999Z&status=not_deleted,2024-05-07T15:29:04,2024-05-17T18:19:00,"GAO20240512t183716p0000-E, GAO20240514t165911p0000-M, GAO20240517t181017p0000-Q",53.20165281
7eacb7e3-c466-48ec-9812-a43b85f5b7bc,724.6005315,74.18333333333334,53753.282761775,CH4_1B2_250m_-103.80222_32.22422?datetime=2024-01-01T00%3A00%3A00.000Z%2F2025-01-01T23%3A59%3A59.999Z&status=not_deleted,2024-05-14T16:59:01,2024-05-17T19:10:01,GAO20240517t181017p0000-L,94.96878218
145b9b93-7b2a-4950-84b8-79ee7ee6269f,59.84506271,71.96638888888889,4306.833056067802,CH4_1B2_250m_-103.80241_32.80150?datetime=2024-01-01T00%3A00%3A00.000Z%2F2025-01-01T23%3A59%3A59.999Z&status=not_deleted,2024-05-06T18:48:04,2024-05-09T18:46:03,GAO20240509t174630p0000-C,16.66616407
ef667546-42de-4578-859a-2da9c862d5c8,868.83333255,286.6327777777778,249036.11153473027,CH4_1B2_250m_-103.80341_32.04343?datetime=2024-01-01T00%3A00%3A00.000Z%2F2025-01-01T23%3A59%3A59.999Z&status=not_deleted,2024-04-30T19:59:03,2024-05-12T18:37:01,"GAO20240506t184846p0000-H, GAO20240507t152949p0000-E",560.3425014
0d18d8e7-35bf-4036-8699-b299f1b232be,439.43378975,4391.783333333334,1929897.9939275545,CH4_1B2_250m_-103.80375_32.83332?datetime=2024-01-01T00%3A00%3A00.000Z%2F2025-01-01T23%3A59%3A59.999Z&status=not_deleted,2023-11-08T18:48:04,2024-05-09T18:35:04,"GAO20240506t184846p0000-A, GAO20240509t173540p0000-C",210.75415005500003
2b316698-df8f-4c88-a63a-c84917fe45a6,61.01786191,119.55,7294.6853913405,CH4_1B2_250m_-103.80438_32.11180?datetime=2024-01-01T00%3A00%3A00.000Z%2F2025-01-01T23%3A59%3A59.999Z&status=not_deleted,2024-05-12T18:37:01,2024-05-17T18:10:01,GAO20240514t165911p0000-G,16.12974243
5a894e27-55ad-4356-86ee-87fa5bad9859,417.5125785,163.50027777777777,68263.42256046625,CH4_1B2_250m_-103.80547_32.20965?datetime=2024-01-01T00%3A00%3A00.000Z%2F2025-01-01T23%3A59%3A59.999Z&status=not_deleted,2024-04-30T19:59:03,2024-05-07T15:29:04,GAO20240506t184846p0000-F,142.4998126
f12e089f-dad1-4868-a4ab-b11c88a0c689,315.2788402,119.55,37691.585345909996,CH4_1B2_250m_-103.80547_32.20965?datetime=2024-01-01T00%3A00%3A00.000Z%2F2025-01-01T23%3A59%3A59.999Z&status=not_deleted,2024-05-12T18:37:01,2024-05-17T18:10:01,GAO20240514t165911p0000-I,108.9652281
2f775ea3-95c5-4af8-86cd-4d2b9a167c51,210.76814960000002,403.1661111111111,84974.5752203169,CH4_1B2_250m_-103.80763_32.00348?datetime=2024-01-01T00%3A00%3A00.000Z%2F2025-01-01T23%3A59%3A59.999Z&status=not_deleted,2024-04-30T19:59:03,2024-05-17T15:09:01,"GAO20240507t152949p0000-B, GAO20240514t165911p0000-S",92.18983933999999
abeb577f-c664-4bdc-a62d-d70b4b4be6a3,226.0433994,21.683333333333334,4901.37437699,CH4_1B2_250m_-103.80777_32.64375?datetime=2024-01-01T00%3A00%3A00.000Z%2F2025-01-01T23%3A59%3A59.999Z&status=not_deleted,2024-05-06T18:48:04,2024-05-07T16:29:04,GAO20240507t152949p0000-I,111.7774876
de4489b5-ec03-4baa-88b3-73da95fffb58,44.81309017,4320.166388888889,193600.00593468107,CH4_1B2_250m_-103.81512_32.27161?datetime=2024-01-01T00%3A00%3A00.000Z%2F2025-01-01T23%3A59%3A59.999Z&status=not_deleted,2023-11-02T17:32:05,2024-04-30T17:42:04,GAO20240430t173259p0000-B,26.70763725
6a5db98f-50c8-4777-aba9-37e53e9a5874,216.53816331375,4729.6322222222225,1024145.87454953,CH4_1B2_250m_-103.81826_32.02406?datetime=2024-01-01T00%3A00%3A00.000Z%2F2025-01-01T23%3A59%3A59.999Z&status=not_deleted,2023-11-02T17:32:05,2024-05-17T19:10:01,"GAO20240430t173259p0000-C, GAO20240512t183716p0000-B, GAO20240514t165911p0000-A, GAO20240514t170815p0000-C, GAO20240517t150916p0000-J, GAO20240517t152741p0000-K, GAO20240517t180146p0000-F, GAO20240517t181017p0000-F",40.74724926335938
2d905613-0a3b-47f4-8bf9-0cdb34e12869,206.4776106,4485.783333333334,926213.8243359701,CH4_1B2_250m_-103.81826_32.02406?datetime=2024-01-01T00%3A00%3A00.000Z%2F2025-01-01T23%3A59%3A59.999Z&status=not_deleted,2023-11-02T17:42:04,2024-05-07T15:29:04,GAO20240430t174249p0000-C,54.1918703
7f99563c-ef68-487c-89c1-a0d3beb2882c,192.4286989,4483.500277777778,862754.1249705665,CH4_1B2_250m_-103.81826_32.02406?datetime=2024-01-01T00%3A00%3A00.000Z%2F2025-01-01T23%3A59%3A59.999Z&status=not_deleted,2023-11-02T19:59:03,2024-05-07T15:29:04,GAO20240430t195938p0000-A,65.13547169
ac362be1-1f6a-41df-983f-088790e81597,147.8765411,4320.166388888889,638851.2625653663,CH4_1B2_250m_-103.81915_32.15247?datetime=2024-01-01T00%3A00%3A00.000Z%2F2025-01-01T23%3A59%3A59.999Z&status=not_deleted,2023-11-02T17:32:05,2024-04-30T17:42:04,GAO20240430t173259p0000-E,58.11396508
b2df61fd-8dfc-498e-85d2-be71d3669177,40.36199201,286.4838888888889,11563.06043432706,CH4_1B2_250m_-103.81915_32.15247?datetime=2024-01-01T00%3A00%3A00.000Z%2F2025-01-01T23%3A59%3A59.999Z&status=not_deleted,2024-04-30T19:59:03,2024-05-12T18:28:05,GAO20240507t152949p0000-K,20.54805395
af4fa3c0-f054-491a-96f4-2160bf72f015,114.10147049,4729.6322222222225,539657.991432442,CH4_1B2_250m_-103.82035_32.00753?datetime=2024-01-01T00%3A00%3A00.000Z%2F2025-01-01T23%3A59%3A59.999Z&status=not_deleted,2023-11-02T17:32:05,2024-05-17T19:10:01,"GAO20240430t173259p0000-G, GAO20240517t150916p0000-A, GAO20240517t180146p0000-A, GAO20240517t181017p0000-E",28.3780111075
442cb5fc-6c01-43be-998f-c100f54bff3e,39.50191197,4655.4325,183898.48479727702,CH4_1B2_250m_-103.82035_32.00753?datetime=2024-01-01T00%3A00%3A00.000Z%2F2025-01-01T23%3A59%3A59.999Z&status=not_deleted,2023-11-02T17:42:04,2024-05-14T17:08:01,GAO20240430t174249p0000-H,14.09239305
ec68c44a-ab15-4b5d-8523-7f10953941f4,175.4078985,4653.149444444444,816199.1654564424,CH4_1B2_250m_-103.82035_32.00753?datetime=2024-01-01T00%3A00%3A00.000Z%2F2025-01-01T23%3A59%3A59.999Z&status=not_deleted,2023-11-02T19:59:03,2024-05-14T17:08:01,GAO20240430t195938p0000-E,66.27417588
e57c5f85-d3bf-4a3e-af72-8f86e7544c70,87.09044704,4489.649166666667,391005.5529777635,CH4_1B2_250m_-103.82035_32.00753?datetime=2024-01-01T00%3A00%3A00.000Z%2F2025-01-01T23%3A59%3A59.999Z&status=not_deleted,2023-11-09T15:29:04,2024-05-14T17:08:01,GAO20240507t152949p0000-N,38.73458446
12822696-d1c8-4325-b154-9af4ac97bfcb,346.1637561,4366.516666666666,1511529.810406585,CH4_1B2_250m_-103.82035_32.00753?datetime=2024-01-01T00%3A00%3A00.000Z%2F2025-01-01T23%3A59%3A59.999Z&status=not_deleted,2023-11-14T18:37:01,2024-05-14T17:08:01,GAO20240512t183716p0000-J,150.7650133
e9b3ef03-4c7c-4b75-8800-13ea20673f8a,131.9771343,4320.15,570161.0167461449,CH4_1B2_250m_-103.82035_32.00753?datetime=2024-01-01T00%3A00%3A00.000Z%2F2025-01-01T23%3A59%3A59.999Z&status=not_deleted,2023-11-16T16:59:01,2024-05-14T17:08:01,GAO20240514t165911p0000-R,14.71603588
bcccea4f-5994-4341-9b34-de443426294d,181.9532068,73.03333333333333,13288.649203293333,CH4_1B2_250m_-103.82121_32.10650?datetime=2024-01-01T00%3A00%3A00.000Z%2F2025-01-01T23%3A59%3A59.999Z&status=not_deleted,2024-05-14T17:08:01,2024-05-17T18:10:01,GAO20240517t180146p0000-H,111.4192791
6ff8f803-a2d9-44ad-bba0-46317a7f84f3,296.5431718,8088.099722222222,2398470.7454624767,CH4_1B2_250m_-103.82691_32.00257?datetime=2024-01-01T00%3A00%3A00.000Z%2F2025-01-01T23%3A59%3A59.999Z&status=not_deleted,2023-11-02T17:42:04,2024-10-04T17:48:03,GAO20240430t174249p0000-D,137.1122639
1952aad2-2bff-4b5d-8d79-5222ff0e9d25,293.6821248,7922.3163888888885,2326642.710426752,CH4_1B2_250m_-103.82691_32.00257?datetime=2024-01-01T00%3A00%3A00.000Z%2F2025-01-01T23%3A59%3A59.999Z&status=not_deleted,2023-11-09T15:29:04,2024-10-04T17:48:03,GAO20240507t152949p0000-A,134.8035705
3ab862f5-e2e2-45a9-937a-fd3f541b5e5c,195.9508424,7921.983888888889,1552319.4165070057,CH4_1B2_250m_-103.82691_32.00257?datetime=2024-01-01T00%3A00%3A00.000Z%2F2025-01-01T23%3A59%3A59.999Z&status=not_deleted,2023-11-09T15:49:01,2024-10-04T17:48:03,GAO20240507t154919p0001-B,55.85778118
a0792ed5-005d-4f51-8490-de67a6d5a617,319.6710495,7752.667222222222,2478303.2673520274,CH4_1B2_250m_-103.82691_32.00257?datetime=2024-01-01T00%3A00%3A00.000Z%2F2025-01-01T23%3A59%3A59.999Z&status=not_deleted,2023-11-16T17:08:01,2024-10-04T17:48:03,GAO20240514t170815p0000-A,58.15224374
357b7f83-2ca2-4a23-9261-1c9fe19194c6,97.90760736,7682.650555555556,752189.9340774192,CH4_1B2_250m_-103.82691_32.00257?datetime=2024-01-01T00%3A00%3A00.000Z%2F2025-01-01T23%3A59%3A59.999Z&status=not_deleted,2023-11-19T15:09:01,2024-10-04T17:48:03,GAO20240517t150916p0000-F,22.71793384
5489e72b-0a0e-4972-ac2c-f2e2b57d21c0,575.5936201,7679.783055555556,4420434.130529861,CH4_1B2_250m_-103.82691_32.00257?datetime=2024-01-01T00%3A00%3A00.000Z%2F2025-01-01T23%3A59%3A59.999Z&status=not_deleted,2023-11-19T18:01:04,2024-10-04T17:48:03,GAO20240517t180146p0000-D,120.215307
be778ffe-a225-41e6-9fe5-22d5f04cbf12,1181.229731,72.88416666666667,86092.94458582583,CH4_1B2_250m_-103.82714_32.03510?datetime=2024-01-01T00%3A00%3A00.000Z%2F2025-01-01T23%3A59%3A59.999Z&status=not_deleted,2024-05-14T17:08:01,2024-05-17T18:01:04,GAO20240517t152741p0000-J,279.7676985
c0cdb8c2-06aa-4d65-9f5e-7985398ed6a7,262.9893096,73.88416666666667,19430.745982038003,CH4_1B2_250m_-103.82738_32.22631?datetime=2024-01-01T00%3A00%3A00.000Z%2F2025-01-01T23%3A59%3A59.999Z&status=not_deleted,2024-05-14T17:08:01,2024-05-17T19:01:04,GAO20240517t180146p0000-J,71.35609892
5f263346-09b6-4e99-936c-ca883ae26395,286.8804665,4320.3325,1239419.0030351114,CH4_1B2_250m_-103.82761_32.53493?datetime=2024-01-01T00%3A00%3A00.000Z%2F2025-01-01T23%3A59%3A59.999Z&status=not_deleted,2023-11-09T15:29:04,2024-05-07T15:49:01,GAO20240507t152949p0000-J,178.1998564
cf5f1e61-3dff-4517-8ef8-055b5a5fb40e,137.1441842,4320.3325,592508.4761852466,CH4_1B2_250m_-103.82849_32.67448?datetime=2024-01-01T00%3A00%3A00.000Z%2F2025-01-01T23%3A59%3A59.999Z&status=not_deleted,2023-11-09T15:29:04,2024-05-07T15:49:01,GAO20240507t152949p0000-H,66.48841628
24e8304d-6490-4a29-921f-47c230b525c2,109.29003744500001,166.11583333333334,18154.805645207383,CH4_1B2_250m_-103.83008_32.20578?datetime=2024-01-01T00%3A00%3A00.000Z%2F2025-01-01T23%3A59%3A59.999Z&status=not_deleted,2024-04-30T17:42:04,2024-05-07T15:49:01,"GAO20240507t152949p0000-F, GAO20240507t152949p0000-M",60.95344624
de63ff75-7076-4d80-b3b5-16c93bd4502e,130.6970221,73.88416666666667,9656.440563673417,CH4_1B2_250m_-103.83008_32.20578?datetime=2024-01-01T00%3A00%3A00.000Z%2F2025-01-01T23%3A59%3A59.999Z&status=not_deleted,2024-05-14T17:08:01,2024-05-17T19:01:04,GAO20240517t180146p0000-I,15.05352727
57263576-429b-47fc-9e4c-b6c34fb09835,77.16121801,1.3325,102.817322998325,CH4_1B2_250m_-103.83101_32.73779?datetime=2024-01-01T00%3A00%3A00.000Z%2F2025-01-01T23%3A59%3A59.999Z&status=not_deleted,2024-05-07T15:29:04,2024-05-07T16:49:01,GAO20240507t154919p0000-C,46.5269142
a80a91a6-e492-46a9-a169-8e8b0153eb89,84.76851012,4320.149444444444,366212.63190130127,CH4_1B2_250m_-103.83525_32.16115?datetime=2024-01-01T00%3A00%3A00.000Z%2F2025-01-01T23%3A59%3A59.999Z&status=not_deleted,2023-11-02T17:42:04,2024-04-30T17:51:02,GAO20240430t174249p0000-I,32.75202995
9bbc8f30-e079-4401-85ac-490b69fcecfb,118.9895636,243.20083333333332,28938.361025489663,CH4_1B2_250m_-103.83525_32.16115?datetime=2024-01-01T00%3A00%3A00.000Z%2F2025-01-01T23%3A59%3A59.999Z&status=not_deleted,2024-05-07T15:49:01,2024-05-17T19:01:04,"GAO20240512t182852p0000-D, GAO20240517t180146p0000-B",31.832955515000002
ae91ce25-eb2e-4a70-ad8c-6a46613d4766,170.7569176,4320.149444444444,737695.4027046858,CH4_1B2_250m_-103.83750_32.10452?datetime=2024-01-01T00%3A00%3A00.000Z%2F2025-01-01T23%3A59%3A59.999Z&status=not_deleted,2023-11-02T17:42:04,2024-04-30T17:51:02,GAO20240430t174249p0000-G,58.28768049
c126128a-6102-4ffe-bef7-7c0d9ce0d419,219.18547905,73.74972222222222,16164.868195082207,CH4_1B2_250m_-103.83789_32.06069?datetime=2024-01-01T00%3A00%3A00.000Z%2F2025-01-01T23%3A59%3A59.999Z&status=not_deleted,2024-05-14T17:16:05,2024-05-17T19:01:04,"GAO20240517t154401p0000-L, GAO20240517t174422p0000-F, GAO20240517t180146p0000-G",72.8573696955
272e133c-c792-45cd-9836-39e1faaad6f7,324.4520259,4486.115833333333,1455529.370547067,CH4_1B2_250m_-103.83958_32.21318?datetime=2024-01-01T00%3A00%3A00.000Z%2F2025-01-01T23%3A59%3A59.999Z&status=not_deleted,2023-11-02T17:42:04,2024-05-07T15:49:01,GAO20240430t174249p0000-B,140.2807755
d9531ab8-311d-408b-b518-bd936b45ba9d,327.0332535,4485.966388888889,1467060.1832499795,CH4_1B2_250m_-103.83958_32.21318?datetime=2024-01-01T00%3A00%3A00.000Z%2F2025-01-01T23%3A59%3A59.999Z&status=not_deleted,2023-11-02T17:51:02,2024-05-07T15:49:01,GAO20240430t175124p0000-G,199.2567236
a533aa1a-d8aa-4c26-971f-2726225356a5,455.825880744375,243.20083333333332,110857.23405193262,CH4_1B2_250m_-103.84070_32.13688?datetime=2024-01-01T00%3A00%3A00.000Z%2F2025-01-01T23%3A59%3A59.999Z&status=not_deleted,2024-05-07T15:49:01,2024-05-17T19:01:04,"GAO20240512t181850p0000-A, GAO20240512t182852p0000-B, GAO20240514t171655p0000-C, GAO20240517t174422p0000-A, GAO20240517t180146p0000-C",87.461011780625
9e162267-5a7c-40db-b72b-63072712be1d,511.7756956,4369.351111111111,2236127.704209522,CH4_1B2_250m_-103.84277_32.85580?datetime=2024-01-01T00%3A00%3A00.000Z%2F2025-01-01T23%3A59%3A59.999Z&status=not_deleted,2023-11-09T15:49:01,2024-05-09T17:10:05,GAO20240507t154919p0000-D,461.143986
f35ad3b0-97c1-45fd-8787-0ab19d4857f3,401.05560227499996,288.76694444444445,115811.60082127812,CH4_1B2_250m_-103.84391_32.03237?datetime=2024-01-01T00%3A00%3A00.000Z%2F2025-01-01T23%3A59%3A59.999Z&status=not_deleted,2024-04-30T17:42:04,2024-05-12T18:28:05,"GAO20240430t175124p0000-A, GAO20240507t154919p0001-A, GAO20240512t181850p0000-B",118.971331405
a06b2ebf-1b57-44a5-bbe6-97b3658f8e71,184.48885115000002,72.88416666666667,13446.31617535846,CH4_1B2_250m_-103.84391_32.03237?datetime=2024-01-01T00%3A00%3A00.000Z%2F2025-01-01T23%3A59%3A59.999Z&status=not_deleted,2024-05-14T17:08:01,2024-05-17T18:01:04,"GAO20240514t171655p0000-A, GAO20240517t152741p0000-L, GAO20240517t174422p0000-G",91.2785376825
12be8562-1520-46cd-9206-5d73456de0bb,127.007277,73.46583333333334,9330.6954442025,CH4_1B2_250m_-103.84871_32.20953?datetime=2024-01-01T00%3A00%3A00.000Z%2F2025-01-01T23%3A59%3A59.999Z&status=not_deleted,2024-05-14T17:16:05,2024-05-17T18:44:02,GAO20240517t174422p0000-C,23.36870735
db1c0f91-c113-434c-a0eb-79e35b114279,109.476405,169.1002777777778,18512.490495612503,CH4_1B2_250m_-103.85300_32.11074?datetime=2024-01-01T00%3A00%3A00.000Z%2F2025-01-01T23%3A59%3A59.999Z&status=not_deleted,2024-05-07T16:10:04,2024-05-14T17:16:05,GAO20240512t181850p0000-C,23.98150033
adbe53bf-262b-4fa8-8ab1-b957845fd85c,79.66685671,167.31722222222223,13329.637167893006,CH4_1B2_250m_-103.85765_32.37250?datetime=2024-01-01T00%3A00%3A00.000Z%2F2025-01-01T23%3A59%3A59.999Z&status=not_deleted,2024-04-30T17:51:02,2024-05-07T17:10:04,GAO20240507t161040p0000-C,47.40476924
33811490-f8d0-407d-838f-9bf99cbe97a3,195.5333875,4320.166111111111,844736.7142682569,CH4_1B2_250m_-103.85877_32.20670?datetime=2024-01-01T00%3A00%3A00.000Z%2F2025-01-01T23%3A59%3A59.999Z&status=not_deleted,2023-11-02T17:51:02,2024-04-30T18:01:00,GAO20240430t175124p0000-F,64.4579777
ac9b56b0-174a-4ece-8404-f115bb9f0bb6,164.4383429,1.15,189.10409433499998,CH4_1B2_250m_-103.85877_32.20670?datetime=2024-01-01T00%3A00%3A00.000Z%2F2025-01-01T23%3A59%3A59.999Z&status=not_deleted,2024-05-17T17:35:02,2024-05-17T18:44:02,GAO20240517t174422p0000-D,37.93830016
83009172-159e-4964-8ca4-54485eaaf294,1982.104461,5328.233888888889,10561116.160418045,CH4_1B2_250m_-103.86569_31.73318?datetime=2024-01-01T00%3A00%3A00.000Z%2F2025-01-01T23%3A59%3A59.999Z&status=not_deleted,2024-02-25T17:34:01,2024-10-04T17:48:03,emi20240823t173410p11025-A,617.1343698
1c5e4e71-8ed9-4c2e-9e1f-431b764392df,191.9690639,242.41611111111112,46536.393924278396,CH4_1B2_250m_-103.86810_31.99348?datetime=2024-01-01T00%3A00%3A00.000Z%2F2025-01-01T23%3A59%3A59.999Z&status=not_deleted,2024-05-07T16:10:04,2024-05-17T18:35:02,GAO20240517t173526p0000-B,47.58242431
5d64b555-a9cd-4a0c-8158-95a856f3eddb,129.1059378,335.4175,43304.3908920315,CH4_1B2_250m_-103.86927_32.31285?datetime=2024-01-01T00%3A00%3A00.000Z%2F2025-01-01T23%3A59%3A59.999Z&status=not_deleted,2024-04-30T17:51:02,2024-05-14T17:16:05,"GAO20240430t180103p0000-B, GAO20240507t161040p0000-B",60.359001289999995
380b05b1-ce46-47ef-84e5-53cead5202b9,37.40707109,4486.151111111111,167813.77353381584,CH4_1B2_250m_-103.87253_31.99971?datetime=2024-01-01T00%3A00%3A00.000Z%2F2025-01-01T23%3A59%3A59.999Z&status=not_deleted,2023-11-02T18:01:00,2024-05-07T16:10:04,GAO20240430t180103p0000-H,18.51036783
00698dcf-52f3-4f65-9e1c-dd9e1f09eb59,252.78481531,242.09916666666666,61198.99313253824,CH4_1B2_250m_-103.87253_31.99971?datetime=2024-01-01T00%3A00%3A00.000Z%2F2025-01-01T23%3A59%3A59.999Z&status=not_deleted,2024-05-07T16:29:05,2024-05-17T18:35:02,"GAO20240512t180055p0000-A, GAO20240517t173526p0000-A",75.93128347
e397d628-8242-400a-b0a5-7a5143ae2d97,401.7290153,4486.151111111111,1802217.0683536676,CH4_1B2_250m_-103.87540_32.28328?datetime=2024-01-01T00%3A00%3A00.000Z%2F2025-01-01T23%3A59%3A59.999Z&status=not_deleted,2023-11-02T18:01:00,2024-05-07T16:10:04,GAO20240430t180103p0000-A,115.9976521
21c5fc5e-0bb6-4b4c-a3b8-1816cc35a9fa,1383.09155,5328.233888888889,7369435.268145862,CH4_1B2_250m_-103.87890_31.76628?datetime=2024-01-01T00%3A00%3A00.000Z%2F2025-01-01T23%3A59%3A59.999Z&status=not_deleted,2024-02-25T17:34:01,2024-10-04T17:48:03,emi20240823t173410p11025-C,437.3797382
7466646b-19da-422b-9b2f-ffbad9368c0b,53.9776090975,4728.866666666667,255252.9164075312,CH4_1B2_250m_-103.88256_32.06504?datetime=2024-01-01T00%3A00%3A00.000Z%2F2025-01-01T23%3A59%3A59.999Z&status=not_deleted,2023-11-02T18:01:00,2024-05-17T18:53:00,"GAO20240430t180103p0000-F, GAO20240517t173526p0000-D, GAO20240517t175307p0000-A",22.954037189999998
67e240bc-3e04-4ef7-8eeb-23d88f187f05,160.4323561,4725.5825,758136.3344199283,CH4_1B2_250m_-103.88256_32.06504?datetime=2024-01-01T00%3A00%3A00.000Z%2F2025-01-01T23%3A59%3A59.999Z&status=not_deleted,2023-11-02T18:09:03,2024-05-17T15:44:00,GAO20240430t180938p0000-C,66.03493374
4f6f2dc6-53bd-4701-92a5-22ab0b1eed6d,50.93516443,4559.248611111111,232226.07768419356,CH4_1B2_250m_-103.88256_32.06504?datetime=2024-01-01T00%3A00%3A00.000Z%2F2025-01-01T23%3A59%3A59.999Z&status=not_deleted,2023-11-09T16:29:05,2024-05-17T15:44:00,GAO20240507t162954p0001-E,9.502212709
78b265c5-d051-4cd5-be48-8b2269acae73,107.578513,4437.731944444445,477404.603675932,CH4_1B2_250m_-103.88256_32.06504?datetime=2024-01-01T00%3A00%3A00.000Z%2F2025-01-01T23%3A59%3A59.999Z&status=not_deleted,2023-11-14T18:00:05,2024-05-17T15:44:00,GAO20240512t180055p0000-D,74.79581528
2e19cbee-f6bb-4e3b-93f4-ff5f31ef16d0,27.79270793,4437.565833333333,123331.97112598037,CH4_1B2_250m_-103.88256_32.06504?datetime=2024-01-01T00%3A00%3A00.000Z%2F2025-01-01T23%3A59%3A59.999Z&status=not_deleted,2023-11-14T18:10:03,2024-05-17T15:44:00,GAO20240512t181035p0000-C,4.560004843
be79b8f6-c9d8-466f-9f62-7d00c76790b2,31.99299069,4390.3,140458.827026307,CH4_1B2_250m_-103.88256_32.06504?datetime=2024-01-01T00%3A00%3A00.000Z%2F2025-01-01T23%3A59%3A59.999Z&status=not_deleted,2023-11-16T17:26:00,2024-05-17T15:44:00,GAO20240514t172600p0000-B,7.74242035
8c080520-d186-4711-b8c4-f3ad4fbdbc58,33.33659077,4390.1658333333335,146353.16179826937,CH4_1B2_250m_-103.88256_32.06504?datetime=2024-01-01T00%3A00%3A00.000Z%2F2025-01-01T23%3A59%3A59.999Z&status=not_deleted,2023-11-16T17:34:03,2024-05-17T15:44:00,GAO20240514t173435p0000-C,2.803406961
3b75ef40-eef8-49ad-9b96-42bb67200ac0,144.5069047,4486.700277777778,648359.169458297,CH4_1B2_250m_-103.89001_32.01937?datetime=2024-01-01T00%3A00%3A00.000Z%2F2025-01-01T23%3A59%3A59.999Z&status=not_deleted,2023-11-02T18:09:03,2024-05-07T16:51:04,GAO20240430t180938p0000-A,70.67053867
b0d48247-9bf3-438a-b518-181d1c9bc8ab,97.54538323,4462.917777777778,435337.0249573133,CH4_1B2_250m_-103.89001_32.01937?datetime=2024-01-01T00%3A00%3A00.000Z%2F2025-01-01T23%3A59%3A59.999Z&status=not_deleted,2023-11-03T17:56:00,2024-05-07T16:51:04,GAO20240501t175603p0000-B,20.37839128
c2d6177a-4480-4b7b-9229-4fd02f676f07,203.2194604,4320.366388888889,877982.5262802965,CH4_1B2_250m_-103.89001_32.01937?datetime=2024-01-01T00%3A00%3A00.000Z%2F2025-01-01T23%3A59%3A59.999Z&status=not_deleted,2023-11-09T16:29:05,2024-05-07T16:51:04,GAO20240507t162954p0001-B,49.46576317
819843ea-3335-4572-a637-483685568b60,187.7922959,120.16694444444444,22566.42638850997,CH4_1B2_250m_-103.90060_32.21068?datetime=2024-01-01T00%3A00%3A00.000Z%2F2025-01-01T23%3A59%3A59.999Z&status=not_deleted,2024-05-12T17:16:03,2024-05-17T17:26:04,"GAO20240512t181035p0000-A, GAO20240515t185215p0000-F",51.53794245
eadf6fe3-c8c5-47c5-a85d-efcad59b4b6e,42.69492361,26.099444444444444,1114.3137868189942,CH4_1B2_250m_-103.90339_32.07947?datetime=2024-01-01T00%3A00%3A00.000Z%2F2025-01-01T23%3A59%3A59.999Z&status=not_deleted,2024-05-13T15:28:05,2024-05-14T17:34:03,GAO20240513t174613p0000-F,1.475088415
c1bfb8ce-5a56-41ac-8fe3-008426e33254,139.29481292062502,408.2836111111111,56871.78922827944,CH4_1B2_250m_-103.90709_32.11819?datetime=2024-01-01T00%3A00%3A00.000Z%2F2025-01-01T23%3A59%3A59.999Z&status=not_deleted,2024-04-30T18:09:03,2024-05-17T18:26:04,"GAO20240501t175603p0000-C, GAO20240512t171635p0000-A, GAO20240512t181035p0000-B, GAO20240513t174613p0000-C, GAO20240514t173435p0000-B, GAO20240517t172646p0000-C",36.318519097625
5d022036-bce7-499d-b704-686c535e05e9,185.75990995,4370.1658333333335,811801.6116665668,CH4_1B2_250m_-103.90736_32.77750?datetime=2024-01-01T00%3A00%3A00.000Z%2F2025-01-01T23%3A59%3A59.999Z&status=not_deleted,2023-11-09T16:51:04,2024-05-09T19:01:01,"GAO20240507t165149p0000-D, GAO20240509t180110p0000-D",78.414880225
4f96bf7c-3f50-4d4c-b4a6-845280f83e42,308.0431802,4321.0,1331054.5816442,CH4_1B2_250m_-103.90948_32.76505?datetime=2024-01-01T00%3A00%3A00.000Z%2F2025-01-01T23%3A59%3A59.999Z&status=not_deleted,2023-11-09T16:51:04,2024-05-07T17:51:04,GAO20240507t165149p0000-K,162.8832687
2cbb8b4f-ffae-4bfd-877c-9ebce4868f05,323.30232135125,98.96638888888889,31996.06326352833,CH4_1B2_250m_-103.91282_32.20517?datetime=2024-01-01T00%3A00%3A00.000Z%2F2025-01-01T23%3A59%3A59.999Z&status=not_deleted,2024-05-13T15:28:05,2024-05-17T18:26:04,"GAO20240513t153749p0000-D, GAO20240513t174613p0000-D, GAO20240513t175458p0000-E, GAO20240515t185215p0000-D, GAO20240517t171741p0000-C, GAO20240517t172646p0000-A",97.583595791875
d66bf0ea-bf60-489e-97de-597cc22ffd55,139.708429415,4561.583333333333,637291.6431456404,CH4_1B2_250m_-103.91285_31.99777?datetime=2024-01-01T00%3A00%3A00.000Z%2F2025-01-01T23%3A59%3A59.999Z&status=not_deleted,2023-11-09T16:51:04,2024-05-17T18:26:04,"GAO20240507t165149p0000-A, GAO20240513t152858p0000-E, GAO20240513t153749p0000-F, GAO20240513t174613p0000-A, GAO20240515t184355p0000-A, GAO20240515t185215p0000-A, GAO20240517t171741p0000-J, GAO20240517t172646p0000-D",46.135039159531246
3013ceee-0585-48ae-b4c3-79184e08cad3,320.68126359999997,2.433333333333333,780.3244080933332,CH4_1B2_250m_-103.91523_32.03828?datetime=2024-01-01T00%3A00%3A00.000Z%2F2025-01-01T23%3A59%3A59.999Z&status=not_deleted,2024-05-13T15:28:05,2024-05-13T17:54:05,"GAO20240513t153749p0000-G, GAO20240513t174613p0000-B",114.4395199
ec24ce27-0e52-4297-aabb-4d6a1493b655,267.412022,4320.332777777778,1155308.923818432,CH4_1B2_250m_-103.91696_32.76692?datetime=2024-01-01T00%3A00%3A00.000Z%2F2025-01-01T23%3A59%3A59.999Z&status=not_deleted,2023-11-09T16:51:04,2024-05-07T17:11:02,GAO20240507t165149p0000-L,129.1478946
a6892129-1291-436b-843c-5f456d436458,208.8182627,143.25055555555556,29913.332141920946,CH4_1B2_250m_-103.91890_32.09197?datetime=2024-01-01T00%3A00%3A00.000Z%2F2025-01-01T23%3A59%3A59.999Z&status=not_deleted,2024-05-01T17:56:00,2024-05-07T17:11:02,GAO20240507t165149p0000-C,110.6306184
af6a499d-997c-4543-a65a-23c5e881a35e,416.4525887,1.3327777777777778,555.0387557173889,CH4_1B2_250m_-103.92030_32.70663?datetime=2024-01-01T00%3A00%3A00.000Z%2F2025-01-01T23%3A59%3A59.999Z&status=not_deleted,2024-05-07T16:51:04,2024-05-07T18:11:02,GAO20240507t171126p0000-D,210.6342907
463401f7-7001-41a5-b110-1d574f70d945,204.989810975,4440.883333333333,910335.8350620279,CH4_1B2_250m_-103.92754_32.29156?datetime=2024-01-01T00%3A00%3A00.000Z%2F2025-01-01T23%3A59%3A59.999Z&status=not_deleted,2023-11-14T17:24:04,2024-05-17T18:17:04,"GAO20240512t172445p0000-K, GAO20240515t184355p0000-K, GAO20240517t171741p0000-B",68.97421252
ed081314-8bbb-4d6b-8745-3b99553ddce0,68.99350397,118.33222222222223,8164.154643667812,CH4_1B2_250m_-103.92963_32.04234?datetime=2024-01-01T00%3A00%3A00.000Z%2F2025-01-01T23%3A59%3A59.999Z&status=not_deleted,2024-05-12T17:24:04,2024-05-17T15:44:00,"GAO20240513t153749p0000-H, GAO20240513t175458p0000-H, GAO20240517t152741p0000-R",33.643450395
4e24f414-b863-4a0e-9e6a-c78f5491cf95,156.927536040625,384.6672222222222,60364.87937892488,CH4_1B2_250m_-103.93035_32.06420?datetime=2024-01-01T00%3A00%3A00.000Z%2F2025-01-01T23%3A59%3A59.999Z&status=not_deleted,2024-05-01T17:37:02,2024-05-17T18:17:04,"GAO20240501t174543p0000-E, GAO20240507t171126p0001-D, GAO20240512t172445p0000-C, GAO20240512t172445p0000-G, GAO20240513t153749p0000-C, GAO20240513t175458p0000-D, GAO20240517t154401p0000-M, GAO20240517t171741p0000-G",52.65358492296875
bff578e8-6671-4ef4-a743-c1973152f020,655.5492304,263.65,172835.55459496,CH4_1B2_250m_-103.93144_32.30669?datetime=2024-01-01T00%3A00%3A00.000Z%2F2025-01-01T23%3A59%3A59.999Z&status=not_deleted,2024-05-01T17:45:04,2024-05-12T17:24:04,GAO20240507t171126p0000-C,356.0474922
aaaa2566-3caa-4b2e-88f9-e92cbfeaa904,1324.542516,47.56638888888889,63003.704415923334,CH4_1B2_250m_-103.93144_32.30669?datetime=2024-01-01T00%3A00%3A00.000Z%2F2025-01-01T23%3A59%3A59.999Z&status=not_deleted,2024-05-15T18:43:05,2024-05-17T18:17:04,GAO20240517t171741p0000-A,457.2094371
05bd7b95-a539-4147-bb01-fe5979e42835,518.3467434849999,263.7838888888889,136731.51978936463,CH4_1B2_250m_-103.93298_32.01699?datetime=2024-01-01T00%3A00%3A00.000Z%2F2025-01-01T23%3A59%3A59.999Z&status=not_deleted,2024-05-01T17:37:02,2024-05-12T17:24:04,"GAO20240501t174543p0000-G, GAO20240507t171126p0001-I",259.931670535
8e4bdc87-c084-4df0-9610-fd3abdd7d366,200.14231552500001,47.56638888888889,9520.047213384854,CH4_1B2_250m_-103.93336_32.04298?datetime=2024-01-01T00%3A00%3A00.000Z%2F2025-01-01T23%3A59%3A59.999Z&status=not_deleted,2024-05-15T18:43:05,2024-05-17T18:17:04,"GAO20240517t152741p0000-M, GAO20240517t154401p0000-S, GAO20240517t171741p0000-H",98.78718495
2b1f44ad-f9eb-4d4a-8bab-127ca1790222,68.82002623,1.133888888888889,78.03426307523888,CH4_1B2_250m_-103.93336_32.04298?datetime=2024-01-01T00%3A00%3A00.000Z%2F2025-01-01T23%3A59%3A59.999Z&status=not_deleted,2024-05-17T17:09:02,2024-05-17T18:17:04,GAO20240517t171741p0000-I,20.24131208
f212cfab-4d1c-4a09-9001-8a7b88f1a50d,164.89508054542966,4704.667222222222,775776.4805477762,CH4_1B2_250m_-103.93439_32.06438?datetime=2024-01-01T00%3A00%3A00.000Z%2F2025-01-01T23%3A59%3A59.999Z&status=not_deleted,2023-11-03T17:37:02,2024-05-17T18:17:04,"GAO20240501t173728p0000-E, GAO20240512t172445p0000-F, GAO20240513t153749p0000-B, GAO20240513t154638p0000-I, GAO20240513t175458p0000-C, GAO20240513t180403p0000-G, GAO20240515t183424p0000-F, GAO20240515t184355p0000-B, GAO20240517t154401p0000-N, GAO20240517t171741p0000-E",81.81532359402344
a763682b-bf68-4b87-b787-302eb912463b,248.4370328478125,4704.533333333334,1168780.3022669624,CH4_1B2_250m_-103.93439_32.06438?datetime=2024-01-01T00%3A00%3A00.000Z%2F2025-01-01T23%3A59%3A59.999Z&status=not_deleted,2023-11-03T17:45:04,2024-05-17T18:17:04,"GAO20240501t174543p0000-A, GAO20240501t174543p0000-D, GAO20240512t172445p0000-M, GAO20240513t175458p0000-J, GAO20240515t184355p0000-I, GAO20240517t171741p0000-F",96.0705992875
1117be38-a75e-475b-8991-381cd15a7598,339.5142307,4320.366666666667,1466825.9651752566,CH4_1B2_250m_-103.93439_32.06438?datetime=2024-01-01T00%3A00%3A00.000Z%2F2025-01-01T23%3A59%3A59.999Z&status=not_deleted,2023-11-09T17:11:02,2024-05-07T17:33:02,"GAO20240507t171126p0001-B, GAO20240507t171126p0001-C",179.2250373
3f411635-7c57-4f99-935f-6c28a79da79a,44.99060239,143.56666666666666,6459.150816457666,CH4_1B2_250m_-103.93441_32.26316?datetime=2024-01-01T00%3A00%3A00.000Z%2F2025-01-01T23%3A59%3A59.999Z&status=not_deleted,2024-05-01T17:37:02,2024-05-07T17:11:02,GAO20240501t174543p0000-H,16.32646203
5a6d2c3d-87b3-4bcd-ab69-0e2f6f28aa18,1378.312124,5328.233888888889,7343969.368563225,CH4_1B2_250m_-103.93796_31.72792?datetime=2024-01-01T00%3A00%3A00.000Z%2F2025-01-01T23%3A59%3A59.999Z&status=not_deleted,2024-02-25T17:34:01,2024-10-04T17:48:03,emi20240823t173410p11025-B,444.2276407
0eac3dff-131e-4498-9981-23cf50649742,178.4083442,120.01694444444445,21412.02433427672,CH4_1B2_250m_-103.93920_32.15878?datetime=2024-01-01T00%3A00%3A00.000Z%2F2025-01-01T23%3A59%3A59.999Z&status=not_deleted,2024-05-07T17:33:02,2024-05-12T17:34:03,GAO20240512t172445p0000-I,52.4197932
16381671-78f3-4e59-bf6b-dece8ade3da3,683.4718817665528,384.53333333333336,262817.7209352984,CH4_1B2_250m_-103.93931_32.06593?datetime=2024-01-01T00%3A00%3A00.000Z%2F2025-01-01T23%3A59%3A59.999Z&status=not_deleted,2024-05-01T17:45:04,2024-05-17T18:17:04,"GAO20240507t171126p0001-A, GAO20240507t173329p0000-B, GAO20240512t172445p0000-B, GAO20240512t173430p0000-A, GAO20240513t153749p0000-A, GAO20240513t154638p0000-A, GAO20240513t175458p0000-B, GAO20240513t180403p0000-C, GAO20240515t183424p0000-B, GAO20240515t184355p0000-C, GAO20240517t170921p0000-D, GAO20240517t171741p0000-D",160.55534654907225
cead0862-074f-4392-a444-f559da945cbc,143.1673764,120.01694444444445,17182.511059655666,CH4_1B2_250m_-103.94069_32.06255?datetime=2024-01-01T00%3A00%3A00.000Z%2F2025-01-01T23%3A59%3A59.999Z&status=not_deleted,2024-05-07T17:33:02,2024-05-12T17:34:03,GAO20240512t172445p0000-H,17.0632955
30ded4a4-e0ba-45c5-b0dd-477488182e95,173.708663875,4656.95,808952.5622326813,CH4_1B2_250m_-103.94070_31.99952?datetime=2024-01-01T00%3A00%3A00.000Z%2F2025-01-01T23%3A59%3A59.999Z&status=not_deleted,2023-11-03T17:37:02,2024-05-15T18:34:02,"GAO20240501t173728p0000-F, GAO20240512t172445p0000-A, GAO20240513t180403p0000-F",58.821404317500004
82ee695c-da96-4dbc-9d74-595d59daa8fb,75.119976055,4608.150277777778,346164.1385245082,CH4_1B2_250m_-103.94070_31.99952?datetime=2024-01-01T00%3A00%3A00.000Z%2F2025-01-01T23%3A59%3A59.999Z&status=not_deleted,2023-11-03T17:45:04,2024-05-13T17:54:05,"GAO20240501t174543p0000-B, GAO20240512t173430p0000-D",18.289667160500002
8c8c01a4-5783-49dc-8b89-8f984840fa81,125.4889487,144.35083333333333,18114.434318968913,CH4_1B2_250m_-103.94070_31.99952?datetime=2024-01-01T00%3A00%3A00.000Z%2F2025-01-01T23%3A59%3A59.999Z&status=not_deleted,2024-05-07T17:33:02,2024-05-13T17:54:05,"GAO20240513t153749p0000-E, GAO20240513t154638p0000-G",80.0437052
5b54a32c-3cd0-49f6-b998-5d739a288d48,127.3491808,72.99972222222222,9296.454823627555,CH4_1B2_250m_-103.94373_32.04371?datetime=2024-01-01T00%3A00%3A00.000Z%2F2025-01-01T23%3A59%3A59.999Z&status=not_deleted,2024-05-12T17:34:03,2024-05-15T18:34:02,"GAO20240513t154638p0000-C, GAO20240513t180403p0000-A",45.227846385
617b9b60-5b06-4a59-bc0c-201ccc7b8a4c,178.089145175,4608.449444444444,820714.8221433148,CH4_1B2_250m_-103.94517_32.24078?datetime=2024-01-01T00%3A00%3A00.000Z%2F2025-01-01T23%3A59%3A59.999Z&status=not_deleted,2023-11-03T17:37:02,2024-05-13T18:04:00,"GAO20240501t173728p0000-D, GAO20240507t173329p0000-A, GAO20240513t154638p0000-E",56.03654403
b1969d6d-5c70-4ae0-ba82-46cd6de5fde3,328.9353736625,240.6,79141.8509031975,CH4_1B2_250m_-103.94879_32.06431?datetime=2024-01-01T00%3A00%3A00.000Z%2F2025-01-01T23%3A59%3A59.999Z&status=not_deleted,2024-05-07T17:33:02,2024-05-17T18:09:02,"GAO20240512t173430p0000-B, GAO20240513t154638p0000-B, GAO20240513t180403p0000-B, GAO20240515t183424p0000-A, GAO20240517t170921p0000-C",118.34366578750002
daa98099-5cfc-4c1b-861d-732bf88e0f5b,150.8042105,72.99972222222222,11008.665476441527,CH4_1B2_250m_-103.94879_32.26529?datetime=2024-01-01T00%3A00%3A00.000Z%2F2025-01-01T23%3A59%3A59.999Z&status=not_deleted,2024-05-12T17:34:03,2024-05-15T18:34:02,"GAO20240513t154638p0000-F, GAO20240513t180403p0000-E",64.772716
ceb51d9f-d356-4a9a-a7d9-1a6f78bd266f,214.3807543,142.21694444444444,30488.575824241194,CH4_1B2_250m_-103.95002_31.99995?datetime=2024-01-01T00%3A00%3A00.000Z%2F2025-01-01T23%3A59%3A59.999Z&status=not_deleted,2024-05-07T17:33:02,2024-05-13T15:46:03,GAO20240512t173430p0000-C,70.30478681
729a444c-442e-4cd9-920e-66074add5b02,16.46859742,50.79972222222222,836.6001743256055,CH4_1B2_250m_-103.95192_32.15557?datetime=2024-01-01T00%3A00%3A00.000Z%2F2025-01-01T23%3A59%3A59.999Z&status=not_deleted,2024-05-13T15:46:03,2024-05-15T18:34:02,GAO20240513t180403p0000-H,2.76162433
d6a72547-8859-4409-bfe9-2efebd8e7fe8,270.78136870000003,24.61722222222222,6665.885126925389,CH4_1B2_250m_-103.95439_32.09275?datetime=2024-01-01T00%3A00%3A00.000Z%2F2025-01-01T23%3A59%3A59.999Z&status=not_deleted,2024-05-12T17:34:03,2024-05-13T18:11:05,"GAO20240513t154638p0000-D, GAO20240513t180403p0000-D",135.73423541
2411acad-c314-4939-9098-cdb5bf33cbd7,102.932609605,94.81611111111111,9759.669749264303,CH4_1B2_250m_-103.95650_32.16090?datetime=2024-01-01T00%3A00%3A00.000Z%2F2025-01-01T23%3A59%3A59.999Z&status=not_deleted,2024-05-13T18:11:05,2024-05-17T17:00:03,"GAO20240515t182609p0000-E, GAO20240515t183424p0000-D",37.01156383
bf13cdfb-76ad-4e7b-b403-a7094ce17473,851.8964357,47.583333333333336,40536.072065391665,CH4_1B2_250m_-103.95688_32.23658?datetime=2024-01-01T00%3A00%3A00.000Z%2F2025-01-01T23%3A59%3A59.999Z&status=not_deleted,2024-05-15T18:34:02,2024-05-17T18:09:02,"GAO20240517t170031p0000-A, GAO20240517t170921p0000-B",209.55629235
528ee9aa-87f8-43ae-ac4b-95fdcd86d01f,569.6571089,1.1497222222222223,654.9474371491946,CH4_1B2_250m_-103.95865_32.27142?datetime=2024-01-01T00%3A00%3A00.000Z%2F2025-01-01T23%3A59%3A59.999Z&status=not_deleted,2024-05-17T17:00:03,2024-05-17T18:09:02,GAO20240517t170921p0000-A,136.453159
c0282df3-408f-4b40-894a-14261b4dd3c8,68.78713995,48.79972222222222,3356.793322021125,CH4_1B2_250m_-103.95900_32.84611?datetime=2024-01-01T00%3A00%3A00.000Z%2F2025-01-01T23%3A59%3A59.999Z&status=not_deleted,2024-05-07T17:33:02,2024-05-09T18:21:01,GAO20240509t172110p0000-E,21.73193427
b0907615-19dd-408d-ad2b-b0b8bbac8b8e,182.65283452,4465.634166666667,815660.7384710248,CH4_1B2_250m_-103.95983_31.99132?datetime=2024-01-01T00%3A00%3A00.000Z%2F2025-01-01T23%3A59%3A59.999Z&status=not_deleted,2023-11-09T17:33:02,2024-05-13T19:11:05,"GAO20240507t173329p0000-D, GAO20240513t181158p0000-A",75.88808901
a8982759-e2aa-47b8-8357-ae4c48b42b14,71.37754768,4322.299166666667,308515.1148559743,CH4_1B2_250m_-103.95983_31.99132?datetime=2024-01-01T00%3A00%3A00.000Z%2F2025-01-01T23%3A59%3A59.999Z&status=not_deleted,2023-11-15T15:46:03,2024-05-13T18:04:00,GAO20240513t154638p0000-H,22.62425777
d3f8be71-0d39-4872-8dc2-7ac2a0cf3913,123.8675621,4320.166666666667,535128.5128656834,CH4_1B2_250m_-103.96137_32.24819?datetime=2024-01-01T00%3A00%3A00.000Z%2F2025-01-01T23%3A59%3A59.999Z&status=not_deleted,2023-11-03T17:27:02,2024-05-01T17:37:02,GAO20240501t172723p0000-B,54.85091649
8f815ab3-742c-4852-8773-51f976b74627,179.35405005,47.583333333333336,8534.2635482125,CH4_1B2_250m_-103.96137_32.24819?datetime=2024-01-01T00%3A00%3A00.000Z%2F2025-01-01T23%3A59%3A59.999Z&status=not_deleted,2024-05-15T18:34:02,2024-05-17T18:09:02,"GAO20240517t170031p0000-J, GAO20240517t170921p0000-F",55.053420155
499fc0ef-a83f-4c34-b730-dc9515b71887,288.7875011,144.26694444444445,41662.49037744364,CH4_1B2_250m_-103.96379_32.16607?datetime=2024-01-01T00%3A00%3A00.000Z%2F2025-01-01T23%3A59%3A59.999Z&status=not_deleted,2024-05-01T17:37:02,2024-05-07T17:53:03,GAO20240507t173329p0000-G,104.6837818
05810593-c6e9-4d28-ae21-14c623833733,266.89636722499995,50.66583333333333,13522.526859093976,CH4_1B2_250m_-103.96379_32.16607?datetime=2024-01-01T00%3A00%3A00.000Z%2F2025-01-01T23%3A59%3A59.999Z&status=not_deleted,2024-05-13T15:46:03,2024-05-15T18:26:00,"GAO20240513t155454p0000-C, GAO20240513t180403p0000-I, GAO20240513t181158p0000-F",78.46466621575
46159fe9-9915-4f78-9f39-cadede4e0f83,105.6341213,4464.1,471561.28089533007,CH4_1B2_250m_-103.96813_32.13097?datetime=2024-01-01T00%3A00%3A00.000Z%2F2025-01-01T23%3A59%3A59.999Z&status=not_deleted,2023-11-03T17:27:02,2024-05-07T17:33:02,GAO20240501t172723p0000-G,36.56054485
529bca81-0ac9-467f-94ad-9027930ddbc5,271.02934291,240.11666666666667,65078.66238840618,CH4_1B2_250m_-103.96813_32.13097?datetime=2024-01-01T00%3A00%3A00.000Z%2F2025-01-01T23%3A59%3A59.999Z&status=not_deleted,2024-05-07T17:53:03,2024-05-17T18:00:03,"GAO20240512t174305p0000-F, GAO20240513t181158p0000-J, GAO20240517t170031p0000-D",95.7826735675
27c5f650-f207-44a8-953a-43f501f074e3,872.4594566,94.81611111111111,82723.21277692523,CH4_1B2_250m_-103.97061_32.14236?datetime=2024-01-01T00%3A00%3A00.000Z%2F2025-01-01T23%3A59%3A59.999Z&status=not_deleted,2024-05-13T18:11:05,2024-05-17T17:00:03,GAO20240515t182609p0000-C,97.88598318
d714f0d8-0326-4daa-b09c-3c7d54fcc03e,80.91711417,4464.4336111111115,361249.0842146632,CH4_1B2_250m_-103.97180_32.26966?datetime=2024-01-01T00%3A00%3A00.000Z%2F2025-01-01T23%3A59%3A59.999Z&status=not_deleted,2023-11-03T17:27:02,2024-05-07T17:53:03,GAO20240501t172723p0000-A,24.60942046
c161e27f-4c6e-461d-8641-21ca2e98760a,170.673134125,4704.550277777777,802940.3405569725,CH4_1B2_250m_-103.97345_32.30047?datetime=2024-01-01T00%3A00%3A00.000Z%2F2025-01-01T23%3A59%3A59.999Z&status=not_deleted,2023-11-03T17:27:02,2024-05-17T18:00:03,"GAO20240501t172723p0000-I, GAO20240512t174305p0000-C, GAO20240517t170031p0000-I",45.6757736375
cbd21121-d564-47c8-b96e-c3869a67c2a9,80.45252836,192.54916666666668,15491.067291944368,CH4_1B2_250m_-103.97345_32.30047?datetime=2024-01-01T00%3A00%3A00.000Z%2F2025-01-01T23%3A59%3A59.999Z&status=not_deleted,2024-05-07T17:53:03,2024-05-15T18:26:00,"GAO20240513t155454p0000-A, GAO20240513t181158p0000-I",20.859810025
c957ea9c-f34e-4b37-b9f9-d0e5b3eec107,5.311897963,45.01777777777778,239.12984207656444,CH4_1B2_250m_-103.97377_32.02600?datetime=2024-01-01T00%3A00%3A00.000Z%2F2025-01-01T23%3A59%3A59.999Z&status=not_deleted,2024-05-15T18:26:00,2024-05-17T15:27:04,GAO20240517t150916p0000-D,2.702297275
91bb3e37-2401-4a9c-a664-bce7bdd2f61d,430.4266561,47.5675,20474.319964036753,CH4_1B2_250m_-103.97411_32.22195?datetime=2024-01-01T00%3A00%3A00.000Z%2F2025-01-01T23%3A59%3A59.999Z&status=not_deleted,2024-05-15T18:26:00,2024-05-17T18:00:03,GAO20240517t170031p0000-C,105.3812848
2f742eb5-f5aa-4b40-8f46-73f1ae4d083e,159.9662239,95.24888888888889,15236.60508622622,CH4_1B2_250m_-103.97460_32.02104?datetime=2024-01-01T00%3A00%3A00.000Z%2F2025-01-01T23%3A59%3A59.999Z&status=not_deleted,2024-05-13T15:54:05,2024-05-17T15:09:01,"GAO20240513t181158p0000-K, GAO20240515t182609p0000-G",83.15405971999999
3fcc62df-42d6-4797-83a1-f3ec712355e3,142.8235359,24.468055555555555,3494.6142110420833,CH4_1B2_250m_-103.97468_32.26907?datetime=2024-01-01T00%3A00%3A00.000Z%2F2025-01-01T23%3A59%3A59.999Z&status=not_deleted,2024-05-12T17:43:00,2024-05-13T18:11:05,GAO20240513t155454p0000-I,15.59717169
22f9420c-9c5a-4ebf-a501-7601c0db59a8,90.71169708,47.5675,4314.9286508529,CH4_1B2_250m_-103.97568_32.29229?datetime=2024-01-01T00%3A00%3A00.000Z%2F2025-01-01T23%3A59%3A59.999Z&status=not_deleted,2024-05-15T18:26:00,2024-05-17T18:00:03,GAO20240517t170031p0000-H,19.79014571
0939f745-a1ce-4c2c-b918-fe0b4413c857,320.885457,144.56722222222223,46389.51916999833,CH4_1B2_250m_-103.97658_32.12603?datetime=2024-01-01T00%3A00%3A00.000Z%2F2025-01-01T23%3A59%3A59.999Z&status=not_deleted,2024-05-01T17:19:01,2024-05-07T17:53:03,"GAO20240501t172723p0000-C, GAO20240501t172723p0000-F",79.58365172
a83e84e5-2e65-4462-a42c-1b6ddda3bb04,165.701276715,142.1663888888889,23557.15214485008,CH4_1B2_250m_-103.97680_32.21609?datetime=2024-01-01T00%3A00%3A00.000Z%2F2025-01-01T23%3A59%3A59.999Z&status=not_deleted,2024-05-07T17:53:03,2024-05-13T16:03:02,"GAO20240512t174305p0000-E, GAO20240513t155454p0000-J",104.03247033000001
204adce3-d8b8-4ad1-971a-a3ebf34c1a0b,201.4841534703125,384.6838888888889,77507.70770644552,CH4_1B2_250m_-103.97739_32.01784?datetime=2024-01-01T00%3A00%3A00.000Z%2F2025-01-01T23%3A59%3A59.999Z&status=not_deleted,2024-05-01T17:19:01,2024-05-17T18:00:03,"GAO20240501t172723p0000-E, GAO20240507t175339p0001-A, GAO20240512t174305p0000-A, GAO20240513t155454p0000-F, GAO20240513t181158p0000-C, GAO20240515t182609p0000-A, GAO20240517t170031p0000-F",56.92753217015625
6797f150-8046-4ec4-ada6-c8708f7a95ca,230.6897075,45.18361111111111,10423.394031015972,CH4_1B2_250m_-103.97739_32.01784?datetime=2024-01-01T00%3A00%3A00.000Z%2F2025-01-01T23%3A59%3A59.999Z&status=not_deleted,2024-05-15T18:16:03,2024-05-17T15:27:04,GAO20240517t150916p0000-C,114.505678
b38b9e50-e38a-4077-8da0-c645be225be6,80.4491599,144.56722222222223,11630.311576854388,CH4_1B2_250m_-103.97780_32.19995?datetime=2024-01-01T00%3A00%3A00.000Z%2F2025-01-01T23%3A59%3A59.999Z&status=not_deleted,2024-05-01T17:19:01,2024-05-07T17:53:03,GAO20240501t172723p0000-H,27.13057621
b993bc2e-695c-497c-9f99-9ad672cc1c34,145.16484182,72.40055555555556,10510.015194902344,CH4_1B2_250m_-103.97780_32.19995?datetime=2024-01-01T00%3A00%3A00.000Z%2F2025-01-01T23%3A59%3A59.999Z&status=not_deleted,2024-05-12T17:52:01,2024-05-15T18:16:03,"GAO20240513t155454p0000-B, GAO20240513t181158p0000-H",64.589968595
8f381330-7a47-40f4-a51a-661a3a852fa6,59.26077712,1.1494444444444445,68.11697103404445,CH4_1B2_250m_-103.97780_32.19995?datetime=2024-01-01T00%3A00%3A00.000Z%2F2025-01-01T23%3A59%3A59.999Z&status=not_deleted,2024-05-17T16:51:05,2024-05-17T18:00:03,GAO20240517t170031p0000-G,16.55686287
182a48c4-b941-4a6e-bfd8-d721314ecba8,325.3713186,144.78333333333333,47108.344077969996,CH4_1B2_250m_-103.98172_32.12470?datetime=2024-01-01T00%3A00%3A00.000Z%2F2025-01-01T23%3A59%3A59.999Z&status=not_deleted,2024-05-01T17:27:02,2024-05-07T18:14:02,GAO20240507t175339p0000-B,82.26705689
15f7ae87-9279-43f1-b650-7bfc8e9c0fce,215.3663307,22.184722222222224,4777.84222259875,CH4_1B2_250m_-103.98172_32.12470?datetime=2024-01-01T00%3A00%3A00.000Z%2F2025-01-01T23%3A59%3A59.999Z&status=not_deleted,2024-05-12T17:43:00,2024-05-13T15:54:05,GAO20240512t175215p0000-E,57.78792631
454b9f6d-6484-4f89-bf25-2a0c73eedde6,445.19566568749997,97.95027777777777,43607.03911955331,CH4_1B2_250m_-103.98172_32.12470?datetime=2024-01-01T00%3A00%3A00.000Z%2F2025-01-01T23%3A59%3A59.999Z&status=not_deleted,2024-05-13T16:03:02,2024-05-17T18:00:03,"GAO20240513t181158p0000-D, GAO20240515t181635p0000-A, GAO20240515t182609p0000-B, GAO20240517t165151p0000-E, GAO20240517t170031p0000-E",122.907914131875
7933b922-aa29-4d25-afeb-053320850ebb,22.42392745,4464.567222222222,100113.13148675914,CH4_1B2_250m_-103.98192_32.13277?datetime=2024-01-01T00%3A00%3A00.000Z%2F2025-01-01T23%3A59%3A59.999Z&status=not_deleted,2023-11-03T17:19:01,2024-05-07T17:53:03,GAO20240501t171918p0000-F,8.830796623
2ba91f1c-ac52-465b-a3f4-659c9b9ad6d2,84.98058098,4464.4336111111115,379390.1620188616,CH4_1B2_250m_-103.98192_32.13277?datetime=2024-01-01T00%3A00%3A00.000Z%2F2025-01-01T23%3A59%3A59.999Z&status=not_deleted,2023-11-03T17:27:02,2024-05-07T17:53:03,GAO20240501t172723p0000-J,18.71450323
4e7d0771-610c-4aaa-aefb-bbe5f99679ba,174.4738472125,143.95083333333332,25115.65570111205,CH4_1B2_250m_-103.98192_32.13277?datetime=2024-01-01T00%3A00%3A00.000Z%2F2025-01-01T23%3A59%3A59.999Z&status=not_deleted,2024-05-07T18:14:02,2024-05-13T18:11:05,"GAO20240512t174305p0000-B, GAO20240512t175215p0000-C, GAO20240513t155454p0000-E, GAO20240513t160320p0000-J",41.72717769
f028ea15-fe9b-4364-920f-de3a49086894,846.8853038,24.317777777777778,20594.36862107422,CH4_1B2_250m_-103.98436_32.09489?datetime=2024-01-01T00%3A00%3A00.000Z%2F2025-01-01T23%3A59%3A59.999Z&status=not_deleted,2024-05-12T17:52:01,2024-05-13T18:11:05,GAO20240513t160320p0000-C,274.3047589
12f580b8-a519-4695-85e8-b5e6769e443a,275.8674406,50.216944444444444,13853.219938641278,CH4_1B2_250m_-103.98535_32.19274?datetime=2024-01-01T00%3A00%3A00.000Z%2F2025-01-01T23%3A59%3A59.999Z&status=not_deleted,2024-05-13T16:03:02,2024-05-15T18:16:03,GAO20240513t181158p0000-G,27.94404866
8e60522d-88bc-4641-b5e8-aff4285b25a7,126.368525,4584.399722222222,579323.830907632,CH4_1B2_250m_-103.98567_31.99939?datetime=2024-01-01T00%3A00%3A00.000Z%2F2025-01-01T23%3A59%3A59.999Z&status=not_deleted,2023-11-03T17:19:01,2024-05-12T17:43:00,GAO20240501t171918p0000-D,48.69105013
96e5aa5b-0c3f-4cca-814d-42b569a60b63,130.8193331,4584.266111111111,599710.635408486,CH4_1B2_250m_-103.98567_31.99939?datetime=2024-01-01T00%3A00%3A00.000Z%2F2025-01-01T23%3A59%3A59.999Z&status=not_deleted,2023-11-03T17:27:02,2024-05-12T17:43:00,GAO20240501t172723p0000-D,47.27480322
12a1902d-fdc8-4799-b183-99d886d7fd39,1011.221707,2.283333333333333,2308.956230983333,CH4_1B2_250m_-103.98576_32.26903?datetime=2024-01-01T00%3A00%3A00.000Z%2F2025-01-01T23%3A59%3A59.999Z&status=not_deleted,2024-05-13T15:54:05,2024-05-13T18:11:05,GAO20240513t160320p0000-F,181.0466305
0736f3d6-c72f-4926-9316-264b77384bcd,196.23565675,4368.116388888889,857180.1883340495,CH4_1B2_250m_-103.99184_32.84222?datetime=2024-01-01T00%3A00%3A00.000Z%2F2025-01-01T23%3A59%3A59.999Z&status=not_deleted,2023-11-09T18:14:02,2024-05-09T18:21:01,"GAO20240507t181420p0000-A, GAO20240509t172110p0000-B",91.98394911
d1fb3f35-8081-4e92-9497-4873291b9f60,596.5158054,141.81666666666666,84595.88313581,CH4_1B2_250m_-103.99201_32.26818?datetime=2024-01-01T00%3A00%3A00.000Z%2F2025-01-01T23%3A59%3A59.999Z&status=not_deleted,2024-05-07T18:14:02,2024-05-13T16:03:02,GAO20240512t175215p0000-D,163.7460337
bbc8d732-a8b0-4f14-8af6-2d4e52e35659,1088.848731,47.583888888888886,51811.657032711664,CH4_1B2_250m_-103.99373_32.22286?datetime=2024-01-01T00%3A00%3A00.000Z%2F2025-01-01T23%3A59%3A59.999Z&status=not_deleted,2024-05-15T18:16:03,2024-05-17T17:51:05,GAO20240517t165151p0000-B,209.2919155
6d0c5c39-397f-491c-9830-18930471d058,522.9085478156251,4704.5344444444445,2460041.274493033,CH4_1B2_250m_-103.99597_32.15037?datetime=2024-01-01T00%3A00%3A00.000Z%2F2025-01-01T23%3A59%3A59.999Z&status=not_deleted,2023-11-03T17:19:01,2024-05-17T17:51:05,"GAO20240501t171918p0000-B, GAO20240507t181420p0000-E, GAO20240512t175215p0000-A, GAO20240513t160320p0000-D, GAO20240515t181635p0000-B, GAO20240517t165151p0000-D",141.533090893125
391734de-e7ef-4729-8f97-f104289decd8,135.18128109875,382.5827777777778,51718.03002631838,CH4_1B2_250m_-103.99645_32.06398?datetime=2024-01-01T00%3A00%3A00.000Z%2F2025-01-01T23%3A59%3A59.999Z&status=not_deleted,2024-05-01T17:09:02,2024-05-17T15:44:00,"GAO20240501t171918p0000-E, GAO20240501t171918p0000-K, GAO20240507t181420p0000-G, GAO20240515t181635p0000-E",43.499435608750005
01ed0d1d-4952-4611-acb5-6df00e9b427c,183.767825175,334.6172222222222,61491.87919387746,CH4_1B2_250m_-103.99645_32.06398?datetime=2024-01-01T00%3A00%3A00.000Z%2F2025-01-01T23%3A59%3A59.999Z&status=not_deleted,2024-05-01T19:31:02,2024-05-15T18:08:04,"GAO20240512t175215p0000-F, GAO20240513t160320p0000-B, GAO20240513t160320p0000-H",95.9959179125
171106d0-4105-4097-ac7d-d686c60988a9,69.94978198,1.1505555555555556,80.48111026698889,CH4_1B2_250m_-103.99645_32.06398?datetime=2024-01-01T00%3A00%3A00.000Z%2F2025-01-01T23%3A59%3A59.999Z&status=not_deleted,2024-05-17T16:42:03,2024-05-17T17:51:05,GAO20240517t165151p0000-G,24.18342382
aeb83016-8cf4-4473-b220-d84fc806f554,792.8476466,46.56638888888889,36920.05184121594,CH4_1B2_250m_-103.99949_32.18465?datetime=2024-01-01T00%3A00%3A00.000Z%2F2025-01-01T23%3A59%3A59.999Z&status=not_deleted,2024-05-15T18:08:04,2024-05-17T16:42:03,GAO20240515t181635p0000-C,173.2667041
c49df0e8-e84a-4ba3-a86d-8381b8a37d78,419.4501813,143.03277777777777,59995.124570731496,CH4_1B2_250m_-104.00294_32.24012?datetime=2024-01-01T00%3A00%3A00.000Z%2F2025-01-01T23%3A59%3A59.999Z&status=not_deleted,2024-05-01T19:31:02,2024-05-07T18:33:00,GAO20240507t181420p0000-C,75.05146663
14117abb-74b4-4c15-9a4e-2725b23848f1,1580.1563512500002,8160.934166666667,12895551.95559146,CH4_1B2_250m_-104.00356_32.19624?datetime=2024-01-01T00%3A00%3A00.000Z%2F2025-01-01T23%3A59%3A59.999Z&status=not_deleted,2023-11-03T17:09:02,2024-10-08T18:05:05,"GAO20240501t170928p0000-A, GAO20240512t175215p0000-B",336.90142985
16e5c769-e2e1-41a2-ab7d-8b32a47f37bf,669.30520785,8160.767777777778,5462044.373721139,CH4_1B2_250m_-104.00356_32.19624?datetime=2024-01-01T00%3A00%3A00.000Z%2F2025-01-01T23%3A59%3A59.999Z&status=not_deleted,2023-11-03T17:19:01,2024-10-08T18:05:05,"GAO20240501t171918p0000-H, GAO20240513t160320p0000-E",144.83666449999998
743b713f-ade1-4633-aef2-9716a0ddec83,648.2127458499999,8158.5675,5288487.441377569,CH4_1B2_250m_-104.00356_32.19624?datetime=2024-01-01T00%3A00%3A00.000Z%2F2025-01-01T23%3A59%3A59.999Z&status=not_deleted,2023-11-03T19:31:02,2024-10-08T18:05:05,"GAO20240501t193128p0000-E, GAO20240513t161243p0000-B",173.44040475
4cf3b9e2-8422-40f7-866e-d5bd7638004c,769.1166196,8015.850833333333,6165124.096151176,CH4_1B2_250m_-104.00356_32.19624?datetime=2024-01-01T00%3A00%3A00.000Z%2F2025-01-01T23%3A59%3A59.999Z&status=not_deleted,2023-11-09T18:14:02,2024-10-08T18:05:05,"GAO20240507t181420p0000-D, GAO20240515t180844p0000-B",224.02247755000002
2306f9f9-199c-4a2e-aeef-6e6c8cd3b381,570.8179206,3695.534722222222,2109477.4456439875,CH4_1B2_250m_-104.00356_32.19624?datetime=2024-01-01T00%3A00%3A00.000Z%2F2025-01-01T23%3A59%3A59.999Z&status=not_deleted,2024-05-07T18:33:00,2024-10-08T18:05:05,"GAO20240515t181635p0000-D, GAO20240517t164236p0000-G, GAO20240517t165151p0000-C",180.5362023
c4f42e10-e125-4deb-ab55-95d96b553562,99.10894189,2.3666666666666667,234.55782913966667,CH4_1B2_250m_-104.00494_32.13926?datetime=2024-01-01T00%3A00%3A00.000Z%2F2025-01-01T23%3A59%3A59.999Z&status=not_deleted,2024-05-01T17:09:02,2024-05-01T19:31:02,GAO20240501t171918p0000-O,31.67927023
3f958cec-8616-449a-8111-176111fe6ab2,140.3144136,22.33416666666667,3133.805499078,CH4_1B2_250m_-104.00494_32.13926?datetime=2024-01-01T00%3A00%3A00.000Z%2F2025-01-01T23%3A59%3A59.999Z&status=not_deleted,2024-05-12T17:52:01,2024-05-13T16:12:04,GAO20240513t160320p0000-L,50.58839631
c3aee5fe-3d6e-4c67-b4c4-f1e95eb6bf22,97.32523297,144.91694444444445,14104.075379356103,CH4_1B2_250m_-104.00554_31.99931?datetime=2024-01-01T00%3A00%3A00.000Z%2F2025-01-01T23%3A59%3A59.999Z&status=not_deleted,2024-05-01T17:19:01,2024-05-07T18:14:02,GAO20240501t193128p0000-B,27.26602523
4ef457ba-a538-48b3-b051-e4bcaca703b5,85.767483,96.49972222222222,8276.538285199165,CH4_1B2_250m_-104.00554_31.99931?datetime=2024-01-01T00%3A00%3A00.000Z%2F2025-01-01T23%3A59%3A59.999Z&status=not_deleted,2024-05-13T16:12:04,2024-05-17T16:42:03,GAO20240515t181635p0000-F,12.84377614
05f1cf84-3469-42af-b0c5-d71f60d05239,710.3163803,4320.316111111111,3068791.301796217,CH4_1B2_250m_-104.00564_32.71988?datetime=2024-01-01T00%3A00%3A00.000Z%2F2025-01-01T23%3A59%3A59.999Z&status=not_deleted,2023-11-09T18:14:02,2024-05-07T18:33:00,GAO20240507t181420p0000-B,249.0628614
e5d591bb-fc05-4289-8f40-1700e182a9b6,177.197571925,97.65027777777777,17303.392120024007,CH4_1B2_250m_-104.00842_32.32527?datetime=2024-01-01T00%3A00%3A00.000Z%2F2025-01-01T23%3A59%3A59.999Z&status=not_deleted,2024-05-13T16:12:04,2024-05-17T17:51:05,"GAO20240515t180844p0000-E, GAO20240515t181635p0000-H, GAO20240517t164236p0000-A, GAO20240517t165151p0000-A",65.79298048999999
e6e492ef-0648-4dff-9f66-9393644c0856,1086.842591,144.91694444444445,157501.90737980307,CH4_1B2_250m_-104.00980_32.00031?datetime=2024-01-01T00%3A00%3A00.000Z%2F2025-01-01T23%3A59%3A59.999Z&status=not_deleted,2024-05-01T17:19:01,2024-05-07T18:14:02,GAO20240501t193128p0000-A,956.7207739
338c1473-6ec9-48d7-ac73-7b3095a25e72,259.8059005,4322.366666666667,1122976.3641245167,CH4_1B2_250m_-104.01110_32.26584?datetime=2024-01-01T00%3A00%3A00.000Z%2F2025-01-01T23%3A59%3A59.999Z&status=not_deleted,2023-11-03T17:09:02,2024-05-01T19:31:02,GAO20240501t170928p0000-C,162.1821799
55109f36-41ef-4d93-95cf-bed435662c89,121.2389723,4322.366666666667,524039.29257044336,CH4_1B2_250m_-104.01227_32.20285?datetime=2024-01-01T00%3A00%3A00.000Z%2F2025-01-01T23%3A59%3A59.999Z&status=not_deleted,2023-11-03T17:09:02,2024-05-01T19:31:02,GAO20240501t170928p0000-D,36.71815064
acce5909-1687-4f37-9128-7148a60ecdf8,109.23229404,239.15083333333334,26122.9941465777,CH4_1B2_250m_-104.01227_32.20285?datetime=2024-01-01T00%3A00%3A00.000Z%2F2025-01-01T23%3A59%3A59.999Z&status=not_deleted,2024-05-07T18:33:00,2024-05-17T17:42:03,"GAO20240513t161243p0000-E, GAO20240517t164236p0000-F",30.444389095
bd8c3c46-fd1f-4974-aba4-e646bc03fb4d,157.0110237,191.58444444444444,30080.869747218003,CH4_1B2_250m_-104.01508_32.32510?datetime=2024-01-01T00%3A00%3A00.000Z%2F2025-01-01T23%3A59%3A59.999Z&status=not_deleted,2024-05-07T18:33:00,2024-05-15T18:08:04,GAO20240513t161243p0000-F,50.42554154
54edfd1e-fae5-4272-afaa-96a41e6c1e68,128.91924617531248,4704.550277777777,606507.075404968,CH4_1B2_250m_-104.01744_32.06361?datetime=2024-01-01T00%3A00%3A00.000Z%2F2025-01-01T23%3A59%3A59.999Z&status=not_deleted,2023-11-03T17:09:02,2024-05-17T17:42:03,"GAO20240501t170928p0000-H, GAO20240501t193128p0000-C, GAO20240507t183306p0001-A, GAO20240513t161243p0000-A, GAO20240515t180844p0000-A, GAO20240517t154401p0000-O, GAO20240517t164236p0000-H",55.448172883687505
cfa94733-515a-491c-81cc-8888c6c18cb5,538.580442,4465.399444444444,2404976.806495443,CH4_1B2_250m_-104.01837_32.32924?datetime=2024-01-01T00%3A00%3A00.000Z%2F2025-01-01T23%3A59%3A59.999Z&status=not_deleted,2023-11-03T17:09:02,2024-05-07T18:33:00,"GAO20240501t170928p0000-B, GAO20240501t193128p0000-G",196.29492825
04398a1f-d070-4581-8422-ceca2b368403,247.8193968,48.2175,11949.231765204,CH4_1B2_250m_-104.01896_32.80728?datetime=2024-01-01T00%3A00%3A00.000Z%2F2025-01-01T23%3A59%3A59.999Z&status=not_deleted,2024-05-07T18:33:00,2024-05-09T18:46:03,GAO20240509t174630p0000-I,36.99251723
ec18893d-1e8b-4421-a940-07d372067ae9,74.60229912,2.3336111111111113,174.09275414086667,CH4_1B2_250m_-104.02026_32.06194?datetime=2024-01-01T00%3A00%3A00.000Z%2F2025-01-01T23%3A59%3A59.999Z&status=not_deleted,2024-05-01T17:01:01,2024-05-01T19:21:02,GAO20240501t170928p0000-J,25.38571936
9f3e3ce7-e45a-4de0-a746-2717193c6bd9,178.47628708000002,237.18333333333334,42331.60069059134,CH4_1B2_250m_-104.02026_32.06194?datetime=2024-01-01T00%3A00%3A00.000Z%2F2025-01-01T23%3A59%3A59.999Z&status=not_deleted,2024-05-07T18:33:00,2024-05-17T15:44:00,"GAO20240513t161243p0000-I, GAO20240515t180844p0000-D",66.46734527999999
7c3e788b-b073-4d90-8a67-72ccefaeb278,37.96836959,4367.0344444444445,165809.177798927,CH4_1B2_250m_-104.02317_32.81700?datetime=2024-01-01T00%3A00%3A00.000Z%2F2025-01-01T23%3A59%3A59.999Z&status=not_deleted,2023-11-09T18:33:00,2024-05-09T17:35:04,GAO20240507t183306p0000-C,20.84870849
4159f962-e0d6-4dce-aad4-73c5a96b05c7,385.4631887,46.56638888888889,17949.62874735536,CH4_1B2_250m_-104.02606_32.25598?datetime=2024-01-01T00%3A00%3A00.000Z%2F2025-01-01T23%3A59%3A59.999Z&status=not_deleted,2024-05-15T18:08:04,2024-05-17T16:42:03,GAO20240517t163411p0000-G,152.8922452
3f90b8e3-c1c0-4600-8ce3-44a247b772ff,616.3015192,47.56638888888889,29315.237735080224,CH4_1B2_250m_-104.02633_32.19900?datetime=2024-01-01T00%3A00%3A00.000Z%2F2025-01-01T23%3A59%3A59.999Z&status=not_deleted,2024-05-15T18:08:04,2024-05-17T17:42:03,"GAO20240517t163411p0000-E, GAO20240517t164236p0000-E",172.81304319999998
eac77968-b0bc-4ec3-bdab-a626846c31a3,111.6790724,4465.533055555556,498706.5894159821,CH4_1B2_250m_-104.02649_32.18310?datetime=2024-01-01T00%3A00%3A00.000Z%2F2025-01-01T23%3A59%3A59.999Z&status=not_deleted,2023-11-03T17:01:01,2024-05-07T18:33:00,GAO20240501t170114p0000-B,27.39711514
5a70c54e-ba15-42f1-9200-2936758c0152,202.4459023,4465.399444444444,904001.8196604742,CH4_1B2_250m_-104.02649_32.18310?datetime=2024-01-01T00%3A00%3A00.000Z%2F2025-01-01T23%3A59%3A59.999Z&status=not_deleted,2023-11-03T17:09:02,2024-05-07T18:33:00,GAO20240501t170928p0000-E,33.43009536
7a21048c-0216-478c-bb15-7296b099c93d,61.516807,4463.199444444444,274561.7788263961,CH4_1B2_250m_-104.02649_32.18310?datetime=2024-01-01T00%3A00%3A00.000Z%2F2025-01-01T23%3A59%3A59.999Z&status=not_deleted,2023-11-03T19:21:02,2024-05-07T18:33:00,GAO20240501t192129p0000-A,18.27634659
ba107e8f-f600-4f47-8657-ea24ba8679a5,464.0946443,4463.0327777777775,2071269.6095020187,CH4_1B2_250m_-104.02649_32.18310?datetime=2024-01-01T00%3A00%3A00.000Z%2F2025-01-01T23%3A59%3A59.999Z&status=not_deleted,2023-11-03T19:31:02,2024-05-07T18:33:00,GAO20240501t193128p0000-D,183.6398018
640ff39a-6e5d-4f0c-a52a-1c037f17d550,840.6107135,47.56638888888889,39984.81610250736,CH4_1B2_250m_-104.02726_32.25282?datetime=2024-01-01T00%3A00%3A00.000Z%2F2025-01-01T23%3A59%3A59.999Z&status=not_deleted,2024-05-15T18:08:04,2024-05-17T17:42:03,"GAO20240517t163411p0000-F, GAO20240517t164236p0000-D",214.28971615
28826b18-e22f-473a-a040-c6d894cf27b7,271.545784,191.08277777777778,51887.72270056445,CH4_1B2_250m_-104.02880_32.29223?datetime=2024-01-01T00%3A00%3A00.000Z%2F2025-01-01T23%3A59%3A59.999Z&status=not_deleted,2024-05-07T18:54:03,2024-05-15T17:59:01,"GAO20240513t161243p0000-G, GAO20240513t162138p0000-D",110.176945155
19c6d186-5b5e-4fe4-97b0-24d1768ea001,1466.6660695,47.56638888888889,69764.00863197514,CH4_1B2_250m_-104.02880_32.29223?datetime=2024-01-01T00%3A00%3A00.000Z%2F2025-01-01T23%3A59%3A59.999Z&status=not_deleted,2024-05-15T18:08:04,2024-05-17T17:42:03,"GAO20240517t163411p0000-I, GAO20240517t164236p0000-C",490.053942
ea46d4eb-8c8e-483f-9110-8d1a8378ab53,813.2297980000001,191.4336111111111,155679.51689429945,CH4_1B2_250m_-104.03284_32.33951?datetime=2024-01-01T00%3A00%3A00.000Z%2F2025-01-01T23%3A59%3A59.999Z&status=not_deleted,2024-05-07T18:33:00,2024-05-15T17:59:01,"GAO20240507t185435p0000-F, GAO20240513t162138p0000-C",122.831323005
f603e9fb-ac70-4417-94a7-8d1538b957b3,814.6470266,4321.0,3520089.8019386,CH4_1B2_250m_-104.04168_32.55561?datetime=2024-01-01T00%3A00%3A00.000Z%2F2025-01-01T23%3A59%3A59.999Z&status=not_deleted,2023-11-09T18:54:03,2024-05-07T19:54:03,GAO20240507t185435p0000-B,253.1520234
80fc4f19-4684-470f-a40c-c91f48821fb9,250.4431329,1.1830555555555555,296.2881397280833,CH4_1B2_250m_-104.04584_32.81329?datetime=2024-01-01T00%3A00%3A00.000Z%2F2025-01-01T23%3A59%3A59.999Z&status=not_deleted,2024-05-09T17:35:04,2024-05-09T18:46:03,GAO20240509t174630p0000-H,102.9977363
27e8d54f-b211-4204-8fbf-a0cf0627d0c7,123.4140146,2.000277777777778,246.86231087072224,CH4_1B2_250m_-104.04820_32.28863?datetime=2024-01-01T00%3A00%3A00.000Z%2F2025-01-01T23%3A59%3A59.999Z&status=not_deleted,2024-05-13T16:21:03,2024-05-13T18:21:04,GAO20240513t163124p0000-H,22.11794889
19f15d74-9e4b-450a-8c58-9865c974aeb9,245.4963026,47.449444444444445,11648.663171535223,CH4_1B2_250m_-104.04837_32.84642?datetime=2024-01-01T00%3A00%3A00.000Z%2F2025-01-01T23%3A59%3A59.999Z&status=not_deleted,2024-05-07T18:54:03,2024-05-09T18:21:01,GAO20240509t172110p0000-D,66.20854679
9087261a-aff3-48af-8cf0-04e4cd41a6d9,155.12736745,4466.050833333334,692806.7086728788,CH4_1B2_250m_-104.04850_32.15008?datetime=2024-01-01T00%3A00%3A00.000Z%2F2025-01-01T23%3A59%3A59.999Z&status=not_deleted,2023-11-03T16:51:00,2024-05-07T18:54:03,"GAO20240501t165103p0000-C, GAO20240501t165103p0000-I",39.338883155000005
2a7c5428-5ed5-48c9-a845-7629c5b3ab7c,49.35747746,4465.883888888889,220424.76338481045,CH4_1B2_250m_-104.04850_32.15008?datetime=2024-01-01T00%3A00%3A00.000Z%2F2025-01-01T23%3A59%3A59.999Z&status=not_deleted,2023-11-03T17:01:01,2024-05-07T18:54:03,GAO20240501t170114p0000-A,14.30299064
96c325e3-22f0-4c8e-a4d7-f4f032163ad7,120.526781565,4463.683888888889,537993.4530513207,CH4_1B2_250m_-104.04850_32.15008?datetime=2024-01-01T00%3A00%3A00.000Z%2F2025-01-01T23%3A59%3A59.999Z&status=not_deleted,2023-11-03T19:13:01,2024-05-07T18:54:03,"GAO20240501t191318p0000-E, GAO20240501t191318p0000-G",33.463299225
48bfc5b4-7486-4c04-b88d-860a5cf73a8f,87.15202846,4463.550277777777,389007.46084152977,CH4_1B2_250m_-104.04850_32.15008?datetime=2024-01-01T00%3A00%3A00.000Z%2F2025-01-01T23%3A59%3A59.999Z&status=not_deleted,2023-11-03T19:21:02,2024-05-07T18:54:03,GAO20240501t192129p0000-C,18.70800828
d6c0b314-02d4-449b-a57d-0e94d9606a34,143.394471899375,218.0336111111111,31264.814521591474,CH4_1B2_250m_-104.04850_32.15008?datetime=2024-01-01T00%3A00%3A00.000Z%2F2025-01-01T23%3A59%3A59.999Z&status=not_deleted,2024-05-08T15:32:00,2024-05-17T17:34:01,"GAO20240513t162138p0000-A, GAO20240513t163124p0000-D, GAO20240513t182140p0000-D, GAO20240515t175054p0000-D, GAO20240515t175910p0000-B, GAO20240517t162446p0000-F, GAO20240517t162446p0000-N, GAO20240517t163411p0000-D",49.592132248125
477c1ede-2906-4e73-8108-1889d08054d9,273.390455,1.833611111111111,501.29177595972214,CH4_1B2_250m_-104.04888_32.04883?datetime=2024-01-01T00%3A00%3A00.000Z%2F2025-01-01T23%3A59%3A59.999Z&status=not_deleted,2024-05-17T15:44:00,2024-05-17T17:34:01,"GAO20240517t162446p0000-D, GAO20240517t163411p0000-B",128.087535785
e97172a2-6c3e-467c-9478-00cbc3914553,102.15020222999999,47.583333333333336,4860.6471227775,CH4_1B2_250m_-104.04921_32.04389?datetime=2024-01-01T00%3A00%3A00.000Z%2F2025-01-01T23%3A59%3A59.999Z&status=not_deleted,2024-05-15T17:59:01,2024-05-17T17:34:01,"GAO20240517t152741p0000-O, GAO20240517t162446p0000-O, GAO20240517t163411p0000-A",47.3747566675
05d8bd6b-5823-48f1-ba1a-7cbb80ac0d7c,168.6733323,49.48388888888889,8346.612434051834,CH4_1B2_250m_-104.05167_32.29022?datetime=2024-01-01T00%3A00%3A00.000Z%2F2025-01-01T23%3A59%3A59.999Z&status=not_deleted,2024-05-13T16:21:03,2024-05-15T17:50:05,"GAO20240513t163124p0000-G, GAO20240513t182140p0000-F",64.91706780999999
57d689be-142f-49d9-83f5-17e6e0161bdb,113.2431571,1.1658333333333333,132.02264731908332,CH4_1B2_250m_-104.05167_32.29022?datetime=2024-01-01T00%3A00%3A00.000Z%2F2025-01-01T23%3A59%3A59.999Z&status=not_deleted,2024-05-17T16:24:04,2024-05-17T17:34:01,GAO20240517t163411p0000-H,31.64099049
62f57f4e-8734-4428-a90f-dd6c2a216003,214.390479675,4322.500555555555,926702.9675010095,CH4_1B2_250m_-104.05197_32.06263?datetime=2024-01-01T00%3A00%3A00.000Z%2F2025-01-01T23%3A59%3A59.999Z&status=not_deleted,2023-11-03T16:51:00,2024-05-01T19:21:02,"GAO20240501t165103p0000-E, GAO20240501t191318p0000-C",76.46520226
84b2598d-3fcd-45f4-9318-8a5c27fe607b,99.012447955,236.8325,23449.36558030254,CH4_1B2_250m_-104.05197_32.06263?datetime=2024-01-01T00%3A00%3A00.000Z%2F2025-01-01T23%3A59%3A59.999Z&status=not_deleted,2024-05-07T18:54:03,2024-05-17T15:44:00,"GAO20240508t153209p0000-I, GAO20240513t163124p0000-C",26.6633708185
cefd432e-6f3f-48f3-86be-557cd1e30d48,90.674294165,95.3825,8648.740863193112,CH4_1B2_250m_-104.05197_32.06263?datetime=2024-01-01T00%3A00%3A00.000Z%2F2025-01-01T23%3A59%3A59.999Z&status=not_deleted,2024-05-13T16:21:03,2024-05-17T15:44:00,"GAO20240513t182140p0000-C, GAO20240515t175054p0000-C, GAO20240515t175910p0000-A",35.5843189975
b8926d2f-085c-4c7a-afaa-55ce217dd190,98.37975137,1.1658333333333333,114.69439347219165,CH4_1B2_250m_-104.05197_32.06263?datetime=2024-01-01T00%3A00%3A00.000Z%2F2025-01-01T23%3A59%3A59.999Z&status=not_deleted,2024-05-17T16:24:04,2024-05-17T17:34:01,GAO20240517t163411p0000-C,33.33839894
59a8e4ba-185d-4c1b-9b73-245df1b958a8,1091.765425,141.45,154430.21936625,CH4_1B2_250m_-104.05303_32.25343?datetime=2024-01-01T00%3A00%3A00.000Z%2F2025-01-01T23%3A59%3A59.999Z&status=not_deleted,2024-05-07T18:54:03,2024-05-13T16:21:03,GAO20240508t153209p0000-D,376.4428767
8463a068-6025-4162-a5d7-5305041f38f9,600.247329,4340.6325,2605453.0642955923,CH4_1B2_250m_-104.05307_32.67172?datetime=2024-01-01T00%3A00%3A00.000Z%2F2025-01-01T23%3A59%3A59.999Z&status=not_deleted,2023-11-09T18:54:03,2024-05-08T15:32:00,GAO20240507t185435p0000-C,65.95454009
159442e4-0392-4b60-a022-2cdeb38e7351,88.63491818,46.583333333333336,4128.9099385516665,CH4_1B2_250m_-104.05370_32.28691?datetime=2024-01-01T00%3A00%3A00.000Z%2F2025-01-01T23%3A59%3A59.999Z&status=not_deleted,2024-05-15T17:59:01,2024-05-17T16:34:01,GAO20240517t162446p0000-I,27.32485887
86f7f520-a1db-41d8-9b28-85fead2a8451,206.1006735,47.6325,9817.09033048875,CH4_1B2_250m_-104.05460_32.16701?datetime=2024-01-01T00%3A00%3A00.000Z%2F2025-01-01T23%3A59%3A59.999Z&status=not_deleted,2024-05-13T18:21:04,2024-05-15T17:59:01,GAO20240515t175054p0000-E,130.7686857
8d534dd9-b8bc-41df-b9c7-62e89db63a1c,379.2180514,4340.6325,1646046.1984935103,CH4_1B2_250m_-104.05488_32.62281?datetime=2024-01-01T00%3A00%3A00.000Z%2F2025-01-01T23%3A59%3A59.999Z&status=not_deleted,2023-11-09T18:54:03,2024-05-08T15:32:00,GAO20240507t185435p0000-E,40.39866058
4face239-d064-4f78-b674-b6d21493bdba,1710.774295,5587.183333333333,9558409.628119083,CH4_1B2_250m_-104.05529_32.61483?datetime=2024-01-01T00%3A00%3A00.000Z%2F2025-01-01T23%3A59%3A59.999Z&status=not_deleted,2023-08-16T21:48:00,2024-04-05T16:59:00,emi20240212t214808p14022-A,197.4907267
fd5e73ec-e3f3-4730-9ddc-ec0a0face6de,587.3146246,7871.733611111111,4623184.270760925,CH4_1B2_250m_-104.05626_31.99365?datetime=2024-01-01T00%3A00%3A00.000Z%2F2025-01-01T23%3A59%3A59.999Z&status=not_deleted,2023-11-15T18:21:04,2024-10-08T18:05:05,GAO20240513t182140p0000-A,213.0265311
73ad7111-c6f4-4772-9092-a6fb3ea74251,353.5863437,7824.25,2766547.9496947248,CH4_1B2_250m_-104.05626_31.99365?datetime=2024-01-01T00%3A00%3A00.000Z%2F2025-01-01T23%3A59%3A59.999Z&status=not_deleted,2023-11-17T17:50:05,2024-10-08T18:05:05,GAO20240515t175054p0000-A,115.6291293
3325e86e-ab40-4f10-8e02-2048e00d814a,175.0109558,7777.6836111111115,1361179.8426905512,CH4_1B2_250m_-104.05626_31.99365?datetime=2024-01-01T00%3A00%3A00.000Z%2F2025-01-01T23%3A59%3A59.999Z&status=not_deleted,2023-11-19T16:24:04,2024-10-08T18:05:05,GAO20240517t162446p0000-A,66.12503053
b84941bf-4b3d-4db2-96cb-05ac272a6749,35.26782806,47.56638888888889,1677.5632247684277,CH4_1B2_250m_-104.05680_31.99086?datetime=2024-01-01T00%3A00%3A00.000Z%2F2025-01-01T23%3A59%3A59.999Z&status=not_deleted,2024-05-15T17:50:05,2024-05-17T17:24:04,GAO20240517t162446p0000-B,12.00655089
3ed4cee3-ac8f-4d4f-a953-34ef3e7e4a97,193.34334,49.3175,9535.210170450002,CH4_1B2_250m_-104.05929_32.18133?datetime=2024-01-01T00%3A00%3A00.000Z%2F2025-01-01T23%3A59%3A59.999Z&status=not_deleted,2024-05-13T16:31:02,2024-05-15T17:50:05,GAO20240513t182140p0000-I,77.32778289
8bcb5bba-5609-4068-a630-b728938d557f,468.04306660000003,334.6177777777778,156615.53084998846,CH4_1B2_250m_-104.05957_32.20193?datetime=2024-01-01T00%3A00%3A00.000Z%2F2025-01-01T23%3A59%3A59.999Z&status=not_deleted,2024-05-01T19:13:01,2024-05-15T17:50:05,"GAO20240508t153209p0000-C, GAO20240513t163124p0000-E, GAO20240513t182140p0000-E",186.942973695
bd3ce338-d5fb-46ce-9998-cee25b6122ad,163.48986660734374,4704.551111111111,769146.4336029863,CH4_1B2_250m_-104.06082_32.04787?datetime=2024-01-01T00%3A00%3A00.000Z%2F2025-01-01T23%3A59%3A59.999Z&status=not_deleted,2023-11-03T16:51:00,2024-05-17T17:24:04,"GAO20240501t165103p0000-B, GAO20240501t191318p0000-A, GAO20240508t153209p0000-B, GAO20240513t163124p0000-B, GAO20240513t182140p0000-B, GAO20240515t175054p0000-B, GAO20240517t154401p0000-P, GAO20240517t162446p0000-C",76.036685659375
c85aab21-c3d3-4a55-8a4f-5a424aba7e06,214.5677331,4346.816944444445,932686.6579701131,CH4_1B2_250m_-104.06180_32.84410?datetime=2024-01-01T00%3A00%3A00.000Z%2F2025-01-01T23%3A59%3A59.999Z&status=not_deleted,2023-11-10T15:32:00,2024-05-09T18:21:01,"GAO20240508t153209p0000-G, GAO20240509t172110p0000-A",51.493439034999994
6d68eafb-7d41-4f89-a754-3769b7945fc8,518.7337562,4348.716666666666,2255826.131149543,CH4_1B2_250m_-104.06457_32.75620?datetime=2024-01-01T00%3A00%3A00.000Z%2F2025-01-01T23%3A59%3A59.999Z&status=not_deleted,2023-11-10T15:32:00,2024-05-09T20:15:00,"GAO20240508t153209p0000-F, GAO20240509t191500p0000-C",168.539970005
f57d818b-2d85-410c-a8a7-e8721183fad0,172.2429289,47.56638888888889,8192.974139418639,CH4_1B2_250m_-104.06555_32.34989?datetime=2024-01-01T00%3A00%3A00.000Z%2F2025-01-01T23%3A59%3A59.999Z&status=not_deleted,2024-05-15T17:50:05,2024-05-17T17:24:04,GAO20240517t162446p0000-L,59.33328095
99be15a6-4c9d-486d-8251-bcff6ce23b62,120.09582599000001,4655.601111111111,559118.2609188507,CH4_1B2_250m_-104.06637_32.31087?datetime=2024-01-01T00%3A00%3A00.000Z%2F2025-01-01T23%3A59%3A59.999Z&status=not_deleted,2023-11-03T16:51:00,2024-05-15T16:27:04,"GAO20240501t165103p0000-J, GAO20240513t163124p0000-I, GAO20240513t182140p0000-K",49.6664964275
fc5954e0-140d-47d6-94b6-3bac5626e996,70.6119209,4484.3163888888885,316646.1941427958,CH4_1B2_250m_-104.06637_32.31087?datetime=2024-01-01T00%3A00%3A00.000Z%2F2025-01-01T23%3A59%3A59.999Z&status=not_deleted,2023-11-03T19:13:01,2024-05-08T15:32:00,GAO20240501t191318p0000-I,30.87652054
91881210-da53-48cc-9582-a72db9fdaafa,127.2941302,4320.149166666667,549929.6305050883,CH4_1B2_250m_-104.06650_32.10508?datetime=2024-01-01T00%3A00%3A00.000Z%2F2025-01-01T23%3A59%3A59.999Z&status=not_deleted,2023-11-03T16:42:03,2024-05-01T16:51:00,GAO20240501t164239p0000-D,82.29533868
303529d8-0b19-4c1e-a32d-06c4d44c82f9,125.3621956,4322.350277777778,541859.3209744921,CH4_1B2_250m_-104.06809_32.28893?datetime=2024-01-01T00%3A00%3A00.000Z%2F2025-01-01T23%3A59%3A59.999Z&status=not_deleted,2023-11-03T16:42:03,2024-05-01T19:03:04,GAO20240501t164239p0000-R,43.60627778
e7b8f0a6-9c57-4f7e-824c-391e6aa9095c,112.4444942,4322.2011111111115,486007.7177695669,CH4_1B2_250m_-104.06809_32.28893?datetime=2024-01-01T00%3A00%3A00.000Z%2F2025-01-01T23%3A59%3A59.999Z&status=not_deleted,2023-11-03T16:51:00,2024-05-01T19:03:04,GAO20240501t165103p0000-D,48.32583608
19ea062d-e233-43b4-995b-aa93c2d612cb,54.00908063,93.89972222222222,5071.437668634603,CH4_1B2_250m_-104.06809_32.28893?datetime=2024-01-01T00%3A00%3A00.000Z%2F2025-01-01T23%3A59%3A59.999Z&status=not_deleted,2024-05-13T18:21:04,2024-05-17T16:15:03,"GAO20240515t162745p0000-E, GAO20240515t175054p0000-H",16.965559815
6a8eb6e6-b2e3-4250-9321-70278341c6d3,82.96568709,1.1502777777777777,95.43358617769167,CH4_1B2_250m_-104.06817_32.28638?datetime=2024-01-01T00%3A00%3A00.000Z%2F2025-01-01T23%3A59%3A59.999Z&status=not_deleted,2024-05-17T16:15:03,2024-05-17T17:24:04,GAO20240517t162446p0000-M,31.314652
81af8014-da91-4f3e-8a0a-33551c242d9c,160.66792575,47.93388888888889,7701.438500908749,CH4_1B2_250m_-104.06888_32.15254?datetime=2024-01-01T00%3A00%3A00.000Z%2F2025-01-01T23%3A59%3A59.999Z&status=not_deleted,2024-05-13T16:31:02,2024-05-15T16:27:04,"GAO20240513t164003p0000-B, GAO20240513t182140p0000-J",28.172460985
8edb6b3e-a092-4ef2-836d-82901d013b37,92.18175044,4322.350277777778,398441.8146203758,CH4_1B2_250m_-104.06967_32.19536?datetime=2024-01-01T00%3A00%3A00.000Z%2F2025-01-01T23%3A59%3A59.999Z&status=not_deleted,2023-11-03T16:42:03,2024-05-01T19:03:04,GAO20240501t164239p0000-W,26.43289048
9570994f-1280-41db-8ea9-44a08f8088c2,66.22948038,4322.2011111111115,286257.1336867476,CH4_1B2_250m_-104.06967_32.19536?datetime=2024-01-01T00%3A00%3A00.000Z%2F2025-01-01T23%3A59%3A59.999Z&status=not_deleted,2023-11-03T16:51:00,2024-05-01T19:03:04,GAO20240501t165103p0000-G,13.0880666
cf08554d-b00e-4a70-b21e-fb6b89007335,108.80669842750001,47.95,5217.281189598626,CH4_1B2_250m_-104.07172_32.25548?datetime=2024-01-01T00%3A00%3A00.000Z%2F2025-01-01T23%3A59%3A59.999Z&status=not_deleted,2024-05-15T16:27:04,2024-05-17T16:24:04,"GAO20240515t174124p0000-E, GAO20240515t175054p0000-G, GAO20240517t161532p0000-C",58.9746310725
039ef6e4-f782-4801-9260-cc562879ad83,111.0375654375,48.95,5435.288828165626,CH4_1B2_250m_-104.07225_32.25929?datetime=2024-01-01T00%3A00%3A00.000Z%2F2025-01-01T23%3A59%3A59.999Z&status=not_deleted,2024-05-15T16:27:04,2024-05-17T17:24:04,"GAO20240515t174124p0000-H, GAO20240517t161532p0000-A, GAO20240517t162446p0000-H",48.7087281875
6c884795-862c-4d9b-8c4d-4f121504eb3d,106.523734305,334.76694444444445,35660.6250440967,CH4_1B2_250m_-104.08505_32.10815?datetime=2024-01-01T00%3A00%3A00.000Z%2F2025-01-01T23%3A59%3A59.999Z&status=not_deleted,2024-05-01T18:55:01,2024-05-15T17:41:02,"GAO20240501t190343p0000-A, GAO20240508t155059p0001-A, GAO20240513t164003p0000-A, GAO20240515t162745p0000-A",36.71044897125
8029d855-0be2-4b7e-9179-6676a36d4876,365.1755842,47.79972222222222,17455.291487097722,CH4_1B2_250m_-104.08540_32.23302?datetime=2024-01-01T00%3A00%3A00.000Z%2F2025-01-01T23%3A59%3A59.999Z&status=not_deleted,2024-05-15T16:27:04,2024-05-17T16:15:03,GAO20240515t174124p0000-G,160.3191644
3a6e290c-4eea-4369-9f1c-cb2257e1a1c9,97.160233,4322.216111111111,419947.52443190943,CH4_1B2_250m_-104.08561_32.04887?datetime=2024-01-01T00%3A00%3A00.000Z%2F2025-01-01T23%3A59%3A59.999Z&status=not_deleted,2023-11-03T16:42:03,2024-05-01T18:55:01,GAO20240501t164239p0000-B,34.80601872
eb872052-348b-4092-aaa9-6bbe22cdff4b,56.61990766,47.79972222222222,2706.4158583958724,CH4_1B2_250m_-104.08586_32.20245?datetime=2024-01-01T00%3A00%3A00.000Z%2F2025-01-01T23%3A59%3A59.999Z&status=not_deleted,2024-05-15T16:27:04,2024-05-17T16:15:03,GAO20240515t174124p0000-F,19.95048173
afb166e1-6ffb-4425-9d39-6a3e22ddcd4f,141.5946454,48.79972222222222,6909.779363674055,CH4_1B2_250m_-104.08701_32.36653?datetime=2024-01-01T00%3A00%3A00.000Z%2F2025-01-01T23%3A59%3A59.999Z&status=not_deleted,2024-05-15T16:27:04,2024-05-17T17:15:03,GAO20240517t161532p0000-F,36.31074026
edb88a8d-e38a-4296-a3ec-af98741cccff,111.32831685,216.41611111111112,24093.24138922258,CH4_1B2_250m_-104.08763_32.31751?datetime=2024-01-01T00%3A00%3A00.000Z%2F2025-01-01T23%3A59%3A59.999Z&status=not_deleted,2024-05-08T15:50:05,2024-05-17T16:15:03,"GAO20240513t164003p0000-E, GAO20240515t162745p0000-D",33.820974345
8339d435-ac30-43fd-9e8a-7d575024a461,291.3168735,47.93361111111111,13963.869724453749,CH4_1B2_250m_-104.08763_32.31751?datetime=2024-01-01T00%3A00%3A00.000Z%2F2025-01-01T23%3A59%3A59.999Z&status=not_deleted,2024-05-15T16:19:02,2024-05-17T16:15:03,GAO20240515t174124p0000-D,113.1463937
5b9699ae-7f83-4625-9cd0-dedbf2789e64,495.4753798,4487.133888888889,2223264.367810673,CH4_1B2_250m_-104.08897_32.04934?datetime=2024-01-01T00%3A00%3A00.000Z%2F2025-01-01T23%3A59%3A59.999Z&status=not_deleted,2023-11-03T16:42:03,2024-05-08T15:50:05,GAO20240501t164239p0000-A,304.6452599
fb56f1be-efe5-493c-b043-0b3ffd7e7dd8,363.1024753,4484.917777777778,1628484.7466280863,CH4_1B2_250m_-104.08897_32.04934?datetime=2024-01-01T00%3A00%3A00.000Z%2F2025-01-01T23%3A59%3A59.999Z&status=not_deleted,2023-11-03T18:55:01,2024-05-08T15:50:05,GAO20240501t185513p0000-B,121.1873693
b3f620d8-cda7-4df7-acef-8cbcb4b7c5ab,251.1286862,4484.783611111111,1126257.816149625,CH4_1B2_250m_-104.08897_32.04934?datetime=2024-01-01T00%3A00%3A00.000Z%2F2025-01-01T23%3A59%3A59.999Z&status=not_deleted,2023-11-03T19:03:04,2024-05-08T15:50:05,GAO20240501t190343p0000-B,96.58994723
0420d5e3-d0c1-4da7-af87-5f2cdc64f97b,41.48253348,47.63444444444445,1975.997436467867,CH4_1B2_250m_-104.08897_32.04934?datetime=2024-01-01T00%3A00%3A00.000Z%2F2025-01-01T23%3A59%3A59.999Z&status=not_deleted,2024-05-13T16:49:00,2024-05-15T16:27:04,GAO20240515t161920p0000-J,22.68298462
497bcb42-5082-4960-9e0d-25fa980ddd69,274.533492276875,217.03416666666666,59583.147718401335,CH4_1B2_250m_-104.09215_32.23599?datetime=2024-01-01T00%3A00%3A00.000Z%2F2025-01-01T23%3A59%3A59.999Z&status=not_deleted,2024-05-08T16:13:00,2024-05-17T17:15:03,"GAO20240513t164003p0000-D, GAO20240513t164908p0000-E, GAO20240515t161920p0000-C, GAO20240515t162745p0000-C, GAO20240515t174124p0000-C, GAO20240517t160621p0000-D, GAO20240517t161532p0000-D",106.82565340281249
700c84ca-71b7-4731-9f31-5a841e4ae0dd,255.11561298124997,217.03416666666666,55368.80446704144,CH4_1B2_250m_-104.09260_32.19434?datetime=2024-01-01T00%3A00%3A00.000Z%2F2025-01-01T23%3A59%3A59.999Z&status=not_deleted,2024-05-08T16:13:00,2024-05-17T17:15:03,"GAO20240513t164003p0000-C, GAO20240513t164908p0000-D, GAO20240515t161920p0000-D, GAO20240515t162745p0000-B, GAO20240515t174124p0000-B, GAO20240517t160621p0000-E, GAO20240517t161532p0000-E",129.69237729203124
8d5aab09-0b0d-4524-bd39-4fa851aff97a,121.7964454,27.884444444444444,3396.226215287111,CH4_1B2_250m_-104.09702_32.71950?datetime=2024-01-01T00%3A00%3A00.000Z%2F2025-01-01T23%3A59%3A59.999Z&status=not_deleted,2024-05-08T16:13:00,2024-05-09T20:06:04,GAO20240509t190640p0000-B,47.29821377
8d69e59b-6777-4e39-8dfe-2a69040d770c,39.50463171,1.166388888888889,46.077763486191664,CH4_1B2_250m_-104.09888_32.60956?datetime=2024-01-01T00%3A00%3A00.000Z%2F2025-01-01T23%3A59%3A59.999Z&status=not_deleted,2024-05-09T18:56:05,2024-05-09T20:06:04,GAO20240509t190640p0000-E,15.1795923
581d8db7-2da6-4e4d-99c1-4e5af55111d6,228.0041463625,3841.5344444444445,875885.7817276962,CH4_1B2_250m_-104.10347_32.32904?datetime=2024-01-01T00%3A00%3A00.000Z%2F2025-01-01T23%3A59%3A59.999Z&status=not_deleted,2024-05-01T16:33:01,2024-10-08T18:05:05,"GAO20240501t185513p0000-C, GAO20240501t185513p0000-D, GAO20240513t164908p0000-F",84.422315325
63de4080-2a48-47f8-8511-ff8d3fef8da2,61.86886368,3673.8680555555557,227298.04190747332,CH4_1B2_250m_-104.10347_32.32904?datetime=2024-01-01T00%3A00%3A00.000Z%2F2025-01-01T23%3A59%3A59.999Z&status=not_deleted,2024-05-08T16:13:00,2024-10-08T18:05:05,"GAO20240515t161920p0000-A, GAO20240517t160621p0000-F",23.8232888
bc7375b9-ff1d-4ce1-9f19-c0a7c7d2b8da,90.97421496125,384.55027777777775,34984.15963396395,CH4_1B2_250m_-104.10422_32.19496?datetime=2024-01-01T00%3A00%3A00.000Z%2F2025-01-01T23%3A59%3A59.999Z&status=not_deleted,2024-05-01T16:33:01,2024-05-17T17:06:02,"GAO20240501t185513p0000-A, GAO20240513t164908p0000-C, GAO20240515t161920p0000-E, GAO20240517t160621p0000-A",46.990392327500004
0249217a-58ae-4857-a194-bc60ceb24906,134.3132163,27.718055555555555,3722.90119124875,CH4_1B2_250m_-104.10588_32.62795?datetime=2024-01-01T00%3A00%3A00.000Z%2F2025-01-01T23%3A59%3A59.999Z&status=not_deleted,2024-05-08T16:13:00,2024-05-09T19:56:05,GAO20240509t185655p0000-B,74.63611065
01b7e764-7565-4799-91f9-220009e5068b,290.579355,27.718055555555555,8054.294705187501,CH4_1B2_250m_-104.10667_32.63106?datetime=2024-01-01T00%3A00%3A00.000Z%2F2025-01-01T23%3A59%3A59.999Z&status=not_deleted,2024-05-08T16:13:00,2024-05-09T19:56:05,GAO20240509t185655p0000-C,153.8856994
e6e6fda0-382b-41b3-9d34-c7b625fadf4b,56.30357494,48.78333333333333,2746.6760641563333,CH4_1B2_250m_-104.10732_32.33286?datetime=2024-01-01T00%3A00%3A00.000Z%2F2025-01-01T23%3A59%3A59.999Z&status=not_deleted,2024-05-15T16:19:02,2024-05-17T17:06:02,GAO20240517t160621p0000-C,28.97501829
b4555aeb-8cda-4d7c-b6be-f846aa94d604,226.3913568,4346.718055555555,984059.39822428,CH4_1B2_250m_-104.10868_32.67967?datetime=2024-01-01T00%3A00%3A00.000Z%2F2025-01-01T23%3A59%3A59.999Z&status=not_deleted,2023-11-10T16:13:00,2024-05-09T18:56:05,GAO20240508t161304p0000-I,73.3551734
29e7f30f-2e3b-4ac2-afde-abcc0ceefc63,732.5746108,285.89972222222224,209442.87773477254,CH4_1B2_250m_-104.11138_32.29552?datetime=2024-01-01T00%3A00%3A00.000Z%2F2025-01-01T23%3A59%3A59.999Z&status=not_deleted,2024-05-01T18:55:01,2024-05-13T16:49:00,GAO20240508t161304p0000-D,128.8014725
dc3a2341-2d85-4164-a3bc-7d0ea9560549,99.13401983,4320.3180555555555,428290.4957913515,CH4_1B2_250m_-104.11665_32.81169?datetime=2024-01-01T00%3A00%3A00.000Z%2F2025-01-01T23%3A59%3A59.999Z&status=not_deleted,2023-11-10T16:13:00,2024-05-08T16:32:05,GAO20240508t161304p0000-H,33.84931844
c55851a8-dfab-4fa3-888b-034eee27918f,103.2078530775,215.56583333333333,22248.08685519552,CH4_1B2_250m_-104.11713_32.26197?datetime=2024-01-01T00%3A00%3A00.000Z%2F2025-01-01T23%3A59%3A59.999Z&status=not_deleted,2024-05-08T16:32:05,2024-05-17T16:06:02,"GAO20240513t164908p0000-G, GAO20240513t165753p0000-I, GAO20240515t161920p0000-H",34.92559371
70c854c6-a242-4cd3-a758-cea84e5bf906,107.0509246,47.95,5133.09183457,CH4_1B2_250m_-104.11713_32.26197?datetime=2024-01-01T00%3A00%3A00.000Z%2F2025-01-01T23%3A59%3A59.999Z&status=not_deleted,2024-05-15T16:09:02,2024-05-17T16:06:02,GAO20240515t172324p0000-I,51.45278876
278938f7-293e-464d-a7e7-37c02776c428,173.51780310027345,384.55027777777775,66726.3193815999,CH4_1B2_250m_-104.11783_32.02615?datetime=2024-01-01T00%3A00%3A00.000Z%2F2025-01-01T23%3A59%3A59.999Z&status=not_deleted,2024-05-01T16:33:01,2024-05-17T17:06:02,"GAO20240501t184528p0000-A, GAO20240508t161304p0000-A, GAO20240508t163254p0001-A, GAO20240513t164908p0000-A, GAO20240513t165753p0000-A, GAO20240515t160920p0000-H, GAO20240515t161920p0000-I, GAO20240515t172324p0000-A, GAO20240517t152741p0000-P, GAO20240517t152741p0000-Q, GAO20240517t160621p0000-B",58.53200848862305
94f4ec07-1e40-4afa-9a20-b2ec81085481,477.7209806,47.365833333333335,22627.652346936167,CH4_1B2_250m_-104.11833_32.05746?datetime=2024-01-01T00%3A00%3A00.000Z%2F2025-01-01T23%3A59%3A59.999Z&status=not_deleted,2024-05-13T16:57:05,2024-05-15T16:19:02,GAO20240515t160920p0000-F,307.4574891
450cb436-07dd-46a5-89d0-8a59754126f5,1678.211621943,4703.699166666666,7893802.607623603,CH4_1B2_250m_-104.11879_32.12459?datetime=2024-01-01T00%3A00%3A00.000Z%2F2025-01-01T23%3A59%3A59.999Z&status=not_deleted,2023-11-03T16:24:05,2024-05-17T16:06:02,"GAO20240501t162458p0000-B, GAO20240501t184528p0000-E, GAO20240508t161304p0000-B",331.82569146775
6f164cdd-bff6-4615-838f-6c62177e45f1,332.06608933125,381.18361111111113,126578.15105883068,CH4_1B2_250m_-104.11879_32.12459?datetime=2024-01-01T00%3A00%3A00.000Z%2F2025-01-01T23%3A59%3A59.999Z&status=not_deleted,2024-05-01T18:55:01,2024-05-17T16:06:02,"GAO20240508t163254p0001-C, GAO20240513t165753p0000-D, GAO20240515t160920p0000-D, GAO20240515t161920p0000-F, GAO20240515t172324p0000-C",198.4699743725
6ebdd66d-d651-4570-9630-4511f511a7ba,133.47352805,49.4325,6597.930175331625,CH4_1B2_250m_-104.12094_32.19011?datetime=2024-01-01T00%3A00%3A00.000Z%2F2025-01-01T23%3A59%3A59.999Z&status=not_deleted,2024-05-13T16:57:05,2024-05-15T18:23:02,"GAO20240515t160920p0000-C, GAO20240515t172324p0000-D",70.794132065
f365d1cd-bb8c-4dcb-a18b-40a5e8394cef,191.1940245,27.4,5238.7162713,CH4_1B2_250m_-104.12097_32.70029?datetime=2024-01-01T00%3A00%3A00.000Z%2F2025-01-01T23%3A59%3A59.999Z&status=not_deleted,2024-05-08T16:32:05,2024-05-09T19:56:05,"GAO20240509t185655p0000-F, GAO20240509t185655p0000-H",82.537024745
cdfed7ff-ae91-407a-ad76-2757df3a102b,117.3028377925,4347.4,509962.3570191145,CH4_1B2_250m_-104.12284_32.70194?datetime=2024-01-01T00%3A00%3A00.000Z%2F2025-01-01T23%3A59%3A59.999Z&status=not_deleted,2023-11-10T16:32:05,2024-05-09T19:56:05,"GAO20240508t163254p0000-E, GAO20240509t184851p0000-A, GAO20240509t185655p0000-E",64.036856265
2bc0ff96-884b-4fe7-85e1-70cad242656c,75.3532174125,169.84916666666666,12798.681183165281,CH4_1B2_250m_-104.12405_32.25911?datetime=2024-01-01T00%3A00%3A00.000Z%2F2025-01-01T23%3A59%3A59.999Z&status=not_deleted,2024-05-08T16:32:05,2024-05-15T18:23:02,"GAO20240513t165753p0000-G, GAO20240515t160920p0000-J, GAO20240515t172324p0000-H",24.027906335
6806c14e-431f-48d7-ac9b-107021a434ea,608.3578976875,4347.4,2644775.124406637,CH4_1B2_250m_-104.12440_32.81519?datetime=2024-01-01T00%3A00%3A00.000Z%2F2025-01-01T23%3A59%3A59.999Z&status=not_deleted,2023-11-10T16:32:05,2024-05-09T19:56:05,"GAO20240508t163254p0000-B, GAO20240509t173540p0000-B, GAO20240509t174630p0000-B, GAO20240509t185655p0000-D",326.10451968750004
3bc06292-5a63-4e60-96f1-c51abb4ce52b,90.82564609,334.6333333333333,30393.288703250335,CH4_1B2_250m_-104.12569_31.99858?datetime=2024-01-01T00%3A00%3A00.000Z%2F2025-01-01T23%3A59%3A59.999Z&status=not_deleted,2024-05-01T18:45:02,2024-05-15T17:23:02,GAO20240513t165753p0000-B,21.82854294
8bf57dd0-0a81-4b49-becc-3fc875a2c3b2,259.8869241,4346.049722222222,1129481.4942939926,CH4_1B2_250m_-104.12847_32.82537?datetime=2024-01-01T00%3A00%3A00.000Z%2F2025-01-01T23%3A59%3A59.999Z&status=not_deleted,2023-11-10T16:32:05,2024-05-09T18:35:04,"GAO20240508t163254p0000-C, GAO20240509t173540p0000-I",129.927094745
4007cd0a-ccaa-4af6-8f2f-faabb709e592,202.1034121,1.1333333333333333,229.05053371333335,CH4_1B2_250m_-104.13224_32.25851?datetime=2024-01-01T00%3A00%3A00.000Z%2F2025-01-01T23%3A59%3A59.999Z&status=not_deleted,2024-05-15T17:15:02,2024-05-15T18:23:02,GAO20240515t172324p0000-F,79.14146465
92acf968-388f-4df7-b1aa-358ad8429f22,345.1306379,2.3658333333333332,816.5215674984166,CH4_1B2_250m_-104.13248_32.07758?datetime=2024-01-01T00%3A00%3A00.000Z%2F2025-01-01T23%3A59%3A59.999Z&status=not_deleted,2024-05-01T16:15:03,2024-05-01T18:37:00,GAO20240501t162458p0000-F,198.0794969
adefe919-230f-4bde-b807-05e8a37ad343,242.4442008475,48.4325,11742.178757546544,CH4_1B2_250m_-104.13436_32.10983?datetime=2024-01-01T00%3A00%3A00.000Z%2F2025-01-01T23%3A59%3A59.999Z&status=not_deleted,2024-05-13T16:57:05,2024-05-15T17:23:02,"GAO20240513t170648p0000-E, GAO20240515t160130p0000-H, GAO20240515t171529p0000-E",65.69018917
c4acca4a-ad92-4922-b0c6-169dab42c9e8,150.6942865,4322.365833333333,651355.8352461446,CH4_1B2_250m_-104.13608_32.21140?datetime=2024-01-01T00%3A00%3A00.000Z%2F2025-01-01T23%3A59%3A59.999Z&status=not_deleted,2023-11-03T16:15:03,2024-05-01T18:37:00,GAO20240501t161538p0000-G,26.96732144
dfe0ba32-79ef-429b-95ec-cdb3cdf52c0d,108.0781772,4322.215277777777,467137.14868821384,CH4_1B2_250m_-104.13608_32.21140?datetime=2024-01-01T00%3A00%3A00.000Z%2F2025-01-01T23%3A59%3A59.999Z&status=not_deleted,2023-11-03T16:24:05,2024-05-01T18:37:00,GAO20240501t162458p0000-D,34.16253958
b81f63a6-b670-47e1-901d-47962a0786ca,88.973074354375,4658.133055555556,414448.4187045165,CH4_1B2_250m_-104.13615_32.31417?datetime=2024-01-01T00%3A00%3A00.000Z%2F2025-01-01T23%3A59%3A59.999Z&status=not_deleted,2023-11-03T16:15:03,2024-05-15T18:23:02,"GAO20240501t161538p0000-B, GAO20240513t165753p0000-H, GAO20240513t170648p0000-D, GAO20240515t160130p0000-A, GAO20240515t160920p0000-A, GAO20240515t171529p0000-D, GAO20240515t172324p0000-G",49.639790388437504
c7a0bb2c-7143-4765-ac8f-5901b463a510,83.5717999,4656.616111111111,389161.789848894,CH4_1B2_250m_-104.13615_32.31417?datetime=2024-01-01T00%3A00%3A00.000Z%2F2025-01-01T23%3A59%3A59.999Z&status=not_deleted,2023-11-03T16:24:05,2024-05-15T17:01:03,"GAO20240501t162458p0000-C, GAO20240515t160130p0000-B",73.70829944
9e96d4c7-bcd9-41fc-bc3d-4e830b11b2fd,68.93648417,4486.3,309269.748931871,CH4_1B2_250m_-104.13615_32.31417?datetime=2024-01-01T00%3A00%3A00.000Z%2F2025-01-01T23%3A59%3A59.999Z&status=not_deleted,2023-11-03T18:37:00,2024-05-08T16:55:00,GAO20240501t183708p0000-B,45.23217958
800478e2-de85-443e-b767-c76c04f4f2cb,40.45704389,4486.166111111111,181497.01925505282,CH4_1B2_250m_-104.13615_32.31417?datetime=2024-01-01T00%3A00%3A00.000Z%2F2025-01-01T23%3A59%3A59.999Z&status=not_deleted,2023-11-03T18:45:02,2024-05-08T16:55:00,GAO20240501t184528p0000-D,21.22845436
c0ec1ca0-e3f1-4841-972e-58e480d3be67,158.5729383,4320.381944444444,685095.659508823,CH4_1B2_250m_-104.13615_32.31417?datetime=2024-01-01T00%3A00%3A00.000Z%2F2025-01-01T23%3A59%3A59.999Z&status=not_deleted,2023-11-10T16:32:05,2024-05-08T16:55:00,GAO20240508t163254p0000-D,102.4257222
4a92594d-ba63-4249-8edf-66220aaa8dfc,140.50453358761717,338.13305555555553,47509.22726138918,CH4_1B2_250m_-104.13655_32.06720?datetime=2024-01-01T00%3A00%3A00.000Z%2F2025-01-01T23%3A59%3A59.999Z&status=not_deleted,2024-05-01T16:15:03,2024-05-15T18:23:02,"GAO20240501t162458p0000-A, GAO20240501t183708p0000-A, GAO20240501t184528p0000-B, GAO20240508t163254p0001-B, GAO20240513t165753p0000-C, GAO20240513t170648p0000-B, GAO20240515t160130p0000-F, GAO20240515t160920p0000-E, GAO20240515t171529p0000-A, GAO20240515t172324p0000-B",90.09421357699219
5a7f1986-bd07-4216-885c-4afe896a132b,222.0265506,49.14944444444444,10912.481613906333,CH4_1B2_250m_-104.14430_32.08152?datetime=2024-01-01T00%3A00%3A00.000Z%2F2025-01-01T23%3A59%3A59.999Z&status=not_deleted,2024-05-13T17:06:04,2024-05-15T18:15:02,"GAO20240515t160130p0000-E, GAO20240515t171529p0000-B",131.01676500000002
64f1c28d-7ab9-48e9-ba20-6ecee558ba58,137.25076583999999,25.850833333333334,3548.0466726021996,CH4_1B2_250m_-104.14634_32.81965?datetime=2024-01-01T00%3A00%3A00.000Z%2F2025-01-01T23%3A59%3A59.999Z&status=not_deleted,2024-05-08T16:55:00,2024-05-09T18:46:03,"GAO20240509t173540p0000-D, GAO20240509t174630p0000-G",60.696880755
f5e8ee08-ad13-4849-b0a1-f7b7e83c1660,138.9361633,25.884722222222223,3596.323993641806,CH4_1B2_250m_-104.15036_32.53387?datetime=2024-01-01T00%3A00%3A00.000Z%2F2025-01-01T23%3A59%3A59.999Z&status=not_deleted,2024-05-08T16:55:00,2024-05-09T18:48:05,GAO20240509t183855p0000-A,125.6693698
e7ec8c81-6847-46ca-b2b2-c0583e908e34,28.94066303,4488.6658333333335,129904.96533677414,CH4_1B2_250m_-104.15070_32.20085?datetime=2024-01-01T00%3A00%3A00.000Z%2F2025-01-01T23%3A59%3A59.999Z&status=not_deleted,2023-11-03T16:15:03,2024-05-08T16:55:00,"GAO20240501t161538p0000-E, GAO20240501t183708p0000-D",6.6928484755
df7cacc6-a124-40cf-80ca-943b680c9cdc,143.3304382,4345.718055555555,622873.6731964296,CH4_1B2_250m_-104.15073_32.51962?datetime=2024-01-01T00%3A00%3A00.000Z%2F2025-01-01T23%3A59%3A59.999Z&status=not_deleted,2023-11-10T16:55:00,2024-05-09T18:38:05,GAO20240508t165509p0000-B,26.66401855
e044ed60-b68a-4105-b0b6-af8db2e7fc22,132.4836434,7994.000555555555,1059074.3189416241,CH4_1B2_250m_-104.15297_32.53942?datetime=2024-01-01T00%3A00%3A00.000Z%2F2025-01-01T23%3A59%3A59.999Z&status=not_deleted,2023-11-10T16:55:00,2024-10-08T18:55:02,GAO20240508t165509p0000-C,43.09347642
7b789a7e-c44d-4fc5-ac36-b2c4adf00ce7,468.3255601,7968.2825,3731750.3648475283,CH4_1B2_250m_-104.15297_32.53942?datetime=2024-01-01T00%3A00%3A00.000Z%2F2025-01-01T23%3A59%3A59.999Z&status=not_deleted,2023-11-11T18:38:05,2024-10-08T18:55:02,GAO20240509t183855p0000-B,316.9317702
77e58ba2-06ef-4fdc-a6e4-465f2fdfbaba,36.895926994999996,168.79888888888888,6227.9914812815605,CH4_1B2_250m_-104.15445_32.20731?datetime=2024-01-01T00%3A00%3A00.000Z%2F2025-01-01T23%3A59%3A59.999Z&status=not_deleted,2024-05-01T16:07:04,2024-05-08T16:55:00,"GAO20240501t161538p0000-H, GAO20240501t183708p0000-C",14.664307008
8343e773-2c00-406c-83ac-9ae73cdacece,106.7611458,1.2338888888888888,131.73139156766666,CH4_1B2_250m_-104.15445_32.20731?datetime=2024-01-01T00%3A00%3A00.000Z%2F2025-01-01T23%3A59%3A59.999Z&status=not_deleted,2024-05-15T15:51:02,2024-05-15T17:05:04,GAO20240515t160130p0000-G,57.61547405
3f97d450-0462-492b-b7ef-97cd19a41b21,604.8753326,26.718055555555555,16161.092740591943,CH4_1B2_250m_-104.15488_32.56973?datetime=2024-01-01T00%3A00%3A00.000Z%2F2025-01-01T23%3A59%3A59.999Z&status=not_deleted,2024-05-08T16:55:00,2024-05-09T19:38:05,GAO20240509t183855p0000-C,369.2937057
43f6a856-0c68-4768-96f6-76d4d604984f,94.19169121,1.2338888888888888,116.22208120967221,CH4_1B2_250m_-104.15597_32.28611?datetime=2024-01-01T00%3A00%3A00.000Z%2F2025-01-01T23%3A59%3A59.999Z&status=not_deleted,2024-05-15T15:51:02,2024-05-15T17:05:04,GAO20240515t160130p0000-C,48.30731475
69a18943-e58a-485a-ab9d-8c64993bd084,260.0936044,4345.718055555555,1130293.4727756039,CH4_1B2_250m_-104.15632_32.56535?datetime=2024-01-01T00%3A00%3A00.000Z%2F2025-01-01T23%3A59%3A59.999Z&status=not_deleted,2023-11-10T16:55:00,2024-05-09T18:38:05,GAO20240508t165509p0000-D,56.42667258
933b06a7-ddfb-427a-b1ea-34b68a5ac2c4,64.73889358,26.718055555555555,1729.6973552756388,CH4_1B2_250m_-104.15757_32.70630?datetime=2024-01-01T00%3A00%3A00.000Z%2F2025-01-01T23%3A59%3A59.999Z&status=not_deleted,2024-05-08T16:55:00,2024-05-09T19:38:05,GAO20240509t183855p0000-F,58.4649228
46d67376-c468-4423-9f7c-f735d19e666d,234.715557,26.718055555555555,6271.143291679166,CH4_1B2_250m_-104.16005_32.63731?datetime=2024-01-01T00%3A00%3A00.000Z%2F2025-01-01T23%3A59%3A59.999Z&status=not_deleted,2024-05-08T16:55:00,2024-05-09T19:38:05,GAO20240509t183855p0000-D,179.877062
efc9d154-0d76-4807-97a1-b40092a4b798,537.6205369,4345.584722222222,2336275.5915055485,CH4_1B2_250m_-104.16558_32.61504?datetime=2024-01-01T00%3A00%3A00.000Z%2F2025-01-01T23%3A59%3A59.999Z&status=not_deleted,2023-11-10T16:55:00,2024-05-09T18:30:05,GAO20240508t165509p0000-E,171.4269671
6f6ba675-30ab-4f74-bcb8-200ccea62e69,926.123061,4345.268055555555,4024252.952476629,CH4_1B2_250m_-104.16558_32.61504?datetime=2024-01-01T00%3A00%3A00.000Z%2F2025-01-01T23%3A59%3A59.999Z&status=not_deleted,2023-11-10T17:14:00,2024-05-09T18:30:05,GAO20240508t171400p0000-D,257.9965522
a501687d-ae57-44bd-9017-432cb360dc6c,87.64295989,25.40138888888889,2226.2529075391803,CH4_1B2_250m_-104.16721_32.59338?datetime=2024-01-01T00%3A00%3A00.000Z%2F2025-01-01T23%3A59%3A59.999Z&status=not_deleted,2024-05-08T17:14:00,2024-05-09T18:38:05,GAO20240509t183050p0000-B,53.70818774
b6e845ef-a5b2-404d-8e43-b2a43d4c77db,460.75388655,333.41583333333335,153622.6410456404,CH4_1B2_250m_-104.17026_32.27835?datetime=2024-01-01T00%3A00%3A00.000Z%2F2025-01-01T23%3A59%3A59.999Z&status=not_deleted,2024-05-01T18:26:05,2024-05-15T15:51:02,"GAO20240508t171400p0000-F, GAO20240513t171504p0000-B",108.09108608
9cc9408a-bf6f-4de4-902d-ca7a16452354,37.171048,47.60055555555556,1769.3625353822224,CH4_1B2_250m_-104.17096_32.03533?datetime=2024-01-01T00%3A00%3A00.000Z%2F2025-01-01T23%3A59%3A59.999Z&status=not_deleted,2024-05-15T15:51:02,2024-05-17T15:27:04,GAO20240515t170544p0000-A,25.40973564
f311212a-e0ac-4a90-b54e-99f935bd6a6f,92.93990568,25.40138888888889,2360.802687474333,CH4_1B2_250m_-104.17127_32.59821?datetime=2024-01-01T00%3A00%3A00.000Z%2F2025-01-01T23%3A59%3A59.999Z&status=not_deleted,2024-05-08T17:14:00,2024-05-09T18:38:05,GAO20240509t183050p0000-C,53.2476924
61ae1564-46ae-4a19-b53a-63b92aba842c,555.4016908,4345.268055555555,2413369.2250347836,CH4_1B2_250m_-104.17151_32.64773?datetime=2024-01-01T00%3A00%3A00.000Z%2F2025-01-01T23%3A59%3A59.999Z&status=not_deleted,2023-11-10T17:14:00,2024-05-09T18:30:05,GAO20240508t171400p0000-B,308.5223713
120542a3-ae82-41aa-b56d-7463b0ddb291,32.92537249,25.40138888888889,836.3501909300139,CH4_1B2_250m_-104.17334_32.66435?datetime=2024-01-01T00%3A00%3A00.000Z%2F2025-01-01T23%3A59%3A59.999Z&status=not_deleted,2024-05-08T17:14:00,2024-05-09T18:38:05,GAO20240509t183050p0000-D,23.65343059
8655c279-440f-4309-9ada-cd3b89c8582d,298.593594,4321.0,1290222.919674,CH4_1B2_250m_-104.17408_32.44181?datetime=2024-01-01T00%3A00%3A00.000Z%2F2025-01-01T23%3A59%3A59.999Z&status=not_deleted,2023-11-10T17:14:00,2024-05-08T18:14:00,GAO20240508t171400p0000-K,65.55736614
5e03be97-5d0f-44be-97aa-e2462358a310,215.8961226,169.11555555555555,36511.392715789334,CH4_1B2_250m_-104.17457_32.14394?datetime=2024-01-01T00%3A00%3A00.000Z%2F2025-01-01T23%3A59%3A59.999Z&status=not_deleted,2024-05-01T16:07:04,2024-05-08T17:14:00,GAO20240501t182650p0000-A,66.40661341
2ddeea33-5316-4e6d-b293-11ac5f3e5acd,177.7603695,4344.351111111111,772253.4587488467,CH4_1B2_250m_-104.17598_32.81006?datetime=2024-01-01T00%3A00%3A00.000Z%2F2025-01-01T23%3A59%3A59.999Z&status=not_deleted,2023-11-10T17:14:00,2024-05-09T17:35:04,GAO20240508t171400p0000-A,100.2676191
6bec6f6b-4400-4654-9658-9203653c1613,63.43490541,166.93194444444444,10589.312105740708,CH4_1B2_250m_-104.17626_32.30338?datetime=2024-01-01T00%3A00%3A00.000Z%2F2025-01-01T23%3A59%3A59.999Z&status=not_deleted,2024-05-01T18:18:05,2024-05-08T17:14:00,GAO20240501t182650p0000-C,37.56053864
b6769431-84d8-4e31-b4af-90a6733128ec,60.09513987,1.1333333333333333,68.107825186,CH4_1B2_250m_-104.17626_32.30338?datetime=2024-01-01T00%3A00%3A00.000Z%2F2025-01-01T23%3A59%3A59.999Z&status=not_deleted,2024-05-15T16:57:04,2024-05-15T18:05:04,GAO20240515t170544p0000-E,35.46924474
6f83d9c6-e1b9-4e97-af23-dd7bf426dfb9,76.38522515,4489.266111111111,342913.60265548714,CH4_1B2_250m_-104.17947_32.28928?datetime=2024-01-01T00%3A00%3A00.000Z%2F2025-01-01T23%3A59%3A59.999Z&status=not_deleted,2023-11-03T15:58:02,2024-05-08T17:14:00,GAO20240501t155828p0000-B,41.36706495
ad8422ec-2497-47b3-8032-08b329b9c3d5,191.8359994,4489.115555555555,861173.9690220861,CH4_1B2_250m_-104.17947_32.28928?datetime=2024-01-01T00%3A00%3A00.000Z%2F2025-01-01T23%3A59%3A59.999Z&status=not_deleted,2023-11-03T16:07:04,2024-05-08T17:14:00,GAO20240501t160748p0000-A,97.34605314
78484f13-06df-4989-9846-0882d6affcc3,94.39749403,4486.9319444444445,423555.1314387108,CH4_1B2_250m_-104.17947_32.28928?datetime=2024-01-01T00%3A00%3A00.000Z%2F2025-01-01T23%3A59%3A59.999Z&status=not_deleted,2023-11-03T18:18:05,2024-05-08T17:14:00,GAO20240501t181853p0000-B,54.53955377
72fff787-8a66-469c-8ff8-7f246dbf291e,75.69389213,4486.798611111111,339623.25007847825,CH4_1B2_250m_-104.17947_32.28928?datetime=2024-01-01T00%3A00%3A00.000Z%2F2025-01-01T23%3A59%3A59.999Z&status=not_deleted,2023-11-03T18:26:05,2024-05-08T17:14:00,GAO20240501t182650p0000-B,39.70302373
655f9e04-16c2-400c-97eb-8f6011bb099e,60.79133940484375,168.5,10243.340689716171,CH4_1B2_250m_-104.17947_32.28928?datetime=2024-01-01T00%3A00%3A00.000Z%2F2025-01-01T23%3A59%3A59.999Z&status=not_deleted,2024-05-08T17:35:04,2024-05-15T18:05:04,"GAO20240513t171504p0000-C, GAO20240513t172418p0000-C, GAO20240515t154330p0000-B, GAO20240515t154330p0000-C, GAO20240515t155120p0000-A, GAO20240515t165749p0000-C, GAO20240515t170544p0000-C, GAO20240515t170544p0000-D",25.430518898234375
bb97aa15-c99f-4843-8941-152db75fa589,263.2613835,25.916944444444443,6822.930650537083,CH4_1B2_250m_-104.18374_32.46329?datetime=2024-01-01T00%3A00%3A00.000Z%2F2025-01-01T23%3A59%3A59.999Z&status=not_deleted,2024-05-08T17:35:04,2024-05-09T19:30:05,GAO20240509t183050p0000-A,120.2692437
f0416d3d-6e92-4248-ac0a-7173b125b58d,15.20592559,25.916944444444443,394.0911287423861,CH4_1B2_250m_-104.18499_32.51691?datetime=2024-01-01T00%3A00%3A00.000Z%2F2025-01-01T23%3A59%3A59.999Z&status=not_deleted,2024-05-08T17:35:04,2024-05-09T19:30:05,GAO20240509t183050p0000-G,10.3804584
b536c28b-17cc-4049-9089-9b6bb85090d5,381.047052,289.43305555555554,110287.61257079666,CH4_1B2_250m_-104.18715_31.99616?datetime=2024-01-01T00%3A00%3A00.000Z%2F2025-01-01T23%3A59%3A59.999Z&status=not_deleted,2024-05-01T15:58:02,2024-05-13T17:24:01,GAO20240508t173544p0000-J,94.71625768
6a82c5b2-1ea1-46d0-bb40-1ed3237d19a3,3117.424486,4345.1175,13545575.689047106,CH4_1B2_250m_-104.19136_32.61695?datetime=2024-01-01T00%3A00%3A00.000Z%2F2025-01-01T23%3A59%3A59.999Z&status=not_deleted,2023-11-10T17:14:00,2024-05-09T18:21:03,GAO20240508t171400p0000-C,1059.372124
da7897a3-cbff-4c79-995d-86ea2793f2c1,3602.588883,4344.766388888889,15652407.091843167,CH4_1B2_250m_-104.19136_32.61695?datetime=2024-01-01T00%3A00%3A00.000Z%2F2025-01-01T23%3A59%3A59.999Z&status=not_deleted,2023-11-10T17:35:04,2024-05-09T18:21:03,GAO20240508t173544p0000-E,586.8033427
0e2c9c82-e93c-4b97-afbe-77b1630cbcb5,186.2982974,24.916944444444443,4641.984326410388,CH4_1B2_250m_-104.19158_32.49384?datetime=2024-01-01T00%3A00%3A00.000Z%2F2025-01-01T23%3A59%3A59.999Z&status=not_deleted,2024-05-08T17:35:04,2024-05-09T18:30:05,GAO20240509t182131p0000-C,65.71369058
721af8a6-8017-47d5-b363-8f704a145756,139.9194916,1.1505555555555556,160.98514839088887,CH4_1B2_250m_-104.19336_32.59283?datetime=2024-01-01T00%3A00%3A00.000Z%2F2025-01-01T23%3A59%3A59.999Z&status=not_deleted,2024-05-09T18:21:03,2024-05-09T19:30:05,GAO20240509t183050p0000-F,82.94162557
5e9aed75-b8bc-472f-a504-a5c1b5bc5161,228.06683915999997,333.4161111111111,76041.15858613045,CH4_1B2_250m_-104.19754_32.15101?datetime=2024-01-01T00%3A00%3A00.000Z%2F2025-01-01T23%3A59%3A59.999Z&status=not_deleted,2024-05-01T18:18:05,2024-05-15T15:43:03,"GAO20240508t173544p0000-F, GAO20240513t172418p0000-B",114.15452247
f8e75bb6-56f8-4630-bb39-e1dac3b797db,209.6806403,4344.183055555555,910891.0846692993,CH4_1B2_250m_-104.19986_32.79551?datetime=2024-01-01T00%3A00%3A00.000Z%2F2025-01-01T23%3A59%3A59.999Z&status=not_deleted,2023-11-10T17:35:04,2024-05-09T17:46:03,GAO20240508t173544p0000-A,116.8431943
effa7ebd-25b7-4986-b38c-453d575fa871,1019.30004,8162.251388888889,8319783.1671845,CH4_1B2_250m_-104.20343_32.08276?datetime=2024-01-01T00%3A00%3A00.000Z%2F2025-01-01T23%3A59%3A59.999Z&status=not_deleted,2023-11-03T15:50:00,2024-10-08T18:05:05,GAO20240501t155008p0000-A,448.140302
fb3fb20a-780b-4218-9928-428a6f4dccba,1282.438712,8162.1175,10467415.45389266,CH4_1B2_250m_-104.20343_32.08276?datetime=2024-01-01T00%3A00%3A00.000Z%2F2025-01-01T23%3A59%3A59.999Z&status=not_deleted,2023-11-03T15:58:02,2024-10-08T18:05:05,GAO20240501t155828p0000-A,503.5389974
9bcfd57c-5cf9-4586-98e2-5cd373b9394c,912.2259508,8159.934444444444,7443703.957049003,CH4_1B2_250m_-104.20343_32.08276?datetime=2024-01-01T00%3A00%3A00.000Z%2F2025-01-01T23%3A59%3A59.999Z&status=not_deleted,2023-11-03T18:09:01,2024-10-08T18:05:05,GAO20240501t180913p0000-A,263.43561
4583f605-fd1e-4423-bbaf-a2b1cd9a170e,776.4165464,8159.783333333334,6335390.795038947,CH4_1B2_250m_-104.20343_32.08276?datetime=2024-01-01T00%3A00%3A00.000Z%2F2025-01-01T23%3A59%3A59.999Z&status=not_deleted,2023-11-03T18:18:05,2024-10-08T18:05:05,GAO20240501t181853p0000-A,218.2423768
f8aef687-44ab-40b8-940e-1da502e31735,748.7811475,7992.500277777778,5984633.529388513,CH4_1B2_250m_-104.20343_32.08276?datetime=2024-01-01T00%3A00%3A00.000Z%2F2025-01-01T23%3A59%3A59.999Z&status=not_deleted,2023-11-10T17:35:04,2024-10-08T18:05:05,GAO20240508t173544p0000-G,117.2003726
4511f7e4-71d8-4eea-a52c-991b6a1209e8,629.880945,7872.684444444444,4958853.917553467,CH4_1B2_250m_-104.20343_32.08276?datetime=2024-01-01T00%3A00%3A00.000Z%2F2025-01-01T23%3A59%3A59.999Z&status=not_deleted,2023-11-15T17:24:01,2024-10-08T18:05:05,GAO20240513t172418p0000-A,145.943275
1195949d-b365-43ad-843a-01c0cdbac575,944.5797775,7872.55,7436251.527357625,CH4_1B2_250m_-104.20343_32.08276?datetime=2024-01-01T00%3A00%3A00.000Z%2F2025-01-01T23%3A59%3A59.999Z&status=not_deleted,2023-11-15T17:32:05,2024-10-08T18:05:05,GAO20240513t173253p0000-A,402.9008135
e66a24f7-d5bf-4a1b-b5bd-7ed77f6f66a7,1272.941481,7826.5344444444445,9962720.346808624,CH4_1B2_250m_-104.20343_32.08276?datetime=2024-01-01T00%3A00%3A00.000Z%2F2025-01-01T23%3A59%3A59.999Z&status=not_deleted,2023-11-17T15:33:01,2024-10-08T18:05:05,GAO20240515t153315p0000-A,714.4443936
dd16f432-b57b-4785-bdfc-40e2aa6b567d,1318.432123,7826.367222222222,10318533.952172058,CH4_1B2_250m_-104.20343_32.08276?datetime=2024-01-01T00%3A00%3A00.000Z%2F2025-01-01T23%3A59%3A59.999Z&status=not_deleted,2023-11-17T15:43:03,2024-10-08T18:05:05,GAO20240515t154330p0000-E,731.7612577
a3c62e65-a148-494c-b153-1cb4f5495c0d,699.4192897,7825.3,5473165.767689411,CH4_1B2_250m_-104.20343_32.08276?datetime=2024-01-01T00%3A00%3A00.000Z%2F2025-01-01T23%3A59%3A59.999Z&status=not_deleted,2023-11-17T16:47:05,2024-10-08T18:05:05,GAO20240515t164755p0000-A,514.2736876
ca7b984a-a72f-4bd5-8a8a-d48dc9b62968,553.3389498,7825.133611111111,4329951.214416904,CH4_1B2_250m_-104.20343_32.08276?datetime=2024-01-01T00%3A00%3A00.000Z%2F2025-01-01T23%3A59%3A59.999Z&status=not_deleted,2023-11-17T16:57:04,2024-10-08T18:05:05,GAO20240515t165749p0000-A,404.0796029
09be5bfb-08cc-4cbe-b582-2d3e102b48ef,85.54028915,119.63333333333334,10233.469925311669,CH4_1B2_250m_-104.20493_32.29762?datetime=2024-01-01T00%3A00%3A00.000Z%2F2025-01-01T23%3A59%3A59.999Z&status=not_deleted,2024-05-08T17:54:05,2024-05-13T17:32:05,GAO20240513t172418p0000-D,18.00352559
795167c6-4fa9-428a-aaaf-18bf66358eec,107.3597649,4320.133888888889,463808.5586476338,CH4_1B2_250m_-104.20611_32.22128?datetime=2024-01-01T00%3A00%3A00.000Z%2F2025-01-01T23%3A59%3A59.999Z&status=not_deleted,2023-11-03T15:50:00,2024-05-01T15:58:02,GAO20240501t155008p0000-D,33.93520386
7a72dc84-fb57-443a-9a55-4cbbe401e0c9,259.3768822,24.266666666666666,6294.212341386667,CH4_1B2_250m_-104.20656_32.86955?datetime=2024-01-01T00%3A00%3A00.000Z%2F2025-01-01T23%3A59%3A59.999Z&status=not_deleted,2024-05-08T17:54:05,2024-05-09T18:10:05,GAO20240509t171050p0000-A,163.4151929
cf2a2bad-03c7-41c0-ae19-605648fd8690,188.268741075,4345.766388888889,818171.9670421601,CH4_1B2_250m_-104.20783_32.78286?datetime=2024-01-01T00%3A00%3A00.000Z%2F2025-01-01T23%3A59%3A59.999Z&status=not_deleted,2023-11-10T17:35:04,2024-05-09T19:21:03,"GAO20240508t173544p0000-B, GAO20240508t175454p0000-E, GAO20240509t182131p0000-D",124.52181857000001
5c5795c7-db69-4468-a006-af7e1b4c3e08,848.889247875,4345.766388888889,3689074.361304344,CH4_1B2_250m_-104.20789_32.64474?datetime=2024-01-01T00%3A00%3A00.000Z%2F2025-01-01T23%3A59%3A59.999Z&status=not_deleted,2023-11-10T17:35:04,2024-05-09T19:21:03,"GAO20240508t173544p0000-D, GAO20240508t175454p0000-C, GAO20240509t182131p0000-A",326.1076631
ccbfc2b1-d69d-4385-af11-a6812327702f,527.131541525,4345.766388888889,2290790.535682533,CH4_1B2_250m_-104.21010_32.75688?datetime=2024-01-01T00%3A00%3A00.000Z%2F2025-01-01T23%3A59%3A59.999Z&status=not_deleted,2023-11-10T17:35:04,2024-05-09T19:21:03,"GAO20240508t173544p0000-C, GAO20240508t175454p0000-A, GAO20240509t182131p0000-B",327.77165955
0c6def3e-4d72-405d-acdf-b2444455cd23,352.1675529,4321.0,1521715.9960808998,CH4_1B2_250m_-104.21903_32.75647?datetime=2024-01-01T00%3A00%3A00.000Z%2F2025-01-01T23%3A59%3A59.999Z&status=not_deleted,2023-11-10T17:54:05,2024-05-08T18:54:05,GAO20240508t175454p0000-B,254.016535
316824f3-bc15-4213-990b-c117d8d65e0b,216.6715114,4322.316944444445,936522.9451026077,CH4_1B2_250m_-104.22023_32.18064?datetime=2024-01-01T00%3A00%3A00.000Z%2F2025-01-01T23%3A59%3A59.999Z&status=not_deleted,2023-11-03T15:50:00,2024-05-01T18:09:01,GAO20240501t155008p0000-C,36.12088678
f3f66cb9-7e1c-48a3-9f54-bcf7de6814ca,584.3699073,4322.316944444445,2525831.9521462196,CH4_1B2_250m_-104.22568_32.13754?datetime=2024-01-01T00%3A00%3A00.000Z%2F2025-01-01T23%3A59%3A59.999Z&status=not_deleted,2023-11-03T15:50:00,2024-05-01T18:09:01,GAO20240501t155008p0000-B,249.0926537
45296ab1-875e-4c70-8292-b42c3b1d1036,168.5585751,25.115555555555556,4233.442257289334,CH4_1B2_250m_-104.22689_32.78162?datetime=2024-01-01T00%3A00%3A00.000Z%2F2025-01-01T23%3A59%3A59.999Z&status=not_deleted,2024-05-08T17:54:05,2024-05-09T19:01:01,GAO20240509t180110p0000-C,89.15180027
27224966-3478-4aec-ace0-436b3abd6211,79.60767949,4343.683055555555,345790.5284928105,CH4_1B2_250m_-104.22752_32.81220?datetime=2024-01-01T00%3A00%3A00.000Z%2F2025-01-01T23%3A59%3A59.999Z&status=not_deleted,2023-11-10T17:54:05,2024-05-09T17:35:04,GAO20240508t175454p0000-D,41.31359358
e2f4242b-c2ba-4fbb-ada8-5107fcf824bf,240.3000453,7992.649444444444,1920634.0235670197,CH4_1B2_250m_-104.23591_32.31442?datetime=2024-01-01T00%3A00%3A00.000Z%2F2025-01-01T23%3A59%3A59.999Z&status=not_deleted,2023-11-10T18:16:04,2024-10-08T18:55:02,"GAO20240508t181643p0000-D, GAO20240515t163950p0000-A",61.62546293
7b6cc355-800a-4881-92e9-080f252f575d,220.8965645,4320.132777777778,954302.4887949531,CH4_1B2_250m_-104.23591_32.31442?datetime=2024-01-01T00%3A00%3A00.000Z%2F2025-01-01T23%3A59%3A59.999Z&status=not_deleted,2023-11-17T15:25:03,2024-05-15T15:33:01,GAO20240515t152530p0000-A,106.0594509
9987cd22-8597-48be-a8b1-1802cf6b1df0,222.24576969999998,24.749166666666667,5500.397595266916,CH4_1B2_250m_-104.23815_32.79847?datetime=2024-01-01T00%3A00%3A00.000Z%2F2025-01-01T23%3A59%3A59.999Z&status=not_deleted,2024-05-08T18:16:04,2024-05-09T19:01:01,"GAO20240509t174630p0000-A, GAO20240509t180110p0000-B",105.90706829499999
3cc297be-8ad4-45fa-9c93-80ad6291a830,163.4303484,1.1830555555555555,193.347181621,CH4_1B2_250m_-104.24334_32.81157?datetime=2024-01-01T00%3A00%3A00.000Z%2F2025-01-01T23%3A59%3A59.999Z&status=not_deleted,2024-05-09T17:35:04,2024-05-09T18:46:03,GAO20240509t174630p0000-D,107.2488148
9c2bf76e-588d-4d0e-9932-7d998ca41708,461.7619111,1.316111111111111,607.7299818866111,CH4_1B2_250m_-104.25270_32.73620?datetime=2024-01-01T00%3A00%3A00.000Z%2F2025-01-01T23%3A59%3A59.999Z&status=not_deleted,2024-05-08T18:16:04,2024-05-08T19:35:02,GAO20240508t183528p0000-B,259.1003085
e13baa17-2770-4ff4-96b4-03992d153bd4,233.1260784,24.433055555555555,5695.982424996,CH4_1B2_250m_-104.25838_32.77605?datetime=2024-01-01T00%3A00%3A00.000Z%2F2025-01-01T23%3A59%3A59.999Z&status=not_deleted,2024-05-08T18:35:02,2024-05-09T19:01:01,GAO20240509t180110p0000-A,119.8803529
30cbf101-5a4e-47ed-b424-cdd9c8ca8d0c,403.7378116,4341.917222222222,1752996.157448351,CH4_1B2_250m_-104.27490_32.40869?datetime=2024-01-01T00%3A00%3A00.000Z%2F2025-01-01T23%3A59%3A59.999Z&status=not_deleted,2023-11-10T18:35:02,2024-05-09T16:30:04,"GAO20240508t183528p0000-A, GAO20240509t153040p0000-C",153.29898555
84098532-a2cb-4af4-b6be-c1614b194d77,277.3153238,21.91722222222222,6077.98157735211,CH4_1B2_250m_-104.27906_32.34868?datetime=2024-01-01T00%3A00%3A00.000Z%2F2025-01-01T23%3A59%3A59.999Z&status=not_deleted,2024-05-08T18:35:02,2024-05-09T16:30:04,GAO20240509t153040p0000-D,61.64443858
b0db8c02-7d6b-4700-94a6-d95190d46266,756.5694543,4320.316111111111,3268619.2025868315,CH4_1B2_250m_-104.29378_32.57688?datetime=2024-01-01T00%3A00%3A00.000Z%2F2025-01-01T23%3A59%3A59.999Z&status=not_deleted,2023-11-11T15:30:04,2024-05-09T15:49:02,GAO20240509t153040p0000-A,147.3869736
e4d8aa0e-6740-4197-b9f2-d92450c3ecc7,571.3555818,4321.316111111111,2469008.0808056025,CH4_1B2_250m_-104.29938_32.40824?datetime=2024-01-01T00%3A00%3A00.000Z%2F2025-01-01T23%3A59%3A59.999Z&status=not_deleted,2023-11-11T15:30:04,2024-05-09T16:49:02,"GAO20240509t153040p0000-B, GAO20240509t154925p0000-D",267.55904400000003
8ec9e714-7256-4958-8740-5434cb1d01a8,364.5988164,4321.0,1575431.4856643998,CH4_1B2_250m_-104.30498_32.75792?datetime=2024-01-01T00%3A00%3A00.000Z%2F2025-01-01T23%3A59%3A59.999Z&status=not_deleted,2023-11-11T15:49:02,2024-05-09T16:49:02,GAO20240509t154925p0000-B,107.5589009
ab0708ed-be99-4cf7-8024-20a98a17ca80,396.3480071,4321.0,1712619.7386791,CH4_1B2_250m_-104.30901_32.75976?datetime=2024-01-01T00%3A00%3A00.000Z%2F2025-01-01T23%3A59%3A59.999Z&status=not_deleted,2023-11-11T15:49:02,2024-05-09T16:49:02,GAO20240509t154925p0000-A,186.1262603
da515947-4a1a-47b9-9bad-55d934159d91,128.3399923,2.1997222222222224,282.3123330621389,CH4_1B2_250m_-104.31083_32.79985?datetime=2024-01-01T00%3A00%3A00.000Z%2F2025-01-01T23%3A59%3A59.999Z&status=not_deleted,2024-05-09T15:49:02,2024-05-09T18:01:01,GAO20240509t174630p0000-M,61.14215102
a475417f-b362-4aa0-9eb6-804838ecbac5,108.8303983,4320.350277777778,470185.44152607117,CH4_1B2_250m_-104.31584_32.52738?datetime=2024-01-01T00%3A00%3A00.000Z%2F2025-01-01T23%3A59%3A59.999Z&status=not_deleted,2023-11-11T15:49:02,2024-05-09T16:10:03,GAO20240509t154925p0000-C,25.51590429
4206bed0-ef96-4974-8b89-8a53bed3df09,23.03357354,4321.0,99528.07126633999,CH4_1B2_250m_-104.32893_32.42367?datetime=2024-01-01T00%3A00%3A00.000Z%2F2025-01-01T23%3A59%3A59.999Z&status=not_deleted,2023-11-11T16:10:03,2024-05-09T17:10:03,GAO20240509t161035p0000-C,4.634069093
7a92a993-eb8f-4d1c-99be-2806d07edb11,780.2529793,4321.0,3371473.1235553,CH4_1B2_250m_-104.33172_32.58667?datetime=2024-01-01T00%3A00%3A00.000Z%2F2025-01-01T23%3A59%3A59.999Z&status=not_deleted,2023-11-11T16:10:03,2024-05-09T17:10:03,GAO20240509t161035p0000-A,168.8365429
6b9978e9-d615-4abb-8e67-4dfedd484675,232.4426063,4321.0,1004384.5018223,CH4_1B2_250m_-104.33328_32.11821?datetime=2024-01-01T00%3A00%3A00.000Z%2F2025-01-01T23%3A59%3A59.999Z&status=not_deleted,2023-11-11T16:10:03,2024-05-09T17:10:03,GAO20240509t161035p0000-E,120.203943
8a0aa3ec-3f44-4bd5-afaf-936a795a2f57,701.427949,4321.316666666667,3031092.286479517,CH4_1B2_250m_-104.34265_32.37800?datetime=2024-01-01T00%3A00%3A00.000Z%2F2025-01-01T23%3A59%3A59.999Z&status=not_deleted,2023-11-11T16:10:03,2024-05-09T17:29:03,"GAO20240509t161035p0000-D, GAO20240509t162931p0000-A",190.61391485000001
c3f5cdc8-31f1-452a-87c2-8d96c6783d0e,159.3705154,4321.0,688639.9970434,CH4_1B2_250m_-104.38090_32.65857?datetime=2024-01-01T00%3A00%3A00.000Z%2F2025-01-01T23%3A59%3A59.999Z&status=not_deleted,2023-11-11T16:50:05,2024-05-09T17:50:05,GAO20240509t165055p0000-B,34.81483762
1976564f-6b00-43fc-87bb-a2e73e70c808,343.5855435,4321.0,1484633.1334635,CH4_1B2_250m_-104.38727_32.73927?datetime=2024-01-01T00%3A00%3A00.000Z%2F2025-01-01T23%3A59%3A59.999Z&status=not_deleted,2023-11-11T16:50:05,2024-05-09T17:50:05,GAO20240509t165055p0000-A,123.4518442
47eb325c-7f64-4276-862b-7ec4edf8ecd3,160.2601433,23.1,3702.0093102300007,CH4_4B_250m_-103.29591_32.85371?datetime=2024-01-01T00%3A00%3A00.000Z%2F2025-01-01T23%3A59%3A59.999Z&status=not_deleted,2024-05-02T17:18:04,2024-05-03T16:24:04,GAO20240503t152440p0000-C,80.41172649
b6853bf8-f090-4df7-bf07-b9e943a511a2,2340.210524,6356.217777777778,14874887.73639145,CH4_NA_250m_-102.09166_32.30557?datetime=2024-01-01T00%3A00%3A00.000Z%2F2025-01-01T23%3A59%3A59.999Z&status=not_deleted,2024-02-14T21:39:00,2024-11-05T17:52:04,emi20240812t213903p14030-F,238.1886565
