,source,pre_emissions,pre_emissions_lower,pre_emissions_upper,ue_emissions,ue_emissions_lower,ue_emissions_upper,total_emissions,total_emissions_lower,total_emissions_upper
0,CH4_1B1a_250m_-103.86877_31.98367?datetime=2024-01-01T00%3A00%3A00.000Z%2F2025-01-01T23%3A59%3A59.999Z&status=not_deleted,232507.08019227913,82016.3123198015,82016.3123198015,1844950.0441281777,1599686.4042633073,7593455.739641845,2077457.1243204568,1601787.5225732683,7593898.652562215
1,CH4_1B2_250m_-101.26737_31.15282?datetime=2024-01-01T00%3A00%3A00.000Z%2F2025-01-01T23%3A59%3A59.999Z&status=not_deleted,32074836.49878169,4675537.537547827,4675537.537547827,1029261.4635348201,896787.4422243143,3729164.1814017985,33104097.96231651,4760764.537503406,5980578.296190841
2,CH4_1B2_250m_-101.32793_32.36330?datetime=2024-01-01T00%3A00%3A00.000Z%2F2025-01-01T23%3A59%3A59.999Z&status=not_deleted,4637767.279887234,519134.47263405,519134.47263405,2714309.137154476,2400695.642289071,7052296.515169607,7352076.41704171,2456184.066307484,7071377.994319806
3,CH4_1B2_250m_-101.44280_31.39131?datetime=2024-01-01T00%3A00%3A00.000Z%2F2025-01-01T23%3A59%3A59.999Z&status=not_deleted,5047103.000372966,412088.82570807997,412088.82570807997,2762622.760676802,2333849.678097799,8308365.875754825,7809725.761049768,2369951.7970268223,8318579.24922764
4,CH4_1B2_250m_-101.52275_32.51480?datetime=2024-01-01T00%3A00%3A00.000Z%2F2025-01-01T23%3A59%3A59.999Z&status=not_deleted,59168455.199477956,13390576.081322253,13390576.081322253,2762622.760676802,2333849.678097799,8308365.875754825,59168455.199477956,13390576.081322253,13390576.081322253
5,CH4_1B2_250m_-101.55170_32.28120?datetime=2024-01-01T00%3A00%3A00.000Z%2F2025-01-01T23%3A59%3A59.999Z&status=not_deleted,20403069.98107085,3175006.74525752,3175006.74525752,935810.0377642626,836366.9237676505,3578373.2972587673,21338880.018835112,3283318.0570275728,4783871.16120045
6,CH4_1B2_250m_-101.64712_31.48990?datetime=2024-01-01T00%3A00%3A00.000Z%2F2025-01-01T23%3A59%3A59.999Z&status=not_deleted,5490536.1066574305,2010738.3091521026,2010738.3091521026,1935975.5529962238,1647521.1304794934,6844099.028251344,7426511.659653654,2599498.8792589013,7133355.455632563
7,CH4_1B2_250m_-101.68056_31.39830?datetime=2024-01-01T00%3A00%3A00.000Z%2F2025-01-01T23%3A59%3A59.999Z&status=not_deleted,6364234.43442018,1216417.2515699791,1216417.2515699791,1813956.91396929,1529199.6310791716,5809880.7071899995,8178191.348389469,1954001.6483129528,5935855.857557159
8,CH4_1B2_250m_-101.76426_31.85867?datetime=2024-01-01T00%3A00%3A00.000Z%2F2025-01-01T23%3A59%3A59.999Z&status=not_deleted,89630207.91126199,11444429.890298748,11444429.890298748,1135231.6444232657,995276.5568952204,4407920.519699127,90765439.55568525,11487625.992287032,12263960.976044733
9,CH4_1B2_250m_-101.77233_31.84476?datetime=2024-01-01T00%3A00%3A00.000Z%2F2025-01-01T23%3A59%3A59.999Z&status=not_deleted,22820682.511452448,2913858.0294292597,2913858.0294292597,1114333.8869168349,976864.9129979026,4071586.572685498,23935016.398369282,3073244.8119074027,5006833.913217234
10,CH4_1B2_250m_-101.77599_31.37456?datetime=2024-01-01T00%3A00%3A00.000Z%2F2025-01-01T23%3A59%3A59.999Z&status=not_deleted,14613865.026638655,729579.3896963473,729579.3896963473,1658603.3124100082,1487446.9988081849,4208764.193119614,16272468.339048663,1656739.1647852026,4271531.589389863
11,CH4_1B2_250m_-101.77700_31.36286?datetime=2024-01-01T00%3A00%3A00.000Z%2F2025-01-01T23%3A59%3A59.999Z&status=not_deleted,1815023.277233,117319.32664370001,117319.32664370001,2757539.905126336,2359876.1670924113,7318893.9686536,4572563.182359336,2362790.5849683126,7319834.202275224
12,CH4_1B2_250m_-101.79613_31.34596?datetime=2024-01-01T00%3A00%3A00.000Z%2F2025-01-01T23%3A59%3A59.999Z&status=not_deleted,43472842.66506699,2364222.1304305126,2364222.1304305126,1497215.8148716718,1332781.4097301927,4630694.666790479,44970058.479938656,2714010.421523799,5199315.279828602
13,CH4_1B2_250m_-101.81706_31.57047?datetime=2024-01-01T00%3A00%3A00.000Z%2F2025-01-01T23%3A59%3A59.999Z&status=not_deleted,4726561.645642744,500388.83237157034,500388.83237157034,2086550.266153323,1621848.758296758,6123643.845316464,6813111.911796067,1697286.7696270184,6144054.2744871965
14,CH4_1B2_250m_-101.81997_32.32697?datetime=2024-01-01T00%3A00%3A00.000Z%2F2025-01-01T23%3A59%3A59.999Z&status=not_deleted,40948399.4163587,3280903.273093045,3280903.273093045,276365.8411660327,260505.88772251533,1321120.927163857,41224765.257524736,3291229.1936191185,3536903.559836336
15,CH4_1B2_250m_-101.82795_31.43289?datetime=2024-01-01T00%3A00%3A00.000Z%2F2025-01-01T23%3A59%3A59.999Z&status=not_deleted,78149680.36049515,3790469.8159689507,3790469.8159689507,938967.1222501149,842953.1426237108,3859862.576672723,79088647.48274526,3883069.8456802038,5409824.446002873
16,CH4_1B2_250m_-101.83636_32.29779?datetime=2024-01-01T00%3A00%3A00.000Z%2F2025-01-01T23%3A59%3A59.999Z&status=not_deleted,21068200.852095,1740035.135095,1740035.135095,1376458.8853368955,1264413.7418404797,4622619.8252594825,22444659.737431895,2150921.7516962625,4939264.755026509
17,CH4_1B2_250m_-101.87908_31.97790?datetime=2024-01-01T00%3A00%3A00.000Z%2F2025-01-01T23%3A59%3A59.999Z&status=not_deleted,1239205.3036361448,346708.7824024677,346708.7824024677,2671815.732013857,2404942.795703087,7001166.198057814,3911021.035650002,2429805.9244308346,7009745.723820679
18,CH4_1B2_250m_-101.90589_31.82708?datetime=2024-01-01T00%3A00%3A00.000Z%2F2025-01-01T23%3A59%3A59.999Z&status=not_deleted,9278726.696085973,2880959.870406212,2880959.870406212,822582.5743680609,751537.6584580468,2861629.832463787,10101309.270454034,2977371.0932585443,4060647.124897422
19,CH4_1B2_250m_-101.91350_32.21287?datetime=2024-01-01T00%3A00%3A00.000Z%2F2025-01-01T23%3A59%3A59.999Z&status=not_deleted,48200714.20976,3122644.1964447,3122644.1964447,1501754.3652065368,1372468.4360486192,4842073.479201535,49702468.57496654,3410949.48446023,5761647.538298106
20,CH4_1B2_250m_-101.97851_31.66960?datetime=2024-01-01T00%3A00%3A00.000Z%2F2025-01-01T23%3A59%3A59.999Z&status=not_deleted,53385744.10605244,4015564.521433033,4015564.521433033,483672.9933142125,451509.933688916,2249938.188863705,53869417.09936666,4040868.6746801697,4602931.704848443
21,CH4_1B2_250m_-101.98140_32.26413?datetime=2024-01-01T00%3A00%3A00.000Z%2F2025-01-01T23%3A59%3A59.999Z&status=not_deleted,38885839.7631266,5344219.156957968,5344219.156957968,780707.0553435595,715453.2756773755,2684346.774478564,39666546.81847016,5391896.863560543,5980501.317051105
22,CH4_1B2_250m_-101.99482_32.20095?datetime=2024-01-01T00%3A00%3A00.000Z%2F2025-01-01T23%3A59%3A59.999Z&status=not_deleted,23602340.37399557,2528418.8606156013,2528418.8606156013,742369.5671488775,689116.6783346435,2838405.7808484184,24344709.941144448,2620645.6706460086,3801243.127119129
23,CH4_1B2_250m_-102.11606_31.89694?datetime=2024-01-01T00%3A00%3A00.000Z%2F2025-01-01T23%3A59%3A59.999Z&status=not_deleted,1258188.5891976787,177141.0007087027,177141.0007087027,2705421.7507361392,2330516.8825609246,9617789.1572511,3963610.339933818,2337239.370289995,9619420.315563142
24,CH4_1B2_250m_-102.19187_30.84353?datetime=2024-01-01T00%3A00%3A00.000Z%2F2025-01-01T23%3A59%3A59.999Z&status=not_deleted,6838715.9445955735,2900243.6453878004,2900243.6453878004,516301.7558595082,466045.23965782614,2116328.32042164,7355017.700455082,2937449.8068937347,3590300.650701971
25,CH4_1B2_250m_-102.51816_32.01441?datetime=2024-01-01T00%3A00%3A00.000Z%2F2025-01-01T23%3A59%3A59.999Z&status=not_deleted,2144465.878878024,113744.20346135915,113744.20346135915,2794786.5986907748,2315205.756339971,6676942.935889518,4939252.477568799,2317998.1531508598,6677911.702991138
26,CH4_1B2_250m_-102.92380_30.99817?datetime=2024-01-01T00%3A00%3A00.000Z%2F2025-01-01T23%3A59%3A59.999Z&status=not_deleted,3174185.180811273,1191695.7775654504,1191695.7775654504,1971940.1564091821,1746428.3860185994,7489745.245465202,5146125.337220455,2114273.1454944164,7583958.24541749
27,CH4_1B2_250m_-102.98649_30.98850?datetime=2024-01-01T00%3A00%3A00.000Z%2F2025-01-01T23%3A59%3A59.999Z&status=not_deleted,6203479.054177029,1532936.2001572794,1532936.2001572794,2059374.0831587226,1825159.4351916544,5745855.630338386,8262853.137335751,2383505.896284244,5946826.911760924
28,CH4_1B2_250m_-103.04458_31.94752?datetime=2024-01-01T00%3A00%3A00.000Z%2F2025-01-01T23%3A59%3A59.999Z&status=not_deleted,2379918.729269061,202647.30761927573,202647.30761927573,2572937.1867170525,2239844.4944737554,7836185.847083459,4952855.915986113,2248992.950346829,7838805.684625461
29,CH4_1B2_250m_-103.18725_32.41777?datetime=2024-01-01T00%3A00%3A00.000Z%2F2025-01-01T23%3A59%3A59.999Z&status=not_deleted,1288127.683860397,681231.0192295937,681231.0192295937,1823905.6657204935,1628847.8153654905,6425340.728791901,3112033.3495808905,1765565.3222640965,6461352.736279968
30,CH4_1B2_250m_-103.20711_32.05328?datetime=2024-01-01T00%3A00%3A00.000Z%2F2025-01-01T23%3A59%3A59.999Z&status=not_deleted,176.64056268483333,50.28421409863056,50.28421409863056,3175347.1047516773,2589124.1516495124,9445568.907319285,3175523.745314362,2589124.1521378052,9445568.90745313
31,CH4_1B2_250m_-103.20813_32.10361?datetime=2024-01-01T00%3A00%3A00.000Z%2F2025-01-01T23%3A59%3A59.999Z&status=not_deleted,1113656.3127522604,355746.44011550467,355746.44011550467,895115.7284570393,813309.0645609964,3255518.583344445,2008772.0412092996,887708.9411242502,3274897.979503465
32,CH4_1B2_250m_-103.21104_32.41632?datetime=2024-01-01T00%3A00%3A00.000Z%2F2025-01-01T23%3A59%3A59.999Z&status=not_deleted,1281249.3769524933,538170.9019821,538170.9019821,1938173.7195553835,1690593.9923885714,5156561.483634166,3219423.096507877,1774186.0011961982,5184568.85905083
33,CH4_1B2_250m_-103.21270_32.33083?datetime=2024-01-01T00%3A00%3A00.000Z%2F2025-01-01T23%3A59%3A59.999Z&status=not_deleted,625029.9052723068,154005.75011913734,154005.75011913734,2206240.262839007,2025878.6553383577,7000213.876982828,2831270.168111314,2031723.9224917619,7001907.746791064
34,CH4_1B2_250m_-103.21652_32.58520?datetime=2024-01-01T00%3A00%3A00.000Z%2F2025-01-01T23%3A59%3A59.999Z&status=not_deleted,1117816.686307347,326210.26915994665,326210.26915994665,1651624.114187717,1441703.7414870178,5112802.361746708,2769440.800495064,1478148.4424519313,5123198.330143791
35,CH4_1B2_250m_-103.21889_32.20663?datetime=2024-01-01T00%3A00%3A00.000Z%2F2025-01-01T23%3A59%3A59.999Z&status=not_deleted,694379.65431192,174070.0007012267,174070.0007012267,2197206.5926572788,2018124.7605817637,4736950.5650529545,2891586.246969199,2025617.9092852941,4740147.784710897
36,CH4_1B2_250m_-103.22001_32.20887?datetime=2024-01-01T00%3A00%3A00.000Z%2F2025-01-01T23%3A59%3A59.999Z&status=not_deleted,2682501.7460139534,1125730.5070986534,1125730.5070986534,2116005.331965458,1894263.5047524408,4775302.814080663,4798507.077979412,2203520.6829184955,4906198.7465633
37,CH4_1B2_250m_-103.22485_32.20221?datetime=2024-01-01T00%3A00%3A00.000Z%2F2025-01-01T23%3A59%3A59.999Z&status=not_deleted,1197174.8847606867,322486.9720775433,322486.9720775433,2057388.5958168337,1763250.1099415019,5883272.733912426,3254563.48057752,1792497.921161545,5892104.53987004
38,CH4_1B2_250m_-103.22805_32.22448?datetime=2024-01-01T00%3A00%3A00.000Z%2F2025-01-01T23%3A59%3A59.999Z&status=not_deleted,656361.3215247833,51340.69126306366,51340.69126306366,1897103.913976661,1716913.6021403738,6233167.995367828,2553465.235501444,1717681.0483305692,6233379.430538233
39,CH4_1B2_250m_-103.23563_32.24674?datetime=2024-01-01T00%3A00%3A00.000Z%2F2025-01-01T23%3A59%3A59.999Z&status=not_deleted,892853.1972303599,413468.18295979337,413468.18295979337,1850401.9394428392,1618387.6622689036,6077625.878342232,2743255.136673199,1670369.5889545763,6091674.01092797
40,CH4_1B2_250m_-103.24238_32.28316?datetime=2024-01-01T00%3A00%3A00.000Z%2F2025-01-01T23%3A59%3A59.999Z&status=not_deleted,1429706.74283813,471132.71438249,471132.71438249,2039484.8414304364,1830113.6227227373,5124235.053106375,3469191.584268566,1889783.560791223,5145847.9295491725
41,CH4_1B2_250m_-103.24456_32.48908?datetime=2024-01-01T00%3A00%3A00.000Z%2F2025-01-01T23%3A59%3A59.999Z&status=not_deleted,807432.9376177333,412970.98155624996,412970.98155624996,1817296.8687644599,1556963.8954886014,7128777.635861691,2624729.806382193,1610801.5406817107,7140729.347424487
42,CH4_1B2_250m_-103.24676_32.29010?datetime=2024-01-01T00%3A00%3A00.000Z%2F2025-01-01T23%3A59%3A59.999Z&status=not_deleted,1269736.2629482197,484825.22729315463,484825.22729315463,1838702.109277882,1580789.1210801294,5051923.983565796,3108438.3722261013,1653465.979796726,5075134.622524526
43,CH4_1B2_250m_-103.24727_31.01132?datetime=2024-01-01T00%3A00%3A00.000Z%2F2025-01-01T23%3A59%3A59.999Z&status=not_deleted,7950533.317005184,2253881.584040341,2253881.584040341,1389301.4403456752,1239987.0320644737,5050374.376344247,9339834.757350858,2572459.918942229,5530484.92775369
44,CH4_1B2_250m_-103.25119_32.30745?datetime=2024-01-01T00%3A00%3A00.000Z%2F2025-01-01T23%3A59%3A59.999Z&status=not_deleted,773098.8518196867,174366.60016422192,174366.60016422192,2189168.7296622125,1949176.6714402991,6421324.914972988,2962267.581481899,1956960.2468471131,6423691.88044583
45,CH4_1B2_250m_-103.25858_32.57445?datetime=2024-01-01T00%3A00%3A00.000Z%2F2025-01-01T23%3A59%3A59.999Z&status=not_deleted,326.8858656917778,78.60941364382222,78.60941364382222,3159107.240986262,2566653.168516874,8868982.692033622,3159434.1268519536,2566653.169720667,8868982.692381995
46,CH4_1B2_250m_-103.27009_32.42873?datetime=2024-01-01T00%3A00%3A00.000Z%2F2025-01-01T23%3A59%3A59.999Z&status=not_deleted,1120729.9937672794,511852.94655321527,511852.94655321527,1996871.2196336035,1788914.2105121422,7119857.888749681,3117601.2134008827,1860700.806542387,7138232.96025608
47,CH4_1B2_250m_-103.27218_32.43988?datetime=2024-01-01T00%3A00%3A00.000Z%2F2025-01-01T23%3A59%3A59.999Z&status=not_deleted,735801.4449019843,197310.80933762723,197310.80933762723,1949688.2723715783,1749285.3094799875,7787644.857130668,2685489.7172735627,1760377.9848214318,7790144.027954503
48,CH4_1B2_250m_-103.27604_32.42865?datetime=2024-01-01T00%3A00%3A00.000Z%2F2025-01-01T23%3A59%3A59.999Z&status=not_deleted,409.041683055,114.09862529700001,114.09862529700001,3305635.3722583205,2851376.6444177344,7080122.977651218,3306044.4139413754,2851376.6467005783,7080122.978570588
49,CH4_1B2_250m_-103.28332_32.51535?datetime=2024-01-01T00%3A00%3A00.000Z%2F2025-01-01T23%3A59%3A59.999Z&status=not_deleted,306208.8107838283,129633.66262171342,129633.66262171342,1843334.841902331,1579086.7225783677,7398129.410894871,2149543.652686159,1584398.8651561232,7399265.076129683
50,CH4_1B2_250m_-103.29712_32.39828?datetime=2024-01-01T00%3A00%3A00.000Z%2F2025-01-01T23%3A59%3A59.999Z&status=not_deleted,6217.840337940001,3142.6906618800003,3142.6906618800003,3101681.0290373713,2500843.4771249252,7235468.458626045,3107898.8693753113,2500845.451758841,7235469.141132242
51,CH4_1B2_250m_-103.31693_32.02059?datetime=2024-01-01T00%3A00%3A00.000Z%2F2025-01-01T23%3A59%3A59.999Z&status=not_deleted,3124326.6881176545,1604839.5659127042,1604839.5659127042,3101681.0290373713,2500843.4771249252,7235468.458626045,3124326.6881176545,1604839.5659127042,1604839.5659127042
52,CH4_1B2_250m_-103.32507_32.50418?datetime=2024-01-01T00%3A00%3A00.000Z%2F2025-01-01T23%3A59%3A59.999Z&status=not_deleted,1068406.3108400966,439844.85980299395,439844.85980299395,1949033.0525607998,1655252.0567050227,6408143.829945548,3017439.363400896,1712694.6230783009,6423221.220381898
53,CH4_1B2_250m_-103.33810_32.16647?datetime=2024-01-01T00%3A00%3A00.000Z%2F2025-01-01T23%3A59%3A59.999Z&status=not_deleted,1081455.4253461862,599703.2540925426,599703.2540925426,1967352.7705985717,1714994.9975908664,5284332.643954796,3048808.195944758,1816824.657123213,5318253.04822321
54,CH4_1B2_250m_-103.37617_32.17718?datetime=2024-01-01T00%3A00%3A00.000Z%2F2025-01-01T23%3A59%3A59.999Z&status=not_deleted,657608.13274741,274025.4686321812,274025.4686321812,1972006.857982021,1831974.4970489219,5251118.961031493,2629614.990729431,1852355.3965955714,5258264.000634007
55,CH4_1B2_250m_-103.37921_32.29459?datetime=2024-01-01T00%3A00%3A00.000Z%2F2025-01-01T23%3A59%3A59.999Z&status=not_deleted,554570.7870117044,328842.7409349747,328842.7409349747,1819869.302207924,1688645.4497232495,5403291.920143632,2374440.0892196284,1720366.5316253577,5413289.307117724
56,CH4_1B2_250m_-103.38243_32.44133?datetime=2024-01-01T00%3A00%3A00.000Z%2F2025-01-01T23%3A59%3A59.999Z&status=not_deleted,359847.84433534404,78627.99326411437,78627.99326411437,1990958.3341298099,1744321.2167231946,6079632.541311022,2350806.178465154,1746092.4570123507,6080140.968653001
57,CH4_1B2_250m_-103.39023_32.02887?datetime=2024-01-01T00%3A00%3A00.000Z%2F2025-01-01T23%3A59%3A59.999Z&status=not_deleted,233.48400598424996,78.49948937763332,78.49948937763332,3063262.109261796,2659228.2874350734,9060243.285925055,3063495.5932677803,2659228.2885937123,9060243.286265122
58,CH4_1B2_250m_-103.39443_32.47774?datetime=2024-01-01T00%3A00%3A00.000Z%2F2025-01-01T23%3A59%3A59.999Z&status=not_deleted,617997.427850112,134585.986436603,134585.986436603,2057510.960047356,1856407.7601974155,5703685.094574531,2675508.387897468,1861279.9789033078,5705272.740703707
59,CH4_1B2_250m_-103.40521_32.20244?datetime=2024-01-01T00%3A00%3A00.000Z%2F2025-01-01T23%3A59%3A59.999Z&status=not_deleted,141.6493634963889,49.87926400346112,49.87926400346112,2863994.1738240663,2396439.331845994,9120253.549107557,2864135.8231875626,2396439.3323650854,9120253.549243953
60,CH4_1B2_250m_-103.40917_32.02236?datetime=2024-01-01T00%3A00%3A00.000Z%2F2025-01-01T23%3A59%3A59.999Z&status=not_deleted,37896.44065814091,9842.840899355158,9842.840899355158,2777107.499097438,2256357.023173213,9362985.35270657,2815003.939755579,2256378.4916409864,9362990.526349727
61,CH4_1B2_250m_-103.41150_32.35437?datetime=2024-01-01T00%3A00%3A00.000Z%2F2025-01-01T23%3A59%3A59.999Z&status=not_deleted,650681.5951279745,170689.09482501107,170689.09482501107,2132557.217414979,1936988.2463098867,6313497.748775683,2783238.8125429535,1944494.338751037,6315804.666935782
62,CH4_1B2_250m_-103.41294_32.19644?datetime=2024-01-01T00%3A00%3A00.000Z%2F2025-01-01T23%3A59%3A59.999Z&status=not_deleted,99979.39402502742,32751.016257787636,32751.016257787636,1987781.1902500496,1770383.346422902,5691231.937082059,2087760.584275077,1770686.257459935,5691326.171528804
63,CH4_1B2_250m_-103.44043_32.23849?datetime=2024-01-01T00%3A00%3A00.000Z%2F2025-01-01T23%3A59%3A59.999Z&status=not_deleted,655267.2052660919,189600.6429498893,189600.6429498893,1922165.9509246913,1671733.064839467,5837595.005363423,2577433.1561907833,1682450.5472329846,5840673.236062004
64,CH4_1B2_250m_-103.44423_32.41489?datetime=2024-01-01T00%3A00%3A00.000Z%2F2025-01-01T23%3A59%3A59.999Z&status=not_deleted,574168.3566761555,65185.58715914414,65185.58715914414,1869792.2539404663,1691125.3095493831,6097252.365795892,2443960.6106166216,1692381.1548737416,6097600.804658902
65,CH4_1B2_250m_-103.45056_32.35508?datetime=2024-01-01T00%3A00%3A00.000Z%2F2025-01-01T23%3A59%3A59.999Z&status=not_deleted,130.08261571460278,152.94097132486112,152.94097132486112,3283090.778698653,2847016.7973856376,9081434.05517081,3283220.8613143675,2847016.801493611,9081434.056458654
66,CH4_1B2_250m_-103.45148_32.45644?datetime=2024-01-01T00%3A00%3A00.000Z%2F2025-01-01T23%3A59%3A59.999Z&status=not_deleted,306.20331848247224,88.44399824751667,88.44399824751667,3294414.553185297,2955019.325854153,8158097.673564486,3294720.7565037794,2955019.3271777215,8158097.674043908
67,CH4_1B2_250m_-103.45429_32.42843?datetime=2024-01-01T00%3A00%3A00.000Z%2F2025-01-01T23%3A59%3A59.999Z&status=not_deleted,475.9169785023889,186.8576938686111,186.8576938686111,3279501.307743801,2875707.1013012226,5995204.044539643,3279977.224722303,2875707.1073720423,5995204.047451621
68,CH4_1B2_250m_-103.45499_32.04233?datetime=2024-01-01T00%3A00%3A00.000Z%2F2025-01-01T23%3A59%3A59.999Z&status=not_deleted,66212.77908775484,23081.392327361747,23081.392327361747,2977881.567756875,2567178.675957519,7512542.47447557,3044094.34684463,2567282.4357601893,7512577.93180685
69,CH4_1B2_250m_-103.46123_32.04214?datetime=2024-01-01T00%3A00%3A00.000Z%2F2025-01-01T23%3A59%3A59.999Z&status=not_deleted,1523445.686592385,589513.2134042222,589513.2134042222,1827966.6983749853,1582639.4529988356,5197220.730879653,3351412.38496737,1688867.5101874112,5230547.691615421
70,CH4_1B2_250m_-103.46250_32.42318?datetime=2024-01-01T00%3A00%3A00.000Z%2F2025-01-01T23%3A59%3A59.999Z&status=not_deleted,1490651.364662586,292137.35711643,292137.35711643,2026841.1624393605,1691253.7066271624,7029320.441057782,3517492.5271019465,1716299.3141066881,7035388.411345583
71,CH4_1B2_250m_-103.46410_32.06239?datetime=2024-01-01T00%3A00%3A00.000Z%2F2025-01-01T23%3A59%3A59.999Z&status=not_deleted,92998.13994243657,40829.54824081078,40829.54824081078,2786592.386107107,2448351.8520927085,10201134.026225397,2879590.5260495436,2448692.2721435097,10201215.73504958
72,CH4_1B2_250m_-103.46847_32.02199?datetime=2024-01-01T00%3A00%3A00.000Z%2F2025-01-01T23%3A59%3A59.999Z&status=not_deleted,129.9900543344083,82.51328662231666,82.51328662231666,2869356.2985981675,2474608.603823443,8537034.012297727,2869486.288652502,2474608.6051991032,8537034.012696486
73,CH4_1B2_250m_-103.46914_32.20323?datetime=2024-01-01T00%3A00%3A00.000Z%2F2025-01-01T23%3A59%3A59.999Z&status=not_deleted,3697355.539133412,541961.3703802826,541961.3703802826,804746.8106462279,706336.8918031433,2995626.8343738187,4502102.349779639,890299.9111010847,3044257.258807964
74,CH4_1B2_250m_-103.47146_32.04832?datetime=2024-01-01T00%3A00%3A00.000Z%2F2025-01-01T23%3A59%3A59.999Z&status=not_deleted,1079474.073972575,266416.3364309871,266416.3364309871,1881681.8721219501,1684640.3242409462,6249764.789485153,2961155.946094525,1705576.3502042205,6255440.639012228
75,CH4_1B2_250m_-103.48181_32.44199?datetime=2024-01-01T00%3A00%3A00.000Z%2F2025-01-01T23%3A59%3A59.999Z&status=not_deleted,428313.420546641,155444.46120336626,155444.46120336626,1689752.3020833957,1531034.7559931844,6652248.592119037,2118065.7226300365,1538905.5866354876,6654064.49561984
76,CH4_1B2_250m_-103.49452_32.85507?datetime=2024-01-01T00%3A00%3A00.000Z%2F2025-01-01T23%3A59%3A59.999Z&status=not_deleted,330435.951129585,151268.221080522,151268.221080522,2007712.1805885332,1792404.945346247,5748205.656971568,2338148.131718118,1798776.6850864363,5750195.679239864
77,CH4_1B2_250m_-103.49789_32.28229?datetime=2024-01-01T00%3A00%3A00.000Z%2F2025-01-01T23%3A59%3A59.999Z&status=not_deleted,322.6182274515278,70.0005053856111,70.0005053856111,3142530.9149582162,2541992.784775709,9021177.044915907,3142853.533185668,2541992.785739533,9021177.045187496
78,CH4_1B2_250m_-103.50133_32.10730?datetime=2024-01-01T00%3A00%3A00.000Z%2F2025-01-01T23%3A59%3A59.999Z&status=not_deleted,562469.0043290351,125170.93184562249,125170.93184562249,1863565.5900803474,1664818.7514063644,7213007.267643517,2426034.5944093824,1669517.666038113,7214093.262861057
79,CH4_1B2_250m_-103.50422_32.06184?datetime=2024-01-01T00%3A00%3A00.000Z%2F2025-01-01T23%3A59%3A59.999Z&status=not_deleted,3708691.559925217,1071794.9488375678,1071794.9488375678,1863565.5900803474,1664818.7514063644,7213007.267643517,3708691.559925217,1071794.9488375678,1071794.9488375678
80,CH4_1B2_250m_-103.50627_32.18929?datetime=2024-01-01T00%3A00%3A00.000Z%2F2025-01-01T23%3A59%3A59.999Z&status=not_deleted,412550.93222545995,253906.756055418,253906.756055418,1831386.0546060617,1584150.9468487317,5952385.942284639,2243936.9868315216,1604369.927159045,5957798.842414737
81,CH4_1B2_250m_-103.51450_32.44454?datetime=2024-01-01T00%3A00%3A00.000Z%2F2025-01-01T23%3A59%3A59.999Z&status=not_deleted,1151229.6208249726,150020.59878673474,150020.59878673474,1859020.16236271,1588947.1459916325,4161986.363457344,3010249.7831876827,1596013.537791984,4164689.2644788297
82,CH4_1B2_250m_-103.51464_32.79657?datetime=2024-01-01T00%3A00%3A00.000Z%2F2025-01-01T23%3A59%3A59.999Z&status=not_deleted,1037899.3811080563,395220.267834918,395220.267834918,1835265.585068028,1596661.4155526552,5715908.558528876,2873164.9661760842,1644848.545010182,5729555.803862212
83,CH4_1B2_250m_-103.51797_32.76623?datetime=2024-01-01T00%3A00%3A00.000Z%2F2025-01-01T23%3A59%3A59.999Z&status=not_deleted,370.1570040954167,74.2002335075,74.2002335075,3112664.0357319135,2636735.884106978,8139930.435123796,3113034.192736009,2636735.88515101,8139930.435461985
84,CH4_1B2_250m_-103.52273_32.21485?datetime=2024-01-01T00%3A00%3A00.000Z%2F2025-01-01T23%3A59%3A59.999Z&status=not_deleted,496982.63294514304,199759.88982689934,199759.88982689934,1876685.4133608842,1682125.0982675508,6569594.235822281,2373668.046306027,1693944.762914444,6572630.5568572
85,CH4_1B2_250m_-103.52339_32.05316?datetime=2024-01-01T00%3A00%3A00.000Z%2F2025-01-01T23%3A59%3A59.999Z&status=not_deleted,72935.61016001426,31043.837464981276,31043.837464981276,2883122.4854470966,2370977.756692168,8825062.802903276,2956058.0956071108,2371180.980560863,8825117.404036706
86,CH4_1B2_250m_-103.52562_32.22008?datetime=2024-01-01T00%3A00%3A00.000Z%2F2025-01-01T23%3A59%3A59.999Z&status=not_deleted,271087.98123254336,231243.1378996999,231243.1378996999,1808532.9126119544,1578765.882306168,4087010.9998956644,2079620.8938444979,1595611.1994968178,4093547.6425826363
87,CH4_1B2_250m_-103.52664_32.05166?datetime=2024-01-01T00%3A00%3A00.000Z%2F2025-01-01T23%3A59%3A59.999Z&status=not_deleted,597487.9199272533,143996.41838663464,143996.41838663464,1694435.863243095,1438298.3351405775,5251748.065702524,2291923.7831703485,1445488.5227411306,5253721.79641427
88,CH4_1B2_250m_-103.52851_32.21728?datetime=2024-01-01T00%3A00%3A00.000Z%2F2025-01-01T23%3A59%3A59.999Z&status=not_deleted,2675597.0470413,277726.777320745,277726.777320745,2355846.785186818,1923546.5977726197,8532429.340549257,5031443.832228119,1943492.6489811034,8536948.08548739
89,CH4_1B2_250m_-103.52913_32.22161?datetime=2024-01-01T00%3A00%3A00.000Z%2F2025-01-01T23%3A59%3A59.999Z&status=not_deleted,508231.7692425937,173045.8031253605,173045.8031253605,1787786.4085435118,1651167.3458801727,5238774.0919518005,2296018.1777861053,1660210.3644057503,5241631.314436824
90,CH4_1B2_250m_-103.52952_32.08578?datetime=2024-01-01T00%3A00%3A00.000Z%2F2025-01-01T23%3A59%3A59.999Z&status=not_deleted,343323.3956469251,101842.95232223562,101842.95232223562,2036764.5180826588,1812127.617623146,6081379.876782551,2380087.913729584,1814987.1871421703,6082232.582915049
91,CH4_1B2_250m_-103.53327_32.05728?datetime=2024-01-01T00%3A00%3A00.000Z%2F2025-01-01T23%3A59%3A59.999Z&status=not_deleted,3304451.7615372236,1089079.1126094966,1089079.1126094966,2036764.5180826588,1812127.617623146,6081379.876782551,3304451.7615372236,1089079.1126094966,1089079.1126094966
92,CH4_1B2_250m_-103.53848_32.19900?datetime=2024-01-01T00%3A00%3A00.000Z%2F2025-01-01T23%3A59%3A59.999Z&status=not_deleted,1077296.0435884374,264117.10064029635,264117.10064029635,2071404.9187692394,1870786.4181209863,6077739.934005852,3148700.9623576766,1889338.4199440253,6083476.02512413
93,CH4_1B2_250m_-103.54911_32.24338?datetime=2024-01-01T00%3A00%3A00.000Z%2F2025-01-01T23%3A59%3A59.999Z&status=not_deleted,112544.64497545404,32637.85805373981,32637.85805373981,3124750.508635595,2669299.118828641,9110967.832252584,3237295.153611049,2669498.644981431,9111026.290716086
94,CH4_1B2_250m_-103.54998_32.10781?datetime=2024-01-01T00%3A00%3A00.000Z%2F2025-01-01T23%3A59%3A59.999Z&status=not_deleted,2194620.390409325,554930.8840641662,554930.8840641662,3124750.508635595,2669299.118828641,9110967.832252584,2194620.390409325,554930.8840641662,554930.8840641662
95,CH4_1B2_250m_-103.55018_32.12529?datetime=2024-01-01T00%3A00%3A00.000Z%2F2025-01-01T23%3A59%3A59.999Z&status=not_deleted,338646.16726532887,107443.76845320665,107443.76845320665,1861239.0203062026,1598370.9229923126,6563646.081820763,2199885.1875715316,1601978.0806386597,6564525.424642704
96,CH4_1B2_250m_-103.55040_32.06519?datetime=2024-01-01T00%3A00%3A00.000Z%2F2025-01-01T23%3A59%3A59.999Z&status=not_deleted,11777.472241207302,3054.7444330391168,3054.7444330391168,3177128.277920143,2655350.5251576104,9769447.241130708,3188905.7501613507,2655352.2822628166,9769447.718714705
97,CH4_1B2_250m_-103.55291_32.44341?datetime=2024-01-01T00%3A00%3A00.000Z%2F2025-01-01T23%3A59%3A59.999Z&status=not_deleted,2705831.682349222,647719.1272223184,647719.1272223184,2074218.3339326018,1824449.428162051,5514570.475945764,4780050.016281824,1936015.4399411376,5552479.410312328
98,CH4_1B2_250m_-103.55742_32.06523?datetime=2024-01-01T00%3A00%3A00.000Z%2F2025-01-01T23%3A59%3A59.999Z&status=not_deleted,55530.643018264804,13480.082199439912,13480.082199439912,3173862.5699573853,2802537.482260748,8768379.957884833,3229393.21297565,2802569.9013749,8768390.319691097
99,CH4_1B2_250m_-103.55818_32.19830?datetime=2024-01-01T00%3A00%3A00.000Z%2F2025-01-01T23%3A59%3A59.999Z&status=not_deleted,4490239.39198645,498110.9646211837,498110.9646211837,1978600.1010898296,1687340.1677440861,5640860.934489577,6468839.49307628,1759326.966415989,5662810.840503722
100,CH4_1B2_250m_-103.55860_32.30117?datetime=2024-01-01T00%3A00%3A00.000Z%2F2025-01-01T23%3A59%3A59.999Z&status=not_deleted,403575.19345814135,190753.17720880097,190753.17720880097,2099969.5942492,1874665.1646423212,7005180.078049183,2503544.7877073414,1884345.0464653955,7007776.730212829
101,CH4_1B2_250m_-103.55960_32.15167?datetime=2024-01-01T00%3A00%3A00.000Z%2F2025-01-01T23%3A59%3A59.999Z&status=not_deleted,799691.5251251573,89139.42266450205,89139.42266450205,1927000.6033793986,1740939.9725362929,4735648.847845049,2726692.1285045557,1743220.5324191283,4736487.712088895
102,CH4_1B2_250m_-103.56018_32.22450?datetime=2024-01-01T00%3A00%3A00.000Z%2F2025-01-01T23%3A59%3A59.999Z&status=not_deleted,49364.87131640388,5604.731148863416,5604.731148863416,3256407.9578154422,2819866.3100249805,7092447.900730707,3305772.8291318463,2819871.8799663843,7092450.115269804
103,CH4_1B2_250m_-103.56127_32.16636?datetime=2024-01-01T00%3A00%3A00.000Z%2F2025-01-01T23%3A59%3A59.999Z&status=not_deleted,1115552.5723368083,263748.02122971934,263748.02122971934,3256407.9578154422,2819866.3100249805,7092447.900730707,1115552.5723368083,263748.02122971934,263748.02122971934
104,CH4_1B2_250m_-103.56200_32.06519?datetime=2024-01-01T00%3A00%3A00.000Z%2F2025-01-01T23%3A59%3A59.999Z&status=not_deleted,2644318.2403841843,1107628.0867678346,1107628.0867678346,3256407.9578154422,2819866.3100249805,7092447.900730707,2644318.2403841843,1107628.0867678346,1107628.0867678346
105,CH4_1B2_250m_-103.56217_31.41173?datetime=2024-01-01T00%3A00%3A00.000Z%2F2025-01-01T23%3A59%3A59.999Z&status=not_deleted,14344538.648511184,4076354.8703857027,4076354.8703857027,963994.0343731837,899919.9662841494,2548041.127620891,15308532.682884369,4174508.9501681635,4807201.120960593
106,CH4_1B2_250m_-103.56314_32.19910?datetime=2024-01-01T00%3A00%3A00.000Z%2F2025-01-01T23%3A59%3A59.999Z&status=not_deleted,24881.17378103,9279.825353545333,9279.825353545333,3143576.012232895,2863409.9318006705,8596511.03638918,3168457.186013925,2863424.968930269,8596516.045114996
107,CH4_1B2_250m_-103.56375_32.15281?datetime=2024-01-01T00%3A00%3A00.000Z%2F2025-01-01T23%3A59%3A59.999Z&status=not_deleted,154551.06575754253,52246.733894102756,52246.733894102756,2651193.0939612137,2254123.2359619956,8819370.97881158,2805744.159718756,2254728.6497728233,8819525.734590638
108,CH4_1B2_250m_-103.56686_32.01843?datetime=2024-01-01T00%3A00%3A00.000Z%2F2025-01-01T23%3A59%3A59.999Z&status=not_deleted,1001765.4390268221,209694.8972777904,209694.8972777904,869604.3216277426,797643.2398635491,2708376.7818396967,1871369.7606545647,824746.4386369683,2716482.4207700468
109,CH4_1B2_250m_-103.56767_32.06529?datetime=2024-01-01T00%3A00%3A00.000Z%2F2025-01-01T23%3A59%3A59.999Z&status=not_deleted,387085.67554942134,150922.2706630409,150922.2706630409,759489.7315223461,683219.3600866917,2430228.7764912955,1146575.4070717674,699690.092669145,2434910.5605480596
110,CH4_1B2_250m_-103.56807_32.19631?datetime=2024-01-01T00%3A00%3A00.000Z%2F2025-01-01T23%3A59%3A59.999Z&status=not_deleted,141863.8273668,37835.329131,37835.329131,2878466.5164664355,2503920.320713057,8107593.038176928,3020330.3438332356,2504206.158568066,8107681.319885818
111,CH4_1B2_250m_-103.56992_32.20465?datetime=2024-01-01T00%3A00%3A00.000Z%2F2025-01-01T23%3A59%3A59.999Z&status=not_deleted,540826.9059137977,138934.43572910392,138934.43572910392,1757251.2116785736,1571093.777863002,5556657.293254261,2298078.117592371,1577224.916196547,5558393.9273954965
112,CH4_1B2_250m_-103.57040_32.02799?datetime=2024-01-01T00%3A00%3A00.000Z%2F2025-01-01T23%3A59%3A59.999Z&status=not_deleted,160.42957216883335,34.298434246125,34.298434246125,3086486.85264879,2726542.99395072,8530764.64575791,3086647.2822209587,2726542.994166448,8530764.64582686
113,CH4_1B2_250m_-103.57322_32.03722?datetime=2024-01-01T00%3A00%3A00.000Z%2F2025-01-01T23%3A59%3A59.999Z&status=not_deleted,969839.8378940432,222974.8241796962,222974.8241796962,1658619.60020028,1455713.8897776084,4328881.043629475,2628459.4380943235,1472691.6517416066,4334619.805947527
114,CH4_1B2_250m_-103.57364_32.02006?datetime=2024-01-01T00%3A00%3A00.000Z%2F2025-01-01T23%3A59%3A59.999Z&status=not_deleted,168.03309975258333,64.64078893638333,64.64078893638333,2787163.9811423123,2457485.002325195,7112230.279936617,2787332.0142420647,2457485.0031753387,7112230.280230367
115,CH4_1B2_250m_-103.57469_32.19652?datetime=2024-01-01T00%3A00%3A00.000Z%2F2025-01-01T23%3A59%3A59.999Z&status=not_deleted,31220.04549592579,11199.183500491492,11199.183500491492,2999654.8681180403,2537792.612105659,11100911.80820068,3030874.913613966,2537817.322773478,11100917.457361817
116,CH4_1B2_250m_-103.57571_32.22448?datetime=2024-01-01T00%3A00%3A00.000Z%2F2025-01-01T23%3A59%3A59.999Z&status=not_deleted,185508.6333263502,49752.79895574163,49752.79895574163,2831633.238677293,2382826.764068728,8881141.66076226,3017141.8720036433,2383346.120177717,8881281.019060874
117,CH4_1B2_250m_-103.57617_32.41589?datetime=2024-01-01T00%3A00%3A00.000Z%2F2025-01-01T23%3A59%3A59.999Z&status=not_deleted,1606058.4956588035,596658.7526390161,596658.7526390161,1862875.0879190576,1591806.5282405599,5191619.27100938,3468933.583577861,1699955.7907339858,5225792.985013539
118,CH4_1B2_250m_-103.57628_32.00560?datetime=2024-01-01T00%3A00%3A00.000Z%2F2025-01-01T23%3A59%3A59.999Z&status=not_deleted,8268.781029010945,3107.056195289175,3107.056195289175,3080009.0524119087,2563966.2103211517,7408717.301900638,3088277.83344092,2563968.092911222,7408717.953416777
119,CH4_1B2_250m_-103.57786_32.23980?datetime=2024-01-01T00%3A00%3A00.000Z%2F2025-01-01T23%3A59%3A59.999Z&status=not_deleted,25382.11858046,9516.371120587,9516.371120587,2820032.4323669076,2331419.321830804,7026339.499177238,2845414.5509473677,2331438.7436785274,7026345.943590989
120,CH4_1B2_250m_-103.58087_32.28479?datetime=2024-01-01T00%3A00%3A00.000Z%2F2025-01-01T23%3A59%3A59.999Z&status=not_deleted,26472.36814141328,8977.874754494564,8977.874754494564,2803123.524371217,2401360.428858267,7244439.454462352,2829595.89251263,2401377.2114187866,7244445.017501747
121,CH4_1B2_250m_-103.58347_32.20410?datetime=2024-01-01T00%3A00%3A00.000Z%2F2025-01-01T23%3A59%3A59.999Z&status=not_deleted,811607.7140940264,193453.14106882436,193453.14106882436,1869819.9095598238,1673392.436728756,6132672.283476659,2681427.62365385,1684537.433567565,6135722.732841846
122,CH4_1B2_250m_-103.58544_32.22596?datetime=2024-01-01T00%3A00%3A00.000Z%2F2025-01-01T23%3A59%3A59.999Z&status=not_deleted,620.6353026014167,151.84280564850832,151.84280564850832,3034623.780998187,2648182.5018043653,10075689.826260153,3035244.4163007885,2648182.5061575845,10075689.827404305
123,CH4_1B2_250m_-103.58747_32.11524?datetime=2024-01-01T00%3A00%3A00.000Z%2F2025-01-01T23%3A59%3A59.999Z&status=not_deleted,118047.41427918331,18800.758343643,18800.758343643,3114903.7256132364,2684370.5205256026,8307348.546203781,3232951.13989242,2684436.3579681288,8307369.820624839
124,CH4_1B2_250m_-103.59381_32.48760?datetime=2024-01-01T00%3A00%3A00.000Z%2F2025-01-01T23%3A59%3A59.999Z&status=not_deleted,760588.3696605146,161585.02003816495,161585.02003816495,1926174.7362714647,1685282.4841557615,6275944.702028781,2686763.1059319796,1693011.1547485294,6278024.499922237
125,CH4_1B2_250m_-103.59491_32.21343?datetime=2024-01-01T00%3A00%3A00.000Z%2F2025-01-01T23%3A59%3A59.999Z&status=not_deleted,36430944.47905071,9600339.69938686,9600339.69938686,1926174.7362714647,1685282.4841557615,6275944.702028781,36430944.47905071,9600339.69938686,9600339.69938686
126,CH4_1B2_250m_-103.59513_32.06508?datetime=2024-01-01T00%3A00%3A00.000Z%2F2025-01-01T23%3A59%3A59.999Z&status=not_deleted,10419502.28175064,3914351.598928923,3914351.598928923,1926174.7362714647,1685282.4841557615,6275944.702028781,10419502.28175064,3914351.598928923,3914351.598928923
127,CH4_1B2_250m_-103.59657_32.26726?datetime=2024-01-01T00%3A00%3A00.000Z%2F2025-01-01T23%3A59%3A59.999Z&status=not_deleted,3859017.368534619,1042765.2109061053,1042765.2109061053,1926174.7362714647,1685282.4841557615,6275944.702028781,3859017.368534619,1042765.2109061053,1042765.2109061053
128,CH4_1B2_250m_-103.59846_32.27087?datetime=2024-01-01T00%3A00%3A00.000Z%2F2025-01-01T23%3A59%3A59.999Z&status=not_deleted,103077.94073961905,28722.283636110085,28722.283636110085,3091556.9830828607,2767361.527796323,9260530.905736184,3194634.92382248,2767510.5772344344,9260575.4478689
129,CH4_1B2_250m_-103.60098_32.20786?datetime=2024-01-01T00%3A00%3A00.000Z%2F2025-01-01T23%3A59%3A59.999Z&status=not_deleted,46213.32044931403,16136.403129222917,16136.403129222917,2938319.832770631,2476708.9513020837,6886990.776588133,2984533.1532199453,2476761.5171763743,6887009.6805737065
130,CH4_1B2_250m_-103.60164_32.57673?datetime=2024-01-01T00%3A00%3A00.000Z%2F2025-01-01T23%3A59%3A59.999Z&status=not_deleted,5565746.252308428,633811.1465910693,633811.1465910693,1912835.0467921635,1647409.6324941076,5633135.94408075,7478581.299100592,1765127.4930659984,5668680.369719007
131,CH4_1B2_250m_-103.60988_32.22555?datetime=2024-01-01T00%3A00%3A00.000Z%2F2025-01-01T23%3A59%3A59.999Z&status=not_deleted,542354.1977420248,36311.61445546678,36311.61445546678,1828275.2174693118,1566981.2459743898,4808133.424810819,2370629.4152113367,1567401.9135434963,4808270.537743002
132,CH4_1B2_250m_-103.61440_32.06245?datetime=2024-01-01T00%3A00%3A00.000Z%2F2025-01-01T23%3A59%3A59.999Z&status=not_deleted,3916.9150795767773,727.4282652598854,727.4282652598854,2939823.2796958373,2543750.380217584,6651754.97521884,2943740.194775414,2543750.484227764,6651755.014994199
133,CH4_1B2_250m_-103.61541_32.28230?datetime=2024-01-01T00%3A00%3A00.000Z%2F2025-01-01T23%3A59%3A59.999Z&status=not_deleted,43865.5862040765,18585.571589561005,18585.571589561005,2738889.568400723,2368149.61327773,7821945.4472056525,2782755.1546047996,2368222.5432460466,7821967.527581059
134,CH4_1B2_250m_-103.61584_32.17472?datetime=2024-01-01T00%3A00%3A00.000Z%2F2025-01-01T23%3A59%3A59.999Z&status=not_deleted,81826.62211848977,13625.926791838361,13625.926791838361,2837276.323475467,2406918.2222352275,7627488.256249474,2919102.945593957,2406956.791138745,7627500.427079935
135,CH4_1B2_250m_-103.61637_32.03453?datetime=2024-01-01T00%3A00%3A00.000Z%2F2025-01-01T23%3A59%3A59.999Z&status=not_deleted,48553.736427324024,11736.17482544174,11736.17482544174,2775577.326889544,2257164.977356096,6765614.622650755,2824131.0633168677,2257195.488388739,6765624.801895627
136,CH4_1B2_250m_-103.61749_32.23862?datetime=2024-01-01T00%3A00%3A00.000Z%2F2025-01-01T23%3A59%3A59.999Z&status=not_deleted,31592.97358402597,8813.916313930136,8813.916313930136,2663304.715741095,2221598.2233826653,7106770.022800875,2694897.689325121,2221615.7073755586,7106775.488370372
137,CH4_1B2_250m_-103.61762_32.06325?datetime=2024-01-01T00%3A00%3A00.000Z%2F2025-01-01T23%3A59%3A59.999Z&status=not_deleted,871703.7945986026,348949.58098118147,348949.58098118147,1899693.322602604,1761451.115205943,6131742.10721509,2771397.1172012067,1795682.555834188,6141663.217684725
138,CH4_1B2_250m_-103.61800_32.15645?datetime=2024-01-01T00%3A00%3A00.000Z%2F2025-01-01T23%3A59%3A59.999Z&status=not_deleted,5671.274820213889,1908.6735033354444,1908.6735033354444,3189857.283629543,2799128.0264526,8404167.949885834,3195528.558449757,2799128.677197061,8404168.166625584
139,CH4_1B2_250m_-103.62121_32.30838?datetime=2024-01-01T00%3A00%3A00.000Z%2F2025-01-01T23%3A59%3A59.999Z&status=not_deleted,15324866.973061237,4507681.141624109,4507681.141624109,3189857.283629543,2799128.0264526,8404167.949885834,15324866.973061237,4507681.141624109,4507681.141624109
140,CH4_1B2_250m_-103.62144_32.35434?datetime=2024-01-01T00%3A00%3A00.000Z%2F2025-01-01T23%3A59%3A59.999Z&status=not_deleted,2176249.4747585515,503934.15670355014,503934.15670355014,834405.8689525747,741787.3177920887,2819695.410913482,3010655.343711126,896770.9067145853,2864372.853631152
141,CH4_1B2_250m_-103.62146_32.13253?datetime=2024-01-01T00%3A00%3A00.000Z%2F2025-01-01T23%3A59%3A59.999Z&status=not_deleted,429481.1132126666,73011.20490398332,73011.20490398332,2769367.763670983,2376881.322144061,7760162.325144049,3198848.8768836493,2378002.408661276,7760505.779176163
142,CH4_1B2_250m_-103.62248_32.12483?datetime=2024-01-01T00%3A00%3A00.000Z%2F2025-01-01T23%3A59%3A59.999Z&status=not_deleted,643.0853889622445,302.8708574245583,302.8708574245583,3008180.6697129766,2550215.0792683144,8851387.692687482,3008823.7551019387,2550215.09725322,8851387.697869198
143,CH4_1B2_250m_-103.62652_32.03805?datetime=2024-01-01T00%3A00%3A00.000Z%2F2025-01-01T23%3A59%3A59.999Z&status=not_deleted,2963018.992222293,1749678.5960287224,1749678.5960287224,3008180.6697129766,2550215.0792683144,8851387.692687482,2963018.992222293,1749678.5960287224,1749678.5960287224
144,CH4_1B2_250m_-103.62663_32.20033?datetime=2024-01-01T00%3A00%3A00.000Z%2F2025-01-01T23%3A59%3A59.999Z&status=not_deleted,904719.4544787656,309722.03961624514,309722.03961624514,914645.0700587814,831593.4950583776,3057546.0860646144,1819364.524537547,887398.1535068995,3073193.096802264
145,CH4_1B2_250m_-103.62806_32.11299?datetime=2024-01-01T00%3A00%3A00.000Z%2F2025-01-01T23%3A59%3A59.999Z&status=not_deleted,823696.0089400314,362795.27809063456,362795.27809063456,1762501.8460975345,1600700.8707495648,6426739.198121484,2586197.855037566,1641299.391160332,6436971.114932553
146,CH4_1B2_250m_-103.63747_32.76290?datetime=2024-01-01T00%3A00%3A00.000Z%2F2025-01-01T23%3A59%3A59.999Z&status=not_deleted,1078635.5702735838,121818.83976580352,121818.83976580352,1936878.9999201256,1646618.1844221638,5723464.563216336,3015514.5701937093,1651118.1892861666,5724760.819118564
147,CH4_1B2_250m_-103.63792_32.14783?datetime=2024-01-01T00%3A00%3A00.000Z%2F2025-01-01T23%3A59%3A59.999Z&status=not_deleted,1179856.288754125,140961.74850257207,140961.74850257207,1941080.4910218238,1706355.9510955298,5027505.877008936,3120936.7797759487,1712168.463200988,5029481.639085712
148,CH4_1B2_250m_-103.63842_32.06395?datetime=2024-01-01T00%3A00%3A00.000Z%2F2025-01-01T23%3A59%3A59.999Z&status=not_deleted,128588.70013448277,75554.92510993875,75554.92510993875,2787034.3381274007,2533753.6361161526,6482766.723793371,2915623.0382618834,2534879.8857618864,6483206.995139905
149,CH4_1B2_250m_-103.63886_32.15091?datetime=2024-01-01T00%3A00%3A00.000Z%2F2025-01-01T23%3A59%3A59.999Z&status=not_deleted,958975.2417621925,240324.19597981469,240324.19597981469,829523.9606283188,779571.3005499706,2385531.0252123326,1788499.2023905113,815773.9465161393,2397605.8874268616
150,CH4_1B2_250m_-103.63888_32.20026?datetime=2024-01-01T00%3A00%3A00.000Z%2F2025-01-01T23%3A59%3A59.999Z&status=not_deleted,303001.4868229333,61216.00454050667,61216.00454050667,3087906.2930534715,2594126.224889803,8134457.9612683775,3390907.779876405,2594848.4098060383,8134688.29905943
151,CH4_1B2_250m_-103.64240_32.19638?datetime=2024-01-01T00%3A00%3A00.000Z%2F2025-01-01T23%3A59%3A59.999Z&status=not_deleted,939.1899401016946,371.49105818708335,371.49105818708335,3056279.623147252,2651656.882400025,7895547.746023825,3057218.8130873535,2651656.9084225483,7895547.754763283
152,CH4_1B2_250m_-103.64408_32.06491?datetime=2024-01-01T00%3A00%3A00.000Z%2F2025-01-01T23%3A59%3A59.999Z&status=not_deleted,40685.45647379096,11647.532251647484,11647.532251647484,2892009.721503102,2515147.6214065836,6173196.145414245,2932695.1779768933,2515174.590853436,6173207.133635227
153,CH4_1B2_250m_-103.64620_32.03650?datetime=2024-01-01T00%3A00%3A00.000Z%2F2025-01-01T23%3A59%3A59.999Z&status=not_deleted,858808.9234136943,246551.19824658555,246551.19824658555,631621.2160862426,566298.1953378324,2600217.977696942,1490430.1394999367,617641.5946159334,2611880.744769026
154,CH4_1B2_250m_-103.64717_32.16911?datetime=2024-01-01T00%3A00%3A00.000Z%2F2025-01-01T23%3A59%3A59.999Z&status=not_deleted,92569.65212106597,38207.97239246677,38207.97239246677,2631539.1824293565,2192593.846547927,7896260.940834191,2724108.8345504226,2192926.725878951,7896353.3795605935
155,CH4_1B2_250m_-103.65309_32.17065?datetime=2024-01-01T00%3A00%3A00.000Z%2F2025-01-01T23%3A59%3A59.999Z&status=not_deleted,1192818.0595949357,524169.53341746074,524169.53341746074,908819.6309253337,821568.7662370169,3311793.954154871,2101637.6905202693,974540.3723906428,3353018.475126529
156,CH4_1B2_250m_-103.65492_31.99775?datetime=2024-01-01T00%3A00%3A00.000Z%2F2025-01-01T23%3A59%3A59.999Z&status=not_deleted,343637.2017105943,93088.1642212321,93088.1642212321,2016383.4949280354,1847871.4443866971,5957823.6119767465,2360020.69663863,1850214.6581674942,5958550.79677481
157,CH4_1B2_250m_-103.65859_32.31316?datetime=2024-01-01T00%3A00%3A00.000Z%2F2025-01-01T23%3A59%3A59.999Z&status=not_deleted,65239.02607519543,31243.62050202717,31243.62050202717,3045769.2437616345,2831036.7892098366,7724329.733912891,3111008.26983683,2831209.1879056934,7724392.921261377
158,CH4_1B2_250m_-103.65894_32.16597?datetime=2024-01-01T00%3A00%3A00.000Z%2F2025-01-01T23%3A59%3A59.999Z&status=not_deleted,801260.7600851667,333406.0864643567,333406.0864643567,1838865.8314034715,1643078.9681671648,6462399.716356472,2640126.591488638,1676564.3781629005,6470994.4917652095
159,CH4_1B2_250m_-103.65901_32.10756?datetime=2024-01-01T00%3A00%3A00.000Z%2F2025-01-01T23%3A59%3A59.999Z&status=not_deleted,791297.5178144064,350102.97897332837,350102.97897332837,1897225.9222538057,1724047.921693207,5665153.6885389,2688523.4400682123,1759236.5765242223,5675961.452534002
160,CH4_1B2_250m_-103.66265_32.24134?datetime=2024-01-01T00%3A00%3A00.000Z%2F2025-01-01T23%3A59%3A59.999Z&status=not_deleted,774020.6185479499,88192.83936430316,88192.83936430316,2862217.8740692073,2495745.8090891005,8020655.609549564,3636238.4926171573,2497303.5699531897,8021140.46653679
161,CH4_1B2_250m_-103.66808_32.17014?datetime=2024-01-01T00%3A00%3A00.000Z%2F2025-01-01T23%3A59%3A59.999Z&status=not_deleted,49912.697166885526,14886.332936796078,14886.332936796078,2719919.164572346,2189933.721959945,10800778.949418679,2769831.8617392317,2189984.3171780114,10800789.208067805
162,CH4_1B2_250m_-103.66855_32.13799?datetime=2024-01-01T00%3A00%3A00.000Z%2F2025-01-01T23%3A59%3A59.999Z&status=not_deleted,139742.6659123003,27802.576900034048,27802.576900034048,2812379.8255165946,2506024.043695909,8836647.21496542,2952122.491428895,2506178.263983685,8836690.952219523
163,CH4_1B2_250m_-103.67236_32.19981?datetime=2024-01-01T00%3A00%3A00.000Z%2F2025-01-01T23%3A59%3A59.999Z&status=not_deleted,22666.743830433334,13806.290955345754,13806.290955345754,3128828.7926975926,2611370.9646276347,8881954.697530292,3151495.5365280258,2611407.4612304773,8881965.427913483
164,CH4_1B2_250m_-103.67268_32.25956?datetime=2024-01-01T00%3A00%3A00.000Z%2F2025-01-01T23%3A59%3A59.999Z&status=not_deleted,493299.8713504901,268784.264945066,268784.264945066,1802132.031621993,1615509.09754037,5328975.131966678,2295431.902972483,1637716.2835234192,5335749.332399465
165,CH4_1B2_250m_-103.67310_32.03456?datetime=2024-01-01T00%3A00%3A00.000Z%2F2025-01-01T23%3A59%3A59.999Z&status=not_deleted,65326.62386101678,20289.995489283727,20289.995489283727,1888890.3875505924,1630190.398598891,5303444.761414525,1954217.0114116091,1630316.662369911,5303483.5741512505
166,CH4_1B2_250m_-103.67508_32.18255?datetime=2024-01-01T00%3A00%3A00.000Z%2F2025-01-01T23%3A59%3A59.999Z&status=not_deleted,208405.3303724914,166107.5843183202,166107.5843183202,2280141.590961527,2095437.9398305274,6164769.618420411,2488546.9213340185,2102011.3913224335,6167007.068081519
167,CH4_1B2_250m_-103.67613_32.05210?datetime=2024-01-01T00%3A00%3A00.000Z%2F2025-01-01T23%3A59%3A59.999Z&status=not_deleted,73820.76232453267,23803.322702356752,23803.322702356752,3026469.959734737,2576281.406367402,13136036.85593618,3100290.7220592694,2576391.368361195,13136058.422475342
168,CH4_1B2_250m_-103.67640_32.26041?datetime=2024-01-01T00%3A00%3A00.000Z%2F2025-01-01T23%3A59%3A59.999Z&status=not_deleted,442231.2520355587,258877.96142666,258877.96142666,859254.6588936393,807730.9054590813,3664450.4346790174,1301485.910929198,848202.2250301932,3673583.3714687442
169,CH4_1B2_250m_-103.67811_32.30332?datetime=2024-01-01T00%3A00%3A00.000Z%2F2025-01-01T23%3A59%3A59.999Z&status=not_deleted,811285.2438992704,420739.6609490507,420739.6609490507,2191838.7077621976,2017185.6315553198,6718884.702176898,3003123.951661468,2060596.9364358368,6732045.268968582
170,CH4_1B2_250m_-103.68045_31.99594?datetime=2024-01-01T00%3A00%3A00.000Z%2F2025-01-01T23%3A59%3A59.999Z&status=not_deleted,827409.8013177604,158225.04826986627,158225.04826986627,1957279.9896880304,1700317.843633381,4839670.375662719,2784689.7910057907,1707663.882407212,4842256.138513051
171,CH4_1B2_250m_-103.68186_32.09982?datetime=2024-01-01T00%3A00%3A00.000Z%2F2025-01-01T23%3A59%3A59.999Z&status=not_deleted,693055.9084914504,211771.96022342192,211771.96022342192,1587572.5610776455,1362763.27172726,6103961.206129368,2280628.469569096,1379119.6822269112,6107633.729118763
172,CH4_1B2_250m_-103.68260_32.12088?datetime=2024-01-01T00%3A00%3A00.000Z%2F2025-01-01T23%3A59%3A59.999Z&status=not_deleted,29047.693818825177,11798.71965298811,11798.71965298811,3095558.7103043357,2568788.6112619843,11386515.977875069,3124606.404123161,2568815.707507007,11386522.090796191
173,CH4_1B2_250m_-103.68309_32.20080?datetime=2024-01-01T00%3A00%3A00.000Z%2F2025-01-01T23%3A59%3A59.999Z&status=not_deleted,866935.5306961648,293673.2542777948,293673.2542777948,1929794.475025883,1709437.4713608788,5771464.670173952,2796730.0057220478,1734479.8784565895,5778931.425388628
174,CH4_1B2_250m_-103.68445_32.21220?datetime=2024-01-01T00%3A00%3A00.000Z%2F2025-01-01T23%3A59%3A59.999Z&status=not_deleted,469478.7354156312,244993.65206453702,244993.65206453702,2114369.9181011515,1895949.5288826479,5797048.9384760065,2583848.6535167824,1911712.9767886847,5802223.563827725
175,CH4_1B2_250m_-103.68578_32.20044?datetime=2024-01-01T00%3A00%3A00.000Z%2F2025-01-01T23%3A59%3A59.999Z&status=not_deleted,21774.839830689998,5181.325712313308,5181.325712313308,3128347.193908133,2723440.8463706635,6991735.900367608,3150122.033738823,2723445.775082789,6991737.820215043
176,CH4_1B2_250m_-103.68594_32.29894?datetime=2024-01-01T00%3A00%3A00.000Z%2F2025-01-01T23%3A59%3A59.999Z&status=not_deleted,13891.531474642688,3212.6383301249043,3212.6383301249043,3412033.360748985,2954046.4539495357,6821418.118285448,3425924.8922236273,2954048.2008824544,6821418.874802955
177,CH4_1B2_250m_-103.68658_32.16636?datetime=2024-01-01T00%3A00%3A00.000Z%2F2025-01-01T23%3A59%3A59.999Z&status=not_deleted,140951.2963768772,25424.899464633017,25424.899464633017,3437676.842425773,3088327.031098109,8980845.148090007,3578628.13880265,3088431.6855847808,8980881.137142647
178,CH4_1B2_250m_-103.69063_32.29894?datetime=2024-01-01T00%3A00%3A00.000Z%2F2025-01-01T23%3A59%3A59.999Z&status=not_deleted,9578.710860246667,1924.3855281603335,1924.3855281603335,3081875.8806041847,2616696.215946336,7788028.06280094,3091454.5914644315,2616696.9235674837,7788028.300554295
179,CH4_1B2_250m_-103.69186_32.41528?datetime=2024-01-01T00%3A00%3A00.000Z%2F2025-01-01T23%3A59%3A59.999Z&status=not_deleted,2638207.801268766,980973.6489047984,980973.6489047984,1964975.132276981,1822812.3696532117,6101522.552777411,4603182.933545747,2070013.1001533181,6179877.568520025
180,CH4_1B2_250m_-103.69250_32.31431?datetime=2024-01-01T00%3A00%3A00.000Z%2F2025-01-01T23%3A59%3A59.999Z&status=not_deleted,83731.98616939948,28746.08844025706,28746.08844025706,2735312.7401177664,2165803.765825637,8497442.49022513,2819044.726287166,2165994.5266932524,8497491.11280995
181,CH4_1B2_250m_-103.69329_32.06249?datetime=2024-01-01T00%3A00%3A00.000Z%2F2025-01-01T23%3A59%3A59.999Z&status=not_deleted,6537.083145079499,2741.7065139230003,2741.7065139230003,3067146.7594062192,2586833.8493260825,9589267.091768544,3073683.842551299,2586835.3022513445,9589267.48371479
182,CH4_1B2_250m_-103.69536_32.28156?datetime=2024-01-01T00%3A00%3A00.000Z%2F2025-01-01T23%3A59%3A59.999Z&status=not_deleted,142946.19764379188,67076.33978987386,67076.33978987386,2747401.407779224,2354386.165485877,8168230.454240531,2890347.605423016,2355341.472396497,8168505.860250213
183,CH4_1B2_250m_-103.69549_32.05538?datetime=2024-01-01T00%3A00%3A00.000Z%2F2025-01-01T23%3A59%3A59.999Z&status=not_deleted,38258.49741040228,10053.640345421638,10053.640345421638,3167312.301170362,2450598.3078470784,9416420.078170726,3205570.7985807643,2450618.9304147554,9416425.445160227
184,CH4_1B2_250m_-103.69650_32.03213?datetime=2024-01-01T00%3A00%3A00.000Z%2F2025-01-01T23%3A59%3A59.999Z&status=not_deleted,3583.6333907139997,675.6885153620334,675.6885153620334,2958823.4327258705,2455859.507854821,6416548.775231317,2962407.0661165845,2455859.6008069953,6416548.810807682
185,CH4_1B2_250m_-103.69744_32.21132?datetime=2024-01-01T00%3A00%3A00.000Z%2F2025-01-01T23%3A59%3A59.999Z&status=not_deleted,42866.07380833849,13619.989839881573,13619.989839881573,3218615.7656041523,2821607.5860935594,8638051.391560432,3261481.839412491,2821640.457964828,8638062.129167765
186,CH4_1B2_250m_-103.69817_32.05093?datetime=2024-01-01T00%3A00%3A00.000Z%2F2025-01-01T23%3A59%3A59.999Z&status=not_deleted,56668.7951792132,12958.334389666164,12958.334389666164,2713639.3316664672,2363811.110319224,7525709.919768404,2770308.1268456806,2363846.6286328216,7525721.076078406
187,CH4_1B2_250m_-103.70069_32.03685?datetime=2024-01-01T00%3A00%3A00.000Z%2F2025-01-01T23%3A59%3A59.999Z&status=not_deleted,51.965608193977786,11.369610790355,11.369610790355,2643504.1661646795,2195624.8172837375,9077912.428243343,2643556.1317728735,2195624.8173131747,9077912.428250462
188,CH4_1B2_250m_-103.70436_32.02345?datetime=2024-01-01T00%3A00%3A00.000Z%2F2025-01-01T23%3A59%3A59.999Z&status=not_deleted,338.51154146152777,84.00986693468056,84.00986693468056,3191087.5538186915,2749678.4489693013,9398406.523195611,3191426.065360153,2749678.450252662,9398406.523571081
189,CH4_1B2_250m_-103.70659_32.19517?datetime=2024-01-01T00%3A00%3A00.000Z%2F2025-01-01T23%3A59%3A59.999Z&status=not_deleted,713396.6451061377,300000.1196882348,300000.1196882348,1787094.2802622397,1535826.2114223065,6805916.048593478,2500490.9253683775,1564852.141099839,6812524.739941516
190,CH4_1B2_250m_-103.71197_32.02239?datetime=2024-01-01T00%3A00%3A00.000Z%2F2025-01-01T23%3A59%3A59.999Z&status=not_deleted,14913.26453774228,2802.6332226666223,2802.6332226666223,3162313.827661925,2632298.622970221,10035279.015547514,3177227.0921996674,2632300.1149648386,10035279.406904487
191,CH4_1B2_250m_-103.71268_32.82789?datetime=2024-01-01T00%3A00%3A00.000Z%2F2025-01-01T23%3A59%3A59.999Z&status=not_deleted,24506.63659301842,13390.660694881584,13390.660694881584,2749434.183517981,2344079.2772994186,7472161.42133805,2773940.820110999,2344117.5243699728,7472173.419850915
192,CH4_1B2_250m_-103.71654_32.04011?datetime=2024-01-01T00%3A00%3A00.000Z%2F2025-01-01T23%3A59%3A59.999Z&status=not_deleted,1372.9055503482223,460.4200017285556,460.4200017285556,3130000.2723974064,2711925.411314964,9449880.293451095,3131373.1779477545,2711925.4503991096,9449880.304667458
193,CH4_1B2_250m_-103.71746_32.23258?datetime=2024-01-01T00%3A00%3A00.000Z%2F2025-01-01T23%3A59%3A59.999Z&status=not_deleted,7980.132436474221,2569.6085383126665,2569.6085383126665,2827433.9595200117,2382323.0975176888,7622540.603229431,2835414.091956486,2382324.483325963,7622541.036345383
194,CH4_1B2_250m_-103.71770_32.20584?datetime=2024-01-01T00%3A00%3A00.000Z%2F2025-01-01T23%3A59%3A59.999Z&status=not_deleted,1387367.5721317912,323467.89954749733,323467.89954749733,665940.1787431889,614513.6798488436,2808977.440341276,2053307.75087498,694448.3744376085,2827540.5819163583
195,CH4_1B2_250m_-103.71912_32.31428?datetime=2024-01-01T00%3A00%3A00.000Z%2F2025-01-01T23%3A59%3A59.999Z&status=not_deleted,8966115.565946741,2729380.7037076135,2729380.7037076135,665940.1787431889,614513.6798488436,2808977.440341276,8966115.565946741,2729380.7037076135,2729380.7037076135
196,CH4_1B2_250m_-103.72492_32.00236?datetime=2024-01-01T00%3A00%3A00.000Z%2F2025-01-01T23%3A59%3A59.999Z&status=not_deleted,16363.833678377969,7873.281725943874,7873.281725943874,2940469.0029463884,2587984.000268836,6828005.94660959,2956832.8366247662,2587995.976467626,6828010.485895658
197,CH4_1B2_250m_-103.72492_32.08076?datetime=2024-01-01T00%3A00%3A00.000Z%2F2025-01-01T23%3A59%3A59.999Z&status=not_deleted,147177.19760158,26204.044897459,26204.044897459,2839418.987663694,2425224.845242409,6708230.016938593,2986596.1852652743,2425366.405710703,6708281.1965603335
198,CH4_1B2_250m_-103.72777_32.06477?datetime=2024-01-01T00%3A00%3A00.000Z%2F2025-01-01T23%3A59%3A59.999Z&status=not_deleted,872321.9823143322,339090.7884089798,339090.7884089798,22580.984774155666,21723.970382555544,114096.36359724827,894902.9670884878,339785.9527305472,357771.6352227199
199,CH4_1B2_250m_-103.72972_32.29546?datetime=2024-01-01T00%3A00%3A00.000Z%2F2025-01-01T23%3A59%3A59.999Z&status=not_deleted,442279.98465147545,47332.56281709125,47332.56281709125,1955751.5258354782,1710191.6632341698,5512202.163653534,2398031.510486954,1710846.5438193134,5512405.379186978
200,CH4_1B2_250m_-103.73199_32.00317?datetime=2024-01-01T00%3A00%3A00.000Z%2F2025-01-01T23%3A59%3A59.999Z&status=not_deleted,2757.0331575495225,197.1641154070467,197.1641154070467,2861943.8738000854,2421221.0973036466,8529150.27556079,2864700.9069576347,2421221.1053313497,8529150.277839663
201,CH4_1B2_250m_-103.73317_32.27676?datetime=2024-01-01T00%3A00%3A00.000Z%2F2025-01-01T23%3A59%3A59.999Z&status=not_deleted,1199894.395905529,825443.3207720524,825443.3207720524,935246.1082786135,833757.6892787162,4523304.475382066,2135140.5041841427,1173247.0158660442,4598003.920487522
202,CH4_1B2_250m_-103.73326_32.06489?datetime=2024-01-01T00%3A00%3A00.000Z%2F2025-01-01T23%3A59%3A59.999Z&status=not_deleted,265.09945593339444,95.68338640793334,95.68338640793334,2886546.63013695,2486682.016952677,9215041.960248815,2886811.7295928835,2486682.018793546,9215041.960745575
203,CH4_1B2_250m_-103.73442_32.09314?datetime=2024-01-01T00%3A00%3A00.000Z%2F2025-01-01T23%3A59%3A59.999Z&status=not_deleted,3038.9121733930556,1256.5562683916667,1256.5562683916667,2936226.160095659,2515906.0984582854,7598158.346194637,2939265.0722690523,2515906.4122485253,7598158.450097028
204,CH4_1B2_250m_-103.73940_32.30930?datetime=2024-01-01T00%3A00%3A00.000Z%2F2025-01-01T23%3A59%3A59.999Z&status=not_deleted,30479.811779913667,7477.533546110455,7477.533546110455,3150919.5884199766,2710449.397253153,10524332.092785578,3181399.40019989,2710459.7116684676,10524334.74917747
205,CH4_1B2_250m_-103.74016_32.10188?datetime=2024-01-01T00%3A00%3A00.000Z%2F2025-01-01T23%3A59%3A59.999Z&status=not_deleted,302820.6719457286,100787.04044111435,100787.04044111435,3026173.041550039,2423132.082483573,7755632.010714386,3328993.7134957677,2425227.229906933,7756286.863773061
206,CH4_1B2_250m_-103.74164_32.28375?datetime=2024-01-01T00%3A00%3A00.000Z%2F2025-01-01T23%3A59%3A59.999Z&status=not_deleted,879186.1984677368,238624.99702073212,238624.99702073212,1959578.777401762,1791687.9342778372,6376974.96645457,2838764.975869499,1807508.6564218518,6381438.052037441
207,CH4_1B2_250m_-103.74392_31.99984?datetime=2024-01-01T00%3A00%3A00.000Z%2F2025-01-01T23%3A59%3A59.999Z&status=not_deleted,59901.4700124375,32728.040120651247,32728.040120651247,2782911.0412502997,2256369.7781013753,7843701.734517194,2842812.511262737,2256607.121352627,7843770.01349977
208,CH4_1B2_250m_-103.74447_32.82852?datetime=2024-01-01T00%3A00%3A00.000Z%2F2025-01-01T23%3A59%3A59.999Z&status=not_deleted,25609.626428106567,14384.220797273356,14384.220797273356,3258441.1801346913,2809703.4169014785,6669045.787199518,3284050.806562798,2809740.2365264636,6669061.299581192
209,CH4_1B2_250m_-103.74451_32.22701?datetime=2024-01-01T00%3A00%3A00.000Z%2F2025-01-01T23%3A59%3A59.999Z&status=not_deleted,8262350.074782056,2606534.6511211637,2606534.6511211637,3258441.1801346913,2809703.4169014785,6669045.787199518,8262350.074782056,2606534.6511211637,2606534.6511211637
210,CH4_1B2_250m_-103.74829_32.06500?datetime=2024-01-01T00%3A00%3A00.000Z%2F2025-01-01T23%3A59%3A59.999Z&status=not_deleted,573587.5268766875,195116.0450761884,195116.0450761884,1687840.0823650947,1506055.518256834,5210952.223753716,2261427.609241782,1518641.990436862,5214603.85353384
211,CH4_1B2_250m_-103.75026_32.05227?datetime=2024-01-01T00%3A00%3A00.000Z%2F2025-01-01T23%3A59%3A59.999Z&status=not_deleted,653404.0768040845,187282.26981294417,187282.26981294417,914172.9014553291,812406.0641306003,3050732.945994253,1567576.9782594135,833713.5369072891,3056476.101061656
212,CH4_1B2_250m_-103.75123_32.12175?datetime=2024-01-01T00%3A00%3A00.000Z%2F2025-01-01T23%3A59%3A59.999Z&status=not_deleted,2477166.5022304407,664802.6813282905,664802.6813282905,914172.9014553291,812406.0641306003,3050732.945994253,2477166.5022304407,664802.6813282905,664802.6813282905
213,CH4_1B2_250m_-103.75202_32.26396?datetime=2024-01-01T00%3A00%3A00.000Z%2F2025-01-01T23%3A59%3A59.999Z&status=not_deleted,7357.249358559222,5855.825338943913,5855.825338943913,3157030.9873602213,2627853.484972398,7562532.077370946,3164388.2367187804,2627860.0094320048,7562534.344514075
214,CH4_1B2_250m_-103.75570_32.12134?datetime=2024-01-01T00%3A00%3A00.000Z%2F2025-01-01T23%3A59%3A59.999Z&status=not_deleted,15667.3771429425,7722.489301746675,7722.489301746675,3085106.625773251,2507804.855217134,8268381.903059978,3100774.0029161936,2507816.7454364854,8268385.509377919
215,CH4_1B2_250m_-103.75596_32.05063?datetime=2024-01-01T00%3A00%3A00.000Z%2F2025-01-01T23%3A59%3A59.999Z&status=not_deleted,54928.17704518821,12384.028122154166,12384.028122154166,3032813.3729128656,2541952.2950942237,7917096.849288842,3087741.549958054,2541982.4615223687,7917106.5349136125
216,CH4_1B2_250m_-103.75812_32.10643?datetime=2024-01-01T00%3A00%3A00.000Z%2F2025-01-01T23%3A59%3A59.999Z&status=not_deleted,47041.97454357212,13527.613608551901,13527.613608551901,2892172.886260109,2389469.4431173424,8392179.944765702,2939214.860803681,2389507.735062066,8392190.847547354
217,CH4_1B2_250m_-103.75814_32.31239?datetime=2024-01-01T00%3A00%3A00.000Z%2F2025-01-01T23%3A59%3A59.999Z&status=not_deleted,1282983.3338778086,208191.99945944094,208191.99945944094,850505.93382544,788485.0926193987,3333139.7562919967,2133489.2677032487,815507.602614434,3339635.390819362
218,CH4_1B2_250m_-103.75819_32.31571?datetime=2024-01-01T00%3A00%3A00.000Z%2F2025-01-01T23%3A59%3A59.999Z&status=not_deleted,15814.235580673834,5830.065998697995,5830.065998697995,3173715.0143973874,2729847.7204192365,8419315.605737664,3189529.2499780613,2729853.945973603,8419317.624290422
219,CH4_1B2_250m_-103.76078_32.22977?datetime=2024-01-01T00%3A00%3A00.000Z%2F2025-01-01T23%3A59%3A59.999Z&status=not_deleted,22996.8329128616,8102.735590110849,8102.735590110849,3557225.3808874697,3141597.180327707,8026219.413392726,3580222.213800331,3141607.62950548,8026223.503382293
220,CH4_1B2_250m_-103.76133_32.13907?datetime=2024-01-01T00%3A00%3A00.000Z%2F2025-01-01T23%3A59%3A59.999Z&status=not_deleted,481766.5972557356,116591.30842638618,116591.30842638618,2110374.2709241314,1839839.912484658,5529265.946107558,2592140.868179867,1843530.4274061034,5530495.0443866495
221,CH4_1B2_250m_-103.76390_32.29602?datetime=2024-01-01T00%3A00%3A00.000Z%2F2025-01-01T23%3A59%3A59.999Z&status=not_deleted,299088.5265992196,83358.19004478995,83358.19004478995,2078741.4776011072,1890036.603451897,6064832.687319411,2377830.0042003267,1891873.9255657408,6065405.519256362
222,CH4_1B2_250m_-103.77010_31.71476?datetime=2024-01-01T00%3A00%3A00.000Z%2F2025-01-01T23%3A59%3A59.999Z&status=not_deleted,15163382.752338974,1357623.7550229602,1357623.7550229602,762013.4228155485,701675.2596221298,3243406.8939163266,15925396.175154522,1528231.144221458,3516081.7026494984
223,CH4_1B2_250m_-103.77113_32.26416?datetime=2024-01-01T00%3A00%3A00.000Z%2F2025-01-01T23%3A59%3A59.999Z&status=not_deleted,114.62884018250001,9.428997304808334,9.428997304808334,3188739.2672999846,2559663.880384496,9675394.383720625,3188853.896140167,2559663.880401863,9675394.383725218
224,CH4_1B2_250m_-103.77159_32.20883?datetime=2024-01-01T00%3A00%3A00.000Z%2F2025-01-01T23%3A59%3A59.999Z&status=not_deleted,2260.91264578875,555.7976621978167,555.7976621978167,3581535.067347133,3089043.082579112,7154679.350449838,3583795.979992922,3089043.1325802016,7154679.37203788
225,CH4_1B2_250m_-103.77746_32.10395?datetime=2024-01-01T00%3A00%3A00.000Z%2F2025-01-01T23%3A59%3A59.999Z&status=not_deleted,18446.802295289443,7229.4312849746975,7229.4312849746975,2798202.515198918,2352496.7334739454,7528950.010016138,2816649.3174942075,2352507.841789754,7528953.480929385
226,CH4_1B2_250m_-103.77903_32.20197?datetime=2024-01-01T00%3A00%3A00.000Z%2F2025-01-01T23%3A59%3A59.999Z&status=not_deleted,211443.83971272217,54238.93500568167,54238.93500568167,2917345.1190737393,2420208.453547351,8462004.850511394,3128788.9587864615,2420816.1476437263,8462178.676449046
227,CH4_1B2_250m_-103.78496_32.32121?datetime=2024-01-01T00%3A00%3A00.000Z%2F2025-01-01T23%3A59%3A59.999Z&status=not_deleted,110465.24182728125,20648.16187301215,20648.16187301215,2729214.8085803245,2430568.5356971873,7614722.836882513,2839680.0504076057,2430656.239230448,7614750.83171661
228,CH4_1B2_250m_-103.78582_32.06861?datetime=2024-01-01T00%3A00%3A00.000Z%2F2025-01-01T23%3A59%3A59.999Z&status=not_deleted,53750.69796558667,7894.873591673112,7894.873591673112,2756612.23151205,2281408.754316307,7762391.621269063,2810362.9294776367,2281422.414481832,7762395.636076352
229,CH4_1B2_250m_-103.78766_32.26778?datetime=2024-01-01T00%3A00%3A00.000Z%2F2025-01-01T23%3A59%3A59.999Z&status=not_deleted,61211.54590301779,24739.676116221246,24739.676116221246,2845771.727321599,2412995.430974735,9998166.550058892,2906983.273224617,2413122.251664694,9998197.158202616
230,CH4_1B2_250m_-103.78788_32.30564?datetime=2024-01-01T00%3A00%3A00.000Z%2F2025-01-01T23%3A59%3A59.999Z&status=not_deleted,45177.04055895292,6959.107118633791,6959.107118633791,3154127.367834262,2669312.095741524,7390479.07358354,3199304.408393215,2669321.167196614,7390482.350039685
231,CH4_1B2_250m_-103.78972_32.13601?datetime=2024-01-01T00%3A00%3A00.000Z%2F2025-01-01T23%3A59%3A59.999Z&status=not_deleted,8588.364376408446,2522.079306285295,2522.079306285295,2710564.188995653,2492610.9058323563,9013943.57655811,2719152.5533720613,2492612.181780075,9013943.929393904
232,CH4_1B2_250m_-103.79344_32.31300?datetime=2024-01-01T00%3A00%3A00.000Z%2F2025-01-01T23%3A59%3A59.999Z&status=not_deleted,4201781.411634969,1255093.694510879,1255093.694510879,2710564.188995653,2492610.9058323563,9013943.57655811,4201781.411634969,1255093.694510879,1255093.694510879
233,CH4_1B2_250m_-103.79629_32.20832?datetime=2024-01-01T00%3A00%3A00.000Z%2F2025-01-01T23%3A59%3A59.999Z&status=not_deleted,1922041.1886498353,830627.0421094534,830627.0421094534,887783.7978418379,827976.3217783803,3151036.7469891673,2809824.986491673,1172811.1836562422,3258676.7044246006
234,CH4_1B2_250m_-103.80030_32.04262?datetime=2024-01-01T00%3A00%3A00.000Z%2F2025-01-01T23%3A59%3A59.999Z&status=not_deleted,107611.1719743445,34596.1798383021,34596.1798383021,3041633.7193806004,2434835.7997608962,7811666.010704851,3149244.891354945,2435081.5730600664,7811742.619829512
235,CH4_1B2_250m_-103.80199_32.23868?datetime=2024-01-01T00%3A00%3A00.000Z%2F2025-01-01T23%3A59%3A59.999Z&status=not_deleted,72278.70787076143,22489.9051259001,22489.9051259001,2907223.1316890186,2570525.985659199,8517507.661269296,2979501.83955978,2570624.367499415,8517537.352757176
236,CH4_1B2_250m_-103.80222_32.22422?datetime=2024-01-01T00%3A00%3A00.000Z%2F2025-01-01T23%3A59%3A59.999Z&status=not_deleted,53753.282761775,7045.100824719668,7045.100824719668,3153094.4117347444,2661970.735043314,10413421.474052746,3206847.6944965194,2661980.0577150593,10413423.857200306
237,CH4_1B2_250m_-103.80241_32.80150?datetime=2024-01-01T00%3A00%3A00.000Z%2F2025-01-01T23%3A59%3A59.999Z&status=not_deleted,4306.833056067802,1199.4036447476471,1199.4036447476471,3103568.2934443895,2572339.4628550173,9586235.239270285,3107875.126500457,2572339.74247772,9586235.314303342
238,CH4_1B2_250m_-103.80341_32.04343?datetime=2024-01-01T00%3A00%3A00.000Z%2F2025-01-01T23%3A59%3A59.999Z&status=not_deleted,249036.11153473027,160612.52768323032,160612.52768323032,3318683.5267434097,2851147.604585081,5976259.434031289,3567719.6382781398,2855667.881105932,5978417.282767804
239,CH4_1B2_250m_-103.80375_32.83332?datetime=2024-01-01T00%3A00%3A00.000Z%2F2025-01-01T23%3A59%3A59.999Z&status=not_deleted,1368653.6459186208,656411.5973634134,656411.5973634134,2113662.721840097,1920476.0136897282,5508688.107884238,3482316.367758718,2029557.6622285894,5547659.042794394
240,CH4_1B2_250m_-103.80438_32.11180?datetime=2024-01-01T00%3A00%3A00.000Z%2F2025-01-01T23%3A59%3A59.999Z&status=not_deleted,7294.6853913405,1928.3107075065,1928.3107075065,3191343.0635270225,2798586.5424524974,8519240.252931125,3198637.748918363,2798587.206784596,8519240.4711655
241,CH4_1B2_250m_-103.80547_32.20965?datetime=2024-01-01T00%3A00%3A00.000Z%2F2025-01-01T23%3A59%3A59.999Z&status=not_deleted,105955.00790637624,36325.55196273628,36325.55196273628,2974750.261452363,2571944.147096578,10061461.904910699,3080705.2693587393,2572200.661206225,10061527.478951424
242,CH4_1B2_250m_-103.80763_32.00348?datetime=2024-01-01T00%3A00%3A00.000Z%2F2025-01-01T23%3A59%3A59.999Z&status=not_deleted,84974.57522031688,37167.819010665924,37167.819010665924,2831297.715675772,2406089.4571104525,6684677.40374698,2916272.290896089,2406376.5130145536,6684780.73230046
243,CH4_1B2_250m_-103.80777_32.64375?datetime=2024-01-01T00%3A00%3A00.000Z%2F2025-01-01T23%3A59%3A59.999Z&status=not_deleted,4901.37437699,2423.7085227933335,2423.7085227933335,3156871.435229355,2719713.341296565,7621273.38011446,3161772.809606345,2719714.421256307,7621273.765506937
244,CH4_1B2_250m_-103.81512_32.27161?datetime=2024-01-01T00%3A00%3A00.000Z%2F2025-01-01T23%3A59%3A59.999Z&status=not_deleted,129854.94117793141,77390.7501344775,77390.7501344775,1909449.2957679457,1678064.248116088,6191338.434056111,2039304.236945877,1679847.8946058745,6191822.101225676
245,CH4_1B2_250m_-103.81826_32.02406?datetime=2024-01-01T00%3A00%3A00.000Z%2F2025-01-01T23%3A59%3A59.999Z&status=not_deleted,1938171.1298659379,500315.4118240877,500315.4118240877,1909449.2957679457,1678064.248116088,6191338.434056111,1938171.1298659379,500315.4118240877,500315.4118240877
246,CH4_1B2_250m_-103.81915_32.15247?datetime=2024-01-01T00%3A00%3A00.000Z%2F2025-01-01T23%3A59%3A59.999Z&status=not_deleted,440065.0778870649,174283.587588083,174283.587588083,1970663.7490403745,1781954.7857130435,5710588.854205633,2410728.8269274393,1790457.3793386403,5713247.748057157
247,CH4_1B2_250m_-103.82035_32.00753?datetime=2024-01-01T00%3A00%3A00.000Z%2F2025-01-01T23%3A59%3A59.999Z&status=not_deleted,2899653.1782356566,1013943.104536899,1013943.104536899,1970663.7490403745,1781954.7857130435,5710588.854205633,2899653.1782356566,1013943.104536899,1013943.104536899
248,CH4_1B2_250m_-103.82121_32.10650?datetime=2024-01-01T00%3A00%3A00.000Z%2F2025-01-01T23%3A59%3A59.999Z&status=not_deleted,13288.649203293333,8137.321350269999,8137.321350269999,3286487.793062309,2756023.676462249,9732696.570479698,3299776.4422656023,2756035.68939505,9732699.972208433
249,CH4_1B2_250m_-103.82691_32.00257?datetime=2024-01-01T00%3A00%3A00.000Z%2F2025-01-01T23%3A59%3A59.999Z&status=not_deleted,11860782.153896514,3525269.430562445,3525269.430562445,3286487.793062309,2756023.676462249,9732696.570479698,11860782.153896514,3525269.430562445,3525269.430562445
250,CH4_1B2_250m_-103.82714_32.03510?datetime=2024-01-01T00%3A00%3A00.000Z%2F2025-01-01T23%3A59%3A59.999Z&status=not_deleted,86092.94458582583,20390.635565423752,20390.635565423752,2949623.6609624024,2527024.463759547,5893788.071176374,3035716.605548228,2527106.7287429688,5893823.343633544
251,CH4_1B2_250m_-103.82738_32.22631?datetime=2024-01-01T00%3A00%3A00.000Z%2F2025-01-01T23%3A59%3A59.999Z&status=not_deleted,19430.745982038003,5272.085905288433,5272.085905288433,3095357.4065409973,2507343.304740215,7879016.311335452,3114788.152523035,2507348.8474313617,7879018.075190581
252,CH4_1B2_250m_-103.82761_32.53493?datetime=2024-01-01T00%3A00%3A00.000Z%2F2025-01-01T23%3A59%3A59.999Z&status=not_deleted,878949.2342928268,545971.7395358867,545971.7395358867,2089304.0404144581,1846754.6451335584,5885122.262187574,2968253.2747072848,1925769.4201783915,5910393.318660581
253,CH4_1B2_250m_-103.82849_32.67448?datetime=2024-01-01T00%3A00%3A00.000Z%2F2025-01-01T23%3A59%3A59.999Z&status=not_deleted,420184.6753839701,203708.33640793985,203708.33640793985,1929457.3094171453,1750975.1592086959,7551431.895037897,2349641.9848011155,1762785.0392172064,7554179.025659753
254,CH4_1B2_250m_-103.83008_32.20578?datetime=2024-01-01T00%3A00%3A00.000Z%2F2025-01-01T23%3A59%3A59.999Z&status=not_deleted,27811.246208880795,11237.549834434025,11237.549834434025,2963393.9734598957,2562715.9392172196,8904116.114388771,2991205.2196687767,2562740.5775154606,8904123.205630304
255,CH4_1B2_250m_-103.83101_32.73779?datetime=2024-01-01T00%3A00%3A00.000Z%2F2025-01-01T23%3A59%3A59.999Z&status=not_deleted,102.817322998325,61.997113171500004,61.997113171500004,3240305.9066259074,2658184.6736282296,7938377.984408436,3240408.7239489057,2658184.674351212,7938377.984650529
256,CH4_1B2_250m_-103.83525_32.16115?datetime=2024-01-01T00%3A00%3A00.000Z%2F2025-01-01T23%3A59%3A59.999Z&status=not_deleted,274584.8351703484,102652.28949489063,102652.28949489063,1845528.3536950217,1629668.0074816945,5464033.4636542555,2120113.18886537,1632897.8250790522,5464997.638103063
257,CH4_1B2_250m_-103.83750_32.10452?datetime=2024-01-01T00%3A00%3A00.000Z%2F2025-01-01T23%3A59%3A59.999Z&status=not_deleted,494828.0285321143,168908.98728999123,168908.98728999123,1774573.261711075,1451455.6380932874,6624942.410280277,2269401.2902431893,1461250.7366431411,6627095.305299115
258,CH4_1B2_250m_-103.83789_32.06069?datetime=2024-01-01T00%3A00%3A00.000Z%2F2025-01-01T23%3A59%3A59.999Z&status=not_deleted,16164.868195082207,5373.2107768848755,5373.2107768848755,2853669.9752216768,2432040.2987820166,7660552.431876669,2869834.843416759,2432046.2344071036,7660554.316296282
259,CH4_1B2_250m_-103.83958_32.21318?datetime=2024-01-01T00%3A00%3A00.000Z%2F2025-01-01T23%3A59%3A59.999Z&status=not_deleted,1996031.638081843,1040280.7430168702,1040280.7430168702,817337.5184642489,739092.9851209086,2988264.9433520483,2813369.1565460917,1276104.409892336,3164160.4567339113
260,CH4_1B2_250m_-103.84070_32.13688?datetime=2024-01-01T00%3A00%3A00.000Z%2F2025-01-01T23%3A59%3A59.999Z&status=not_deleted,110857.23405193262,21270.590949224483,21270.590949224483,3203990.733582573,2916973.237198237,8261286.204839796,3314847.9676345056,2917050.788822521,8261313.587820985
261,CH4_1B2_250m_-103.84277_32.85580?datetime=2024-01-01T00%3A00%3A00.000Z%2F2025-01-01T23%3A59%3A59.999Z&status=not_deleted,1593243.7471516437,1435618.7262267582,1435618.7262267582,2157453.502106932,1921555.420181312,6861350.540510523,3750697.249258576,2398619.6780484226,7009930.981604382
262,CH4_1B2_250m_-103.84391_32.03237?datetime=2024-01-01T00%3A00%3A00.000Z%2F2025-01-01T23%3A59%3A59.999Z&status=not_deleted,129257.91699663659,41007.747999850166,41007.747999850166,3076135.5273951176,2528557.1039562263,6526304.492693454,3205393.444391754,2528889.6107508363,6526433.326614682
263,CH4_1B2_250m_-103.84871_32.20953?datetime=2024-01-01T00%3A00%3A00.000Z%2F2025-01-01T23%3A59%3A59.999Z&status=not_deleted,9330.6954442025,1716.8015593905418,1716.8015593905418,3005792.61741059,2620549.631576231,8231837.989586846,3015123.3128547925,2620550.1939405617,8231838.168611722
264,CH4_1B2_250m_-103.85300_32.11074?datetime=2024-01-01T00%3A00%3A00.000Z%2F2025-01-01T23%3A59%3A59.999Z&status=not_deleted,18512.490495612503,4055.2783673308695,4055.2783673308695,3086345.7017561286,2580165.523645767,10590971.503524937,3104858.192251741,2580168.710509619,10590972.279907068
265,CH4_1B2_250m_-103.85765_32.37250?datetime=2024-01-01T00%3A00%3A00.000Z%2F2025-01-01T23%3A59%3A59.999Z&status=not_deleted,13329.637167893006,7931.634309322245,7931.634309322245,2885565.141916902,2417282.6535421056,7635411.576610393,2898894.7790847947,2417295.666222562,7635415.696283918
266,CH4_1B2_250m_-103.85877_32.20670?datetime=2024-01-01T00%3A00%3A00.000Z%2F2025-01-01T23%3A59%3A59.999Z&status=not_deleted,566848.1199591267,186843.92271941234,186843.92271941234,1798839.0442799688,1627341.2500945155,5991576.7071050685,2365687.1642390955,1638032.4159540795,5994489.310073144
267,CH4_1B2_250m_-103.86569_31.73318?datetime=2024-01-01T00%3A00%3A00.000Z%2F2025-01-01T23%3A59%3A59.999Z&status=not_deleted,10561116.160418045,3288236.2631664476,3288236.2631664476,1108167.9962247221,1010301.3645833979,4077977.327894384,11669284.156642767,3439942.8148854333,5238549.112991446
268,CH4_1B2_250m_-103.86810_31.99348?datetime=2024-01-01T00%3A00%3A00.000Z%2F2025-01-01T23%3A59%3A59.999Z&status=not_deleted,46536.393924278396,11534.746258468995,11534.746258468995,3262545.9886696227,2684818.09780602,7983093.462942453,3309082.382593901,2684842.875975796,7983101.796197126
269,CH4_1B2_250m_-103.86927_32.31285?datetime=2024-01-01T00%3A00%3A00.000Z%2F2025-01-01T23%3A59%3A59.999Z&status=not_deleted,43304.3908920315,20245.465315188576,20245.465315188576,3184286.881924073,2792867.101029657,9162537.67174469,3227591.272816105,2792940.4796521585,9162560.038821379
270,CH4_1B2_250m_-103.87253_31.99971?datetime=2024-01-01T00%3A00%3A00.000Z%2F2025-01-01T23%3A59%3A59.999Z&status=not_deleted,175820.53502755892,75101.7731115178,75101.7731115178,1694492.081086651,1555571.3684311488,6459126.5303481985,1870312.6161142099,1557383.2407622894,6459563.1285228925
271,CH4_1B2_250m_-103.87540_32.28328?datetime=2024-01-01T00%3A00%3A00.000Z%2F2025-01-01T23%3A59%3A59.999Z&status=not_deleted,1230965.1040806558,355436.2678626968,355436.2678626968,1642103.553995308,1523291.3399540042,6330097.009066395,2873068.658075964,1564209.5278098225,6340068.066251615
272,CH4_1B2_250m_-103.87890_31.76628?datetime=2024-01-01T00%3A00%3A00.000Z%2F2025-01-01T23%3A59%3A59.999Z&status=not_deleted,7369435.268145862,2330461.54339059,2330461.54339059,1064497.4978341023,922398.4385650151,3187352.5385150975,8433932.765979964,2506365.8720724774,3948451.2419429836
273,CH4_1B2_250m_-103.88256_32.06504?datetime=2024-01-01T00%3A00%3A00.000Z%2F2025-01-01T23%3A59%3A59.999Z&status=not_deleted,1539861.5099392722,622471.9809940542,622471.9809940542,1064497.4978341023,922398.4385650151,3187352.5385150975,1539861.5099392722,622471.9809940542,622471.9809940542
274,CH4_1B2_250m_-103.89001_32.01937?datetime=2024-01-01T00%3A00%3A00.000Z%2F2025-01-01T23%3A59%3A59.999Z&status=not_deleted,1364691.6126155874,430656.6133362688,430656.6133362688,1064497.4978341023,922398.4385650151,3187352.5385150975,1364691.6126155874,430656.6133362688,430656.6133362688
275,CH4_1B2_250m_-103.90060_32.21068?datetime=2024-01-01T00%3A00%3A00.000Z%2F2025-01-01T23%3A59%3A59.999Z&status=not_deleted,22566.42638850997,6193.157067170125,6193.157067170125,3094766.7377945,2540041.296941028,9581428.321527608,3117333.16418301,2540048.847042182,9581430.323065853
276,CH4_1B2_250m_-103.90339_32.07947?datetime=2024-01-01T00%3A00%3A00.000Z%2F2025-01-01T23%3A59%3A59.999Z&status=not_deleted,1114.3137868189942,38.49898813793612,38.49898813793612,3209706.907061892,2632816.736024161,9343131.198061753,3210821.220848711,2632816.736305641,9343131.198141072
277,CH4_1B2_250m_-103.90709_32.11819?datetime=2024-01-01T00%3A00%3A00.000Z%2F2025-01-01T23%3A59%3A59.999Z&status=not_deleted,56871.78922827944,14828.256127386187,14828.256127386187,3030687.8103874996,2489338.5552045964,7936810.40939866,3087559.5996157792,2489382.7185886637,7936824.261120988
278,CH4_1B2_250m_-103.90736_32.77750?datetime=2024-01-01T00%3A00%3A00.000Z%2F2025-01-01T23%3A59%3A59.999Z&status=not_deleted,578645.2670927242,244263.6805974566,244263.6805974566,1900819.9401944075,1725843.709964011,6279466.4111772515,2479465.207287132,1743043.6761255749,6284215.396910129
279,CH4_1B2_250m_-103.90948_32.76505?datetime=2024-01-01T00%3A00%3A00.000Z%2F2025-01-01T23%3A59%3A59.999Z&status=not_deleted,944414.5262863702,499375.85032530467,499375.85032530467,2145873.821639529,1902428.9907493251,5883251.956345271,3090288.347925899,1966878.8230929775,5904407.660530274
280,CH4_1B2_250m_-103.91282_32.20517?datetime=2024-01-01T00%3A00%3A00.000Z%2F2025-01-01T23%3A59%3A59.999Z&status=not_deleted,31996.06326352833,9657.496090314842,9657.496090314842,2994633.5047486015,2632233.125999553,7167412.301201962,3026629.56801213,2632250.8423096975,7167418.807538174
281,CH4_1B2_250m_-103.91285_31.99777?datetime=2024-01-01T00%3A00%3A00.000Z%2F2025-01-01T23%3A59%3A59.999Z&status=not_deleted,461936.76319699147,152542.4825728674,152542.4825728674,1739226.8481355053,1566125.540929996,5750884.503393175,2201163.6113324966,1573536.9137528252,5752907.245937245
282,CH4_1B2_250m_-103.91523_32.03828?datetime=2024-01-01T00%3A00%3A00.000Z%2F2025-01-01T23%3A59%3A59.999Z&status=not_deleted,780.3244080933333,278.4694984233333,278.4694984233333,3132364.7569155986,2762547.455350641,7932510.867153188,3133145.081323692,2762547.4693857417,7932510.872041001
283,CH4_1B2_250m_-103.91696_32.76692?datetime=2024-01-01T00%3A00%3A00.000Z%2F2025-01-01T23%3A59%3A59.999Z&status=not_deleted,819667.021529601,395862.04581184033,395862.04581184033,1906597.5476431274,1724003.6379748373,5483000.195485387,2726264.5691727283,1768868.3679304149,5497271.860023581
284,CH4_1B2_250m_-103.91890_32.09197?datetime=2024-01-01T00%3A00%3A00.000Z%2F2025-01-01T23%3A59%3A59.999Z&status=not_deleted,29913.332141920946,15847.897547254668,15847.897547254668,3143553.649304252,2617545.3658494796,11691147.369916659,3173466.981446173,2617593.3408642286,11691158.111195223
285,CH4_1B2_250m_-103.92030_32.70663?datetime=2024-01-01T00%3A00%3A00.000Z%2F2025-01-01T23%3A59%3A59.999Z&status=not_deleted,555.0387557173889,280.72870188294445,280.72870188294445,2800582.663289779,2245491.0313960453,8030822.283658831,2801137.702045496,2245491.048944235,8030822.288565465
286,CH4_1B2_250m_-103.92754_32.29156?datetime=2024-01-01T00%3A00%3A00.000Z%2F2025-01-01T23%3A59%3A59.999Z&status=not_deleted,677754.6232962497,228048.36592268123,228048.36592268123,1739103.9465214587,1528473.4733327483,5822465.533658724,2416858.5698177083,1545392.2530807124,5826929.804609266
287,CH4_1B2_250m_-103.92963_32.04234?datetime=2024-01-01T00%3A00%3A00.000Z%2F2025-01-01T23%3A59%3A59.999Z&status=not_deleted,8164.154643667812,3981.1042484634504,3981.1042484634504,3063187.15370154,2531428.020193694,6628064.251018548,3071351.308345208,2531431.150675997,6628065.446630797
288,CH4_1B2_250m_-103.93035_32.06420?datetime=2024-01-01T00%3A00%3A00.000Z%2F2025-01-01T23%3A59%3A59.999Z&status=not_deleted,60364.87937892488,20254.108252360267,20254.108252360267,2692435.7848773124,2166701.355895527,7285689.491873656,2752800.6642562374,2166796.02051984,7285717.644878871
289,CH4_1B2_250m_-103.93144_32.30669?datetime=2024-01-01T00%3A00%3A00.000Z%2F2025-01-01T23%3A59%3A59.999Z&status=not_deleted,235839.25901088334,115619.72320729858,115619.72320729858,2862827.641264472,2496268.38059773,7242949.324664252,3098666.9002753557,2498944.526868603,7243872.088879598
290,CH4_1B2_250m_-103.93298_32.01699?datetime=2024-01-01T00%3A00%3A00.000Z%2F2025-01-01T23%3A59%3A59.999Z&status=not_deleted,136731.51978936463,68565.78689910773,68565.78689910773,3044647.5803395966,2592791.376167798,9295051.2708547,3181379.1001289613,2593697.8211548077,9295304.158280712
291,CH4_1B2_250m_-103.93336_32.04298?datetime=2024-01-01T00%3A00%3A00.000Z%2F2025-01-01T23%3A59%3A59.999Z&status=not_deleted,9598.081476460091,4721.901055434336,4721.901055434336,2710551.2617339035,2329357.36049858,9864561.570954446,2720149.3432103638,2329362.146438052,9864562.701078078
292,CH4_1B2_250m_-103.93439_32.06438?datetime=2024-01-01T00%3A00%3A00.000Z%2F2025-01-01T23%3A59%3A59.999Z&status=not_deleted,2407391.5754428254,1137564.8723733053,1137564.8723733053,2710551.2617339035,2329357.36049858,9864561.570954446,2407391.5754428254,1137564.8723733053,1137564.8723733053
293,CH4_1B2_250m_-103.93441_32.26316?datetime=2024-01-01T00%3A00%3A00.000Z%2F2025-01-01T23%3A59%3A59.999Z&status=not_deleted,6459.150816457666,2343.9357321069997,2343.9357321069997,3092193.5397370844,2641165.0715643386,8548870.46858946,3098652.690553542,2641166.11164201,8548870.789920485
294,CH4_1B2_250m_-103.93796_31.72792?datetime=2024-01-01T00%3A00%3A00.000Z%2F2025-01-01T23%3A59%3A59.999Z&status=not_deleted,7343969.368563225,2366948.7695588972,2366948.7695588972,1018689.9128231597,907373.6008897121,3482137.87828532,8362659.281386385,2534910.911513054,4210431.175201154
295,CH4_1B2_250m_-103.93920_32.15878?datetime=2024-01-01T00%3A00%3A00.000Z%2F2025-01-01T23%3A59%3A59.999Z&status=not_deleted,21412.02433427672,6291.263408273667,6291.263408273667,3128667.3535948507,2745552.9121848196,7013570.579571838,3150079.3779291273,2745560.120194387,7013573.401243542
296,CH4_1B2_250m_-103.93931_32.06593?datetime=2024-01-01T00%3A00%3A00.000Z%2F2025-01-01T23%3A59%3A59.999Z&status=not_deleted,262817.7209352984,61738.88259300325,61738.88259300325,2661779.2883428475,2422084.2868253356,7725349.841907908,2924597.009278146,2422871.0205270993,7725596.538099202
297,CH4_1B2_250m_-103.94069_32.06255?datetime=2024-01-01T00%3A00%3A00.000Z%2F2025-01-01T23%3A59%3A59.999Z&status=not_deleted,17182.511059655666,2047.8845880626388,2047.8845880626388,3121885.639120491,2581035.3195964345,8160027.451653577,3139068.150180147,2581036.1320282896,8160027.708627665
298,CH4_1B2_250m_-103.94070_31.99952?datetime=2024-01-01T00%3A00%3A00.000Z%2F2025-01-01T23%3A59%3A59.999Z&status=not_deleted,825283.508110306,261935.90364359834,261935.90364359834,613006.4479947017,549648.8836554276,2471937.8511245092,1438289.9561050078,608871.343488299,2485776.972586166
299,CH4_1B2_250m_-103.94373_32.04371?datetime=2024-01-01T00%3A00%3A00.000Z%2F2025-01-01T23%3A59%3A59.999Z&status=not_deleted,9296.454823627555,3301.6202228143375,3301.6202228143375,2959051.2753075683,2564032.0538996444,7416752.09729182,2968347.730131196,2564034.1795929563,7416752.832161707
300,CH4_1B2_250m_-103.94517_32.24078?datetime=2024-01-01T00%3A00%3A00.000Z%2F2025-01-01T23%3A59%3A59.999Z&status=not_deleted,571678.0286214283,179881.04210590202,179881.04210590202,1797572.7312433843,1594463.4367232448,6005685.152842896,2369250.7598648127,1604578.0879584535,6008378.428859713
301,CH4_1B2_250m_-103.94879_32.06431?datetime=2024-01-01T00%3A00%3A00.000Z%2F2025-01-01T23%3A59%3A59.999Z&status=not_deleted,79141.8509031975,28473.485988472505,28473.485988472505,3308302.4902585773,2903193.7729802467,9932194.208999448,3387444.341161775,2903333.3985051764,9932235.022626402
302,CH4_1B2_250m_-103.94879_32.26529?datetime=2024-01-01T00%3A00%3A00.000Z%2F2025-01-01T23%3A59%3A59.999Z&status=not_deleted,11008.665476441527,4728.390275578889,4728.390275578889,2835565.6804608414,2424853.930009553,7693690.1628597,2846574.345937283,2424858.540112675,7693691.615847278
303,CH4_1B2_250m_-103.95002_31.99995?datetime=2024-01-01T00%3A00%3A00.000Z%2F2025-01-01T23%3A59%3A59.999Z&status=not_deleted,30488.575824241194,9998.53195993628,9998.53195993628,2896402.448659195,2466585.518429679,8692046.284207799,2926891.0244834363,2466605.7833323022,8692052.034902457
304,CH4_1B2_250m_-103.95192_32.15557?datetime=2024-01-01T00%3A00%3A00.000Z%2F2025-01-01T23%3A59%3A59.999Z&status=not_deleted,836.6001743256055,140.28974884613055,140.28974884613055,3135367.526638677,2843535.4313529166,8760743.273643171,3136204.1268130024,2843535.434813611,8760743.274766434
305,CH4_1B2_250m_-103.95439_32.09275?datetime=2024-01-01T00%3A00%3A00.000Z%2F2025-01-01T23%3A59%3A59.999Z&status=not_deleted,6665.885126925389,3341.3998362513944,3341.3998362513944,3156816.032111586,2544427.3737066174,8117436.129086449,3163481.9172385116,2544429.567706762,8117436.816800661
306,CH4_1B2_250m_-103.95650_32.16090?datetime=2024-01-01T00%3A00%3A00.000Z%2F2025-01-01T23%3A59%3A59.999Z&status=not_deleted,9759.669749264303,3509.292548501261,3509.292548501261,2955155.567272535,2559623.554120592,9302576.117632933,2964915.237021799,2559625.9597728574,9302576.779553544
307,CH4_1B2_250m_-103.95688_32.23658?datetime=2024-01-01T00%3A00%3A00.000Z%2F2025-01-01T23%3A59%3A59.999Z&status=not_deleted,40536.072065391665,9971.386910987501,9971.386910987501,3461535.0016524186,2958949.487177583,8894413.069569312,3502071.07371781,2958966.2884570705,8894418.658950247
308,CH4_1B2_250m_-103.95865_32.27142?datetime=2024-01-01T00%3A00%3A00.000Z%2F2025-01-01T23%3A59%3A59.999Z&status=not_deleted,654.9474371491946,156.88322919472225,156.88322919472225,2787400.458293939,2418183.4774722815,8882601.394248333,2788055.405731088,2418183.4825612972,8882601.395633757
309,CH4_1B2_250m_-103.95900_32.84611?datetime=2024-01-01T00%3A00%3A00.000Z%2F2025-01-01T23%3A59%3A59.999Z&status=not_deleted,3356.793322021125,1060.5123557275917,1060.5123557275917,2867493.7523903325,2457007.8238059334,7969286.4529597275,2870850.5457123537,2457008.052679117,7969286.523523538
310,CH4_1B2_250m_-103.95983_31.99132?datetime=2024-01-01T00%3A00%3A00.000Z%2F2025-01-01T23%3A59%3A59.999Z&status=not_deleted,815658.6782371864,316316.0477531034,316316.0477531034,672278.8859407093,577037.779938328,3238431.681230839,1487937.5641778957,658048.9659153776,3253843.203976759
311,CH4_1B2_250m_-103.96137_32.24819?datetime=2024-01-01T00%3A00%3A00.000Z%2F2025-01-01T23%3A59%3A59.999Z&status=not_deleted,370427.8662542531,162873.0075142323,162873.0075142323,2091652.3058215412,1773272.7424024753,6809882.25635485,2462080.172075794,1780736.8799248042,6811829.70735421
312,CH4_1B2_250m_-103.96379_32.16607?datetime=2024-01-01T00%3A00%3A00.000Z%2F2025-01-01T23%3A59%3A59.999Z&status=not_deleted,55185.01723653761,19077.887034217765,19077.887034217765,2510429.123125644,2066147.3940303691,8084147.211603459,2565614.1403621817,2066235.4705193152,8084169.722652393
313,CH4_1B2_250m_-103.96813_32.13097?datetime=2024-01-01T00%3A00%3A00.000Z%2F2025-01-01T23%3A59%3A59.999Z&status=not_deleted,388905.4016252441,135077.21487778085,135077.21487778085,1926012.2639006067,1675234.3186093452,6720795.214393095,2314917.665525851,1680671.2576306097,6722152.495130431
314,CH4_1B2_250m_-103.97061_32.14236?datetime=2024-01-01T00%3A00%3A00.000Z%2F2025-01-01T23%3A59%3A59.999Z&status=not_deleted,82723.21277692523,9281.168257415233,9281.168257415233,2955521.7798815286,2578993.508489672,8692488.684938796,3038244.992658454,2579010.208765388,8692493.63979481
315,CH4_1B2_250m_-103.97180_32.26966?datetime=2024-01-01T00%3A00%3A00.000Z%2F2025-01-01T23%3A59%3A59.999Z&status=not_deleted,248082.499146162,75449.63253915671,75449.63253915671,1794551.2949164838,1605516.5059015271,6030007.738330023,2042633.7940626459,1607288.3679578293,6030479.746369294
316,CH4_1B2_250m_-103.97345_32.30047?datetime=2024-01-01T00%3A00%3A00.000Z%2F2025-01-01T23%3A59%3A59.999Z&status=not_deleted,579736.5909368062,155020.68474585842,155020.68474585842,1889714.1742185857,1660963.1976942574,4909536.293190647,2469450.765155392,1668181.6917811465,4911983.105310444
317,CH4_1B2_250m_-103.97377_32.02600?datetime=2024-01-01T00%3A00%3A00.000Z%2F2025-01-01T23%3A59%3A59.999Z&status=not_deleted,239.12984207656444,121.65141821544445,121.65141821544445,2791234.572501743,2351115.8312390386,9651584.46989685,2791473.7023438197,2351115.834386282,9651584.470663514
318,CH4_1B2_250m_-103.97411_32.22195?datetime=2024-01-01T00%3A00%3A00.000Z%2F2025-01-01T23%3A59%3A59.999Z&status=not_deleted,20474.319964036753,5012.724264724,5012.724264724,3100034.7282985775,2739381.876915588,8845978.21597772,3120509.0482626143,2739386.463239191,8845979.636250408
319,CH4_1B2_250m_-103.97460_32.02104?datetime=2024-01-01T00%3A00%3A00.000Z%2F2025-01-01T23%3A59%3A59.999Z&status=not_deleted,15236.60508622622,7920.33179493031,7920.33179493031,2672286.8052382804,2393750.682263046,7256451.186466759,2687523.4103245065,2393763.785441358,7256455.508940338
320,CH4_1B2_250m_-103.97468_32.26907?datetime=2024-01-01T00%3A00%3A00.000Z%2F2025-01-01T23%3A59%3A59.999Z&status=not_deleted,3494.6142110420833,381.6324634204583,381.6324634204583,3267741.8157986216,2764505.2851274293,8428008.387457259,3271236.4300096636,2764505.311469093,8428008.396097695
321,CH4_1B2_250m_-103.97568_32.29229?datetime=2024-01-01T00%3A00%3A00.000Z%2F2025-01-01T23%3A59%3A59.999Z&status=not_deleted,4314.9286508529,941.3677560604251,941.3677560604251,3039085.8966525844,2604768.3381369715,7880122.425919281,3043400.825303437,2604768.5082429284,7880122.482147674
322,CH4_1B2_250m_-103.97658_32.12603?datetime=2024-01-01T00%3A00%3A00.000Z%2F2025-01-01T23%3A59%3A59.999Z&status=not_deleted,46389.51916999833,11505.18746346118,11505.18746346118,2859691.6197299426,2421047.049115672,7737695.715623491,2906081.138899941,2421074.386170378,7737704.2691561105
323,CH4_1B2_250m_-103.97680_32.21609?datetime=2024-01-01T00%3A00%3A00.000Z%2F2025-01-01T23%3A59%3A59.999Z&status=not_deleted,23557.15214485008,14789.920634006574,14789.920634006574,2775604.9671984217,2319421.8686274905,7553718.746755101,2799162.119343272,2319469.022517826,7553733.225818331
324,CH4_1B2_250m_-103.97739_32.01784?datetime=2024-01-01T00%3A00%3A00.000Z%2F2025-01-01T23%3A59%3A59.999Z&status=not_deleted,87931.10173746149,27072.884484829145,27072.884484829145,2713541.9887983175,2382518.2053337405,9089851.453758169,2801473.090535779,2382672.016837617,9089891.770118268
325,CH4_1B2_250m_-103.97780_32.19995?datetime=2024-01-01T00%3A00%3A00.000Z%2F2025-01-01T23%3A59%3A59.999Z&status=not_deleted,22208.443742790776,8617.572843605241,8617.572843605241,2810383.30040628,2396127.612259753,8647558.46598098,2832591.7441490707,2396143.108579982,8647562.759825513
326,CH4_1B2_250m_-103.98172_32.12470?datetime=2024-01-01T00%3A00%3A00.000Z%2F2025-01-01T23%3A59%3A59.999Z&status=not_deleted,95493.22542012206,25231.77214334718,25231.77214334718,2902964.0348901544,2611927.3046165486,6669479.775733452,2998457.2603102764,2612049.173910584,6669527.503597464
327,CH4_1B2_250m_-103.98192_32.13277?datetime=2024-01-01T00%3A00%3A00.000Z%2F2025-01-01T23%3A59%3A59.999Z&status=not_deleted,354405.43752526556,90457.36068652193,90457.36068652193,761451.6971801012,683341.0165765744,2838896.185552572,1115857.1347053668,689302.1681659486,2840336.9670599494
328,CH4_1B2_250m_-103.98436_32.09489?datetime=2024-01-01T00%3A00%3A00.000Z%2F2025-01-01T23%3A59%3A59.999Z&status=not_deleted,20594.36862107422,6670.482170317112,6670.482170317112,2913801.809971777,2519282.29485616,8314315.777801081,2934396.178592851,2519291.1257947353,8314318.453627114
329,CH4_1B2_250m_-103.98535_32.19274?datetime=2024-01-01T00%3A00%3A00.000Z%2F2025-01-01T23%3A59%3A59.999Z&status=not_deleted,13853.219938641278,1403.2647391120722,1403.2647391120722,3548424.6389159476,3075036.655857257,9412917.62195326,3562277.858854589,3075036.976040729,9412917.726551643
330,CH4_1B2_250m_-103.98567_31.99939?datetime=2024-01-01T00%3A00%3A00.000Z%2F2025-01-01T23%3A59%3A59.999Z&status=not_deleted,819327.6460134716,305720.0184479842,305720.0184479842,793269.0133505627,759809.1527333875,3145244.3336632447,1612596.6593640344,819008.3505418391,3160067.5068929438
331,CH4_1B2_250m_-103.98576_32.26903?datetime=2024-01-01T00%3A00%3A00.000Z%2F2025-01-01T23%3A59%3A59.999Z&status=not_deleted,2308.956230983333,413.3898063083333,413.3898063083333,3042470.766186281,2639578.4088139017,6905538.775478111,3044779.7224172642,2639578.4411848155,6905538.787851593
332,CH4_1B2_250m_-103.99184_32.84222?datetime=2024-01-01T00%3A00%3A00.000Z%2F2025-01-01T23%3A59%3A59.999Z&status=not_deleted,611146.5721092671,286470.2374618254,286470.2374618254,1849924.6697302244,1612311.8035573186,6202576.1887856,2461071.2418394918,1637563.6014645929,6209188.076926123
333,CH4_1B2_250m_-103.99201_32.26818?datetime=2024-01-01T00%3A00%3A00.000Z%2F2025-01-01T23%3A59%3A59.999Z&status=not_deleted,84595.88313581,23221.916679221667,23221.916679221667,2777100.903914058,2198689.594622368,8674954.365520965,2861696.787049868,2198812.2227500305,8674985.446747763
334,CH4_1B2_250m_-103.99373_32.22286?datetime=2024-01-01T00%3A00%3A00.000Z%2F2025-01-01T23%3A59%3A59.999Z&status=not_deleted,51811.657032711664,9958.92325249472,9958.92325249472,3557028.5215683146,3173930.2178343963,7313616.057496814,3608840.1786010265,3173945.841981972,7313622.838007686
335,CH4_1B2_250m_-103.99597_32.15037?datetime=2024-01-01T00%3A00%3A00.000Z%2F2025-01-01T23%3A59%3A59.999Z&status=not_deleted,1728657.949058156,467887.36510277464,467887.36510277464,1784888.6641834406,1644606.250172328,6707123.27583753,3513546.6132415966,1709867.9201998918,6723423.326230796
336,CH4_1B2_250m_-103.99645_32.06398?datetime=2024-01-01T00%3A00%3A00.000Z%2F2025-01-01T23%3A59%3A59.999Z&status=not_deleted,113290.39033046283,48791.84667614283,48791.84667614283,2794855.400079552,2354576.498330794,9204266.878071535,2908145.790410015,2355081.979633357,9204396.200026745
337,CH4_1B2_250m_-103.99949_32.18465?datetime=2024-01-01T00%3A00%3A00.000Z%2F2025-01-01T23%3A59%3A59.999Z&status=not_deleted,36920.05184121594,8068.404724616638,8068.404724616638,3337669.703919404,2802281.126346676,9496076.13643435,3374589.7557606203,2802292.741708759,9496079.564120803
338,CH4_1B2_250m_-104.00294_32.24012?datetime=2024-01-01T00%3A00%3A00.000Z%2F2025-01-01T23%3A59%3A59.999Z&status=not_deleted,59995.124570731496,10734.819748385093,10734.819748385093,2975285.73619275,2637206.584068658,8989861.794740582,3035280.8607634814,2637228.4321632264,8989868.20397782
339,CH4_1B2_250m_-104.00356_32.19624?datetime=2024-01-01T00%3A00%3A00.000Z%2F2025-01-01T23%3A59%3A59.999Z&status=not_deleted,26904628.336126637,6612409.296185606,6612409.296185606,2975285.73619275,2637206.584068658,8989861.794740582,26904628.336126637,6612409.296185606,6612409.296185606
340,CH4_1B2_250m_-104.00494_32.13926?datetime=2024-01-01T00%3A00%3A00.000Z%2F2025-01-01T23%3A59%3A59.999Z&status=not_deleted,3368.363328217667,1204.8239474645918,1204.8239474645918,3349447.034393894,2816136.914513568,9264857.398282422,3352815.3977221115,2816137.172242635,9264857.4766215
341,CH4_1B2_250m_-104.00554_31.99931?datetime=2024-01-01T00%3A00%3A00.000Z%2F2025-01-01T23%3A59%3A59.999Z&status=not_deleted,22380.61366455527,5190.7298932711365,5190.7298932711365,2841730.987698418,2183313.1876173895,6901518.842982202,2864111.6013629735,2183319.3579732743,6901520.794992595
342,CH4_1B2_250m_-104.00564_32.71988?datetime=2024-01-01T00%3A00%3A00.000Z%2F2025-01-01T23%3A59%3A59.999Z&status=not_deleted,2178220.696008965,763763.71762617,763763.71762617,1896445.1062258575,1612887.167260613,5944407.211568453,4074665.8022348224,1784583.9937296626,5993272.237543459
343,CH4_1B2_250m_-104.00842_32.32527?datetime=2024-01-01T00%3A00%3A00.000Z%2F2025-01-01T23%3A59%3A59.999Z&status=not_deleted,17303.392120024007,6424.702820676413,6424.702820676413,3138354.263299058,2687447.0480450997,7819386.275802336,3155657.6554190824,2687454.727591268,7819388.915191024
344,CH4_1B2_250m_-104.00980_32.00031?datetime=2024-01-01T00%3A00%3A00.000Z%2F2025-01-01T23%3A59%3A59.999Z&status=not_deleted,157501.90737980307,138645.0512401122,138645.0512401122,2797392.1845588954,2448319.7737062406,8412186.859280642,2954894.0919386987,2452242.2728095916,8413329.317558376
345,CH4_1B2_250m_-104.01110_32.26584?datetime=2024-01-01T00%3A00%3A00.000Z%2F2025-01-01T23%3A59%3A59.999Z&status=not_deleted,759547.0245467031,474142.3960751927,474142.3960751927,2062294.67058485,1777556.5862265993,6769582.252569675,2821841.6951315533,1839706.0713585436,6786166.435187265
346,CH4_1B2_250m_-104.01227_32.20285?datetime=2024-01-01T00%3A00%3A00.000Z%2F2025-01-01T23%3A59%3A59.999Z&status=not_deleted,380567.2176701507,114626.9467865834,114626.9467865834,1766832.086301724,1498812.4644125926,5902749.111212842,2147399.3039718745,1503189.3228759188,5903861.990837321
347,CH4_1B2_250m_-104.01508_32.32510?datetime=2024-01-01T00%3A00%3A00.000Z%2F2025-01-01T23%3A59%3A59.999Z&status=not_deleted,30080.869747218003,9660.749361751155,9660.749361751155,2897545.9078464536,2426481.3176768543,5797655.970223312,2927626.777593672,2426500.549168088,5797664.019167052
348,CH4_1B2_250m_-104.01744_32.06361?datetime=2024-01-01T00%3A00%3A00.000Z%2F2025-01-01T23%3A59%3A59.999Z&status=not_deleted,426168.4595144356,183295.07130841655,183295.07130841655,1937290.2448166404,1710975.7756921644,6676510.676513838,2363458.704331076,1720765.8725612154,6679026.2686090125
349,CH4_1B2_250m_-104.01837_32.32924?datetime=2024-01-01T00%3A00%3A00.000Z%2F2025-01-01T23%3A59%3A59.999Z&status=not_deleted,1651583.8544150998,601948.2122250375,601948.2122250375,2094910.2259786637,1841694.3361548653,4967091.621527575,3746494.0803937633,1937570.5607863239,5003432.904201909
350,CH4_1B2_250m_-104.01896_32.80728?datetime=2024-01-01T00%3A00%3A00.000Z%2F2025-01-01T23%3A59%3A59.999Z&status=not_deleted,11949.231765204,1783.6866995375249,1783.6866995375249,2864599.3515604474,2483182.8691128795,6696000.328066176,2876548.5833256515,2483183.509729781,6696000.56563622
351,CH4_1B2_250m_-104.02026_32.06194?datetime=2024-01-01T00%3A00%3A00.000Z%2F2025-01-01T23%3A59%3A59.999Z&status=not_deleted,42505.693444732206,15824.186908090043,15824.186908090043,3010588.0391395567,2650741.7681418364,8587970.627278414,3053093.732584289,2650789.00070583,8587985.206082279
352,CH4_1B2_250m_-104.02317_32.81700?datetime=2024-01-01T00%3A00%3A00.000Z%2F2025-01-01T23%3A59%3A59.999Z&status=not_deleted,118217.7249363415,64914.21444122083,64914.21444122083,1942064.4697210921,1656313.3840992535,5696249.940180077,2060282.1946574335,1657584.954559748,5696619.807942079
353,CH4_1B2_250m_-104.02606_32.25598?datetime=2024-01-01T00%3A00%3A00.000Z%2F2025-01-01T23%3A59%3A59.999Z&status=not_deleted,17949.62874735536,7119.639748078555,7119.639748078555,2936514.1761032976,2446362.66720609,9219020.869069468,2954463.804850653,2446373.027314076,9219023.61823683
354,CH4_1B2_250m_-104.02633_32.19900?datetime=2024-01-01T00%3A00%3A00.000Z%2F2025-01-01T23%3A59%3A59.999Z&status=not_deleted,29315.237735080224,8220.092417923555,8220.092417923555,2972251.0547268377,2410719.335343768,8198362.893213058,3001566.2924619177,2410733.34977547,8198367.01415179
355,CH4_1B2_250m_-104.02649_32.18310?datetime=2024-01-01T00%3A00%3A00.000Z%2F2025-01-01T23%3A59%3A59.999Z&status=not_deleted,2575093.7371503003,805715.6472041295,805715.6472041295,2972251.0547268377,2410719.335343768,8198362.893213058,2575093.7371503003,805715.6472041295,805715.6472041295
356,CH4_1B2_250m_-104.02726_32.25282?datetime=2024-01-01T00%3A00%3A00.000Z%2F2025-01-01T23%3A59%3A59.999Z&status=not_deleted,39984.81610250736,10192.987973280513,10192.987973280513,3246929.620073994,2927270.050274415,7320459.665274799,3286914.4361765017,2927287.7966194917,7320466.761615617
357,CH4_1B2_250m_-104.02880_32.29223?datetime=2024-01-01T00%3A00%3A00.000Z%2F2025-01-01T23%3A59%3A59.999Z&status=not_deleted,121651.7313325396,44363.01310899228,44363.01310899228,3150381.9464831026,2681226.4633362987,8449424.62597454,3272033.677815642,2681593.448796253,8449541.08735836
358,CH4_1B2_250m_-104.03284_32.33951?datetime=2024-01-01T00%3A00%3A00.000Z%2F2025-01-01T23%3A59%3A59.999Z&status=not_deleted,155679.51689429945,23514.043720402446,23514.043720402446,3092021.6785580227,2613219.914373928,7527218.699955287,3247701.1954523223,2613325.7032242585,7527255.42725957
359,CH4_1B2_250m_-104.04168_32.55561?datetime=2024-01-01T00%3A00%3A00.000Z%2F2025-01-01T23%3A59%3A59.999Z&status=not_deleted,2499256.2917786622,776645.3035488795,776645.3035488795,1808272.3434289712,1630972.1530309631,6049352.66052808,4307528.6352076335,1806446.2603374026,6099003.6513321325
360,CH4_1B2_250m_-104.04584_32.81329?datetime=2024-01-01T00%3A00%3A00.000Z%2F2025-01-01T23%3A59%3A59.999Z&status=not_deleted,296.2881397280833,121.85204413936111,121.85204413936111,2708798.6317411573,2290996.352488192,7487331.397463435,2709094.919880885,2290996.355728686,7487331.398454972
361,CH4_1B2_250m_-104.04820_32.28863?datetime=2024-01-01T00%3A00%3A00.000Z%2F2025-01-01T23%3A59%3A59.999Z&status=not_deleted,246.86231087072224,44.24204165469167,44.24204165469167,3126655.795103308,2598471.4206826002,8154722.15032002,3126902.6574141784,2598471.421059237,8154722.1504400335
362,CH4_1B2_250m_-104.04837_32.84642?datetime=2024-01-01T00%3A00%3A00.000Z%2F2025-01-01T23%3A59%3A59.999Z&status=not_deleted,11648.663171535223,3141.5587626595056,3141.5587626595056,3029720.4517601486,2576722.4603936304,8057812.098228715,3041369.114931684,2576724.3754985635,8057812.710640061
363,CH4_1B2_250m_-104.04850_32.15008?datetime=2024-01-01T00%3A00%3A00.000Z%2F2025-01-01T23%3A59%3A59.999Z&status=not_deleted,1295329.8713114553,335331.28558337956,335331.28558337956,3029720.4517601486,2576722.4603936304,8057812.098228715,1295329.8713114553,335331.28558337956,335331.28558337956
364,CH4_1B2_250m_-104.04888_32.04883?datetime=2024-01-01T00%3A00%3A00.000Z%2F2025-01-01T23%3A59%3A59.999Z&status=not_deleted,501.29177595972214,234.86272881021804,234.86272881021804,2859400.4464680254,2409212.264187053,8601660.778973946,2859901.738243985,2409212.275634882,8601660.782180334
365,CH4_1B2_250m_-104.04921_32.04389?datetime=2024-01-01T00%3A00%3A00.000Z%2F2025-01-01T23%3A59%3A59.999Z&status=not_deleted,4860.6471227775,2254.2488380952086,2254.2488380952086,2948188.441396149,2511807.410922123,8430689.16708661,2953049.0885189264,2511808.4224719694,8430689.468463974
366,CH4_1B2_250m_-104.05167_32.29022?datetime=2024-01-01T00%3A00%3A00.000Z%2F2025-01-01T23%3A59%3A59.999Z&status=not_deleted,8478.635081370918,3249.2370919154305,3249.2370919154305,2932517.655967218,2594087.2163914395,7920484.681992925,2940996.2910485887,2594089.251314836,7920485.34846358
367,CH4_1B2_250m_-104.05197_32.06263?datetime=2024-01-01T00%3A00%3A00.000Z%2F2025-01-01T23%3A59%3A59.999Z&status=not_deleted,658951.3287007011,233282.33260035457,233282.33260035457,1859907.9883848995,1670983.1647203085,5260993.455937452,2518859.3170856005,1687188.603411652,5266163.004514782
368,CH4_1B2_250m_-104.05303_32.25343?datetime=2024-01-01T00%3A00%3A00.000Z%2F2025-01-01T23%3A59%3A59.999Z&status=not_deleted,154430.21936625,53247.844909215,53247.844909215,3172480.1133348504,2729005.8089649663,9433011.2246469,3326910.3327011005,2729525.2404680206,9433161.511248594
369,CH4_1B2_250m_-104.05307_32.67172?datetime=2024-01-01T00%3A00%3A00.000Z%2F2025-01-01T23%3A59%3A59.999Z&status=not_deleted,1853283.6365318,203636.84101254464,203636.84101254464,2133343.1702496586,1859411.750159274,5687902.174638085,3986626.8067814587,1870529.3420975632,5691546.284734073
370,CH4_1B2_250m_-104.05370_32.28691?datetime=2024-01-01T00%3A00%3A00.000Z%2F2025-01-01T23%3A59%3A59.999Z&status=not_deleted,4128.9099385516665,1272.8830090275,1272.8830090275,3039973.1997911567,2524355.697145529,7434163.833597065,3044102.109729708,2524356.01806525,7434163.942569047
371,CH4_1B2_250m_-104.05460_32.16701?datetime=2024-01-01T00%3A00%3A00.000Z%2F2025-01-01T23%3A59%3A59.999Z&status=not_deleted,9817.09033048875,6228.839421605249,6228.839421605249,3036587.6228567534,2601049.9202969605,9836272.504559577,3046404.7131872424,2601057.3785130857,9836274.476771949
372,CH4_1B2_250m_-104.05488_32.62281?datetime=2024-01-01T00%3A00%3A00.000Z%2F2025-01-01T23%3A59%3A59.999Z&status=not_deleted,1170848.3742992133,124732.21116276932,124732.21116276932,1807037.7566323425,1603532.0692561492,5859209.079415521,2977886.1309315558,1608375.9578016768,5860536.593248678
373,CH4_1B2_250m_-104.05529_32.61483?datetime=2024-01-01T00%3A00%3A00.000Z%2F2025-01-01T23%3A59%3A59.999Z&status=not_deleted,3929620.0427100826,453632.9077177883,453632.9077177883,2257413.0919125136,2055025.985945488,6400033.269902874,6187033.134622596,2104498.661884992,6416089.82721004
374,CH4_1B2_250m_-104.05626_31.99365?datetime=2024-01-01T00%3A00%3A00.000Z%2F2025-01-01T23%3A59%3A59.999Z&status=not_deleted,7545890.973302214,2669540.4787660856,2669540.4787660856,2257413.0919125136,2055025.985945488,6400033.269902874,7545890.973302214,2669540.4787660856,2669540.4787660856
375,CH4_1B2_250m_-104.05680_31.99086?datetime=2024-01-01T00%3A00%3A00.000Z%2F2025-01-01T23%3A59%3A59.999Z&status=not_deleted,1677.5632247684277,571.108268847975,571.108268847975,2764074.143716188,2283982.2390038692,8584686.596620284,2765751.7069409564,2283982.310406493,8584686.61561717
376,CH4_1B2_250m_-104.05929_32.18133?datetime=2024-01-01T00%3A00%3A00.000Z%2F2025-01-01T23%3A59%3A59.999Z&status=not_deleted,9535.210170450002,3813.612932677575,3813.612932677575,2879921.445677692,2367319.2553428137,10080796.058216777,2889456.655848142,2367322.3270945707,10080796.779570675
377,CH4_1B2_250m_-104.05957_32.20193?datetime=2024-01-01T00%3A00%3A00.000Z%2F2025-01-01T23%3A59%3A59.999Z&status=not_deleted,156615.53084998846,62554.44242899047,62554.44242899047,3113434.5986641366,2669363.2562510385,9382953.687249854,3270050.129514125,2670096.1128938315,9383162.20446728
378,CH4_1B2_250m_-104.06082_32.04787?datetime=2024-01-01T00%3A00%3A00.000Z%2F2025-01-01T23%3A59%3A59.999Z&status=not_deleted,540399.5867393214,251331.74526370442,251331.74526370442,1829024.8139921655,1580418.2193076068,5836668.437447773,2369424.4007314867,1600277.9115193482,5842077.207199194
379,CH4_1B2_250m_-104.06180_32.84410?datetime=2024-01-01T00%3A00%3A00.000Z%2F2025-01-01T23%3A59%3A59.999Z&status=not_deleted,668239.0791821331,160368.60616238532,160368.60616238532,1814486.2696056173,1518483.3863892893,6468780.59286942,2482725.34878775,1526928.2512884324,6470768.149804667
380,CH4_1B2_250m_-104.06457_32.75620?datetime=2024-01-01T00%3A00%3A00.000Z%2F2025-01-01T23%3A59%3A59.999Z&status=not_deleted,1616504.06775825,525212.6815280812,525212.6815280812,1954243.7622636585,1745336.2822407319,5177119.650855326,3570747.8300219085,1822648.375014725,5203692.558185033
381,CH4_1B2_250m_-104.06555_32.34989?datetime=2024-01-01T00%3A00%3A00.000Z%2F2025-01-01T23%3A59%3A59.999Z&status=not_deleted,8192.974139418639,2822.269915721403,2822.269915721403,2996045.085208669,2603387.8712312253,8107875.654837443,3004238.0593480873,2603389.4010081026,8107876.146039304
382,CH4_1B2_250m_-104.06637_32.31087?datetime=2024-01-01T00%3A00%3A00.000Z%2F2025-01-01T23%3A59%3A59.999Z&status=not_deleted,609102.8454943888,257068.80386092974,257068.80386092974,742981.3398132307,684230.3329767489,2784743.5810762006,1352084.1853076196,730927.8476593719,2796583.8414507783
383,CH4_1B2_250m_-104.06650_32.10508?datetime=2024-01-01T00%3A00%3A00.000Z%2F2025-01-01T23%3A59%3A59.999Z&status=not_deleted,371807.06019467,240372.33998347798,240372.33998347798,1919847.9961893328,1680123.4347810755,6237874.435752318,2291655.056384003,1697231.1621961491,6242504.011856255
384,CH4_1B2_250m_-104.06809_32.28893?datetime=2024-01-01T00%3A00%3A00.000Z%2F2025-01-01T23%3A59%3A59.999Z&status=not_deleted,700192.5465181798,270315.32891923917,270315.32891923917,825634.3218974511,765895.0374148709,3837571.133467529,1525826.868415631,812197.9964180181,3847079.7472202177
385,CH4_1B2_250m_-104.06817_32.28638?datetime=2024-01-01T00%3A00%3A00.000Z%2F2025-01-01T23%3A59%3A59.999Z&status=not_deleted,95.43358617769167,36.02054831444444,36.02054831444444,3263316.3740118295,2576001.0403373903,8272778.613366999,3263411.8075980074,2576001.04058923,8272778.613445417
386,CH4_1B2_250m_-104.06888_32.15254?datetime=2024-01-01T00%3A00%3A00.000Z%2F2025-01-01T23%3A59%3A59.999Z&status=not_deleted,7701.438500908749,1350.4156145815473,1350.4156145815473,2826202.385141112,2296897.8803455858,7634305.402997708,2833903.8236420206,2296898.277320608,7634305.522433742
387,CH4_1B2_250m_-104.06967_32.19536?datetime=2024-01-01T00%3A00%3A00.000Z%2F2025-01-01T23%3A59%3A59.999Z&status=not_deleted,463044.1242608797,115521.77750486851,115521.77750486851,946240.0373378511,860955.2636928963,3829513.0065822206,1409284.1615987308,868670.9659925265,3831255.03571092
388,CH4_1B2_250m_-104.07172_32.25548?datetime=2024-01-01T00%3A00%3A00.000Z%2F2025-01-01T23%3A59%3A59.999Z&status=not_deleted,5217.281189598625,2827.8335599263755,2827.8335599263755,2702492.7196511365,2353263.0546232164,7927221.8037741855,2707710.000840735,2353264.7536767367,7927222.308152805
389,CH4_1B2_250m_-104.07225_32.25929?datetime=2024-01-01T00%3A00%3A00.000Z%2F2025-01-01T23%3A59%3A59.999Z&status=not_deleted,5435.288828165626,2384.292244778125,2384.292244778125,2901278.5512733674,2375078.633509388,8117230.150447606,2906713.840101533,2375079.830279886,8117230.5006193565
390,CH4_1B2_250m_-104.08505_32.10815?datetime=2024-01-01T00%3A00%3A00.000Z%2F2025-01-01T23%3A59%3A59.999Z&status=not_deleted,35660.6250440967,12289.444831289062,12289.444831289062,2934026.922303768,2433951.266016176,9293544.64796247,2969687.5473478646,2433982.2915945807,9293552.773515956
391,CH4_1B2_250m_-104.08540_32.23302?datetime=2024-01-01T00%3A00%3A00.000Z%2F2025-01-01T23%3A59%3A59.999Z&status=not_deleted,17455.291487097722,7663.211525218778,7663.211525218778,3356930.5814934,2799505.307110323,8901164.413432367,3374385.872980498,2799515.7955171005,8901167.712146854
392,CH4_1B2_250m_-104.08561_32.04887?datetime=2024-01-01T00%3A00%3A00.000Z%2F2025-01-01T23%3A59%3A59.999Z&status=not_deleted,283991.2913618703,101735.10188533853,101735.10188533853,1722890.7998523894,1492970.5196947774,5437213.610003052,2006882.0912142596,1496432.7594761197,5438165.303827941
393,CH4_1B2_250m_-104.08586_32.20245?datetime=2024-01-01T00%3A00%3A00.000Z%2F2025-01-01T23%3A59%3A59.999Z&status=not_deleted,2706.4158583958724,953.6274848935194,953.6274848935194,3002621.06778258,2603791.163016499,7264569.5422764,3005327.483640976,2603791.3376475065,7264569.604868229
394,CH4_1B2_250m_-104.08701_32.36653?datetime=2024-01-01T00%3A00%3A00.000Z%2F2025-01-01T23%3A59%3A59.999Z&status=not_deleted,6909.779363674055,1771.9540383712613,1771.9540383712613,2907831.6791565516,2517337.896759829,8942797.842873087,2914741.4585202257,2517338.5203989376,8942798.018423354
395,CH4_1B2_250m_-104.08763_32.31751?datetime=2024-01-01T00%3A00%3A00.000Z%2F2025-01-01T23%3A59%3A59.999Z&status=not_deleted,38057.11111367633,12742.918975974033,12742.918975974033,3031091.709627822,2467237.846083899,7680808.3264328055,3069148.8207414984,2467270.753511407,7680818.897056716
396,CH4_1B2_250m_-104.08897_32.04934?datetime=2024-01-01T00%3A00%3A00.000Z%2F2025-01-01T23%3A59%3A59.999Z&status=not_deleted,3428566.387139736,1614235.0625440623,1614235.0625440623,3031091.709627822,2467237.846083899,7680808.3264328055,3428566.387139736,1614235.0625440623,1614235.0625440623
397,CH4_1B2_250m_-104.09215_32.23599?datetime=2024-01-01T00%3A00%3A00.000Z%2F2025-01-01T23%3A59%3A59.999Z&status=not_deleted,59583.147718401335,23184.81666490157,23184.81666490157,3012717.2578007765,2578058.543602499,8575820.607097268,3072300.4055191777,2578162.7935345015,8575851.947231712
398,CH4_1B2_250m_-104.09260_32.19434?datetime=2024-01-01T00%3A00%3A00.000Z%2F2025-01-01T23%3A59%3A59.999Z&status=not_deleted,55368.80446704144,28147.677028594924,28147.677028594924,2509656.1427477472,1913420.2791878637,6823708.256779544,2565024.9472147888,1913627.3034552648,6823766.310869931
399,CH4_1B2_250m_-104.09702_32.71950?datetime=2024-01-01T00%3A00%3A00.000Z%2F2025-01-01T23%3A59%3A59.999Z&status=not_deleted,3396.226215287111,1318.8844141910222,1318.8844141910222,3001823.109855868,2466674.123461409,9274255.125850745,3005219.336071155,2466674.47605277,9274255.219629494
400,CH4_1B2_250m_-104.09888_32.60956?datetime=2024-01-01T00%3A00%3A00.000Z%2F2025-01-01T23%3A59%3A59.999Z&status=not_deleted,46.077763486191664,17.705307796583334,17.705307796583334,3323042.8314322345,2769325.643847079,9288129.143874733,3323088.9091957207,2769325.6439036774,9288129.143891608
401,CH4_1B2_250m_-104.10347_32.32904?datetime=2024-01-01T00%3A00%3A00.000Z%2F2025-01-01T23%3A59%3A59.999Z&status=not_deleted,1103183.8236351695,411834.85190133203,411834.85190133203,394715.09448967886,373325.8683775646,1715084.1044196184,1497898.9181248485,555859.8287702168,1763837.1326382253
402,CH4_1B2_250m_-104.10422_32.19496?datetime=2024-01-01T00%3A00%3A00.000Z%2F2025-01-01T23%3A59%3A59.999Z&status=not_deleted,34984.15963396395,18070.16842242688,18070.16842242688,2764521.4399292455,2385097.610775155,9933551.218200142,2799505.5995632093,2385166.0621248507,9933567.653949527
403,CH4_1B2_250m_-104.10588_32.62795?datetime=2024-01-01T00%3A00%3A00.000Z%2F2025-01-01T23%3A59%3A59.999Z&status=not_deleted,3722.90119124875,2068.7678614472916,2068.7678614472916,2961781.591306638,2472585.1342748655,10335871.187606694,2965504.4924978865,2472585.9997252915,10335871.394642964
404,CH4_1B2_250m_-104.10667_32.63106?datetime=2024-01-01T00%3A00%3A00.000Z%2F2025-01-01T23%3A59%3A59.999Z&status=not_deleted,8054.294705187501,4265.412365174722,4265.412365174722,3055580.0808809763,2497782.832149386,7572789.08630626,3063634.3755861637,2497786.4741252107,7572790.287563881
405,CH4_1B2_250m_-104.10732_32.33286?datetime=2024-01-01T00%3A00%3A00.000Z%2F2025-01-01T23%3A59%3A59.999Z&status=not_deleted,2746.6760641563333,1413.4979755805,1413.4979755805,2736897.736327728,2310345.220062957,8844445.745234303,2739644.4123918843,2310345.6524607483,8844445.85818522
406,CH4_1B2_250m_-104.10868_32.67967?datetime=2024-01-01T00%3A00%3A00.000Z%2F2025-01-01T23%3A59%3A59.999Z&status=not_deleted,705194.2981073201,228496.57667829195,228496.57667829195,2002828.5035860778,1871726.7652341076,6687779.387999363,2708022.801693398,1885622.382463529,6691681.689090033
407,CH4_1B2_250m_-104.11138_32.29552?datetime=2024-01-01T00%3A00%3A00.000Z%2F2025-01-01T23%3A59%3A59.999Z&status=not_deleted,209442.87773477254,36824.305209563194,36824.305209563194,3226198.7886667917,2710185.8507273276,10114099.98423164,3435641.666401564,2710436.011961318,10114167.020594856
408,CH4_1B2_250m_-104.11665_32.81169?datetime=2024-01-01T00%3A00%3A00.000Z%2F2025-01-01T23%3A59%3A59.999Z&status=not_deleted,306178.86239842133,104544.79532549693,104544.79532549693,2050936.6970272087,1855606.8999906036,6311269.147867957,2357115.55942563,1858549.590816018,6312134.969331658
409,CH4_1B2_250m_-104.11713_32.26197?datetime=2024-01-01T00%3A00%3A00.000Z%2F2025-01-01T23%3A59%3A59.999Z&status=not_deleted,27381.178689765522,9995.925933799575,9995.925933799575,2764851.8484684983,2356915.077795211,8247291.552862211,2792233.027158264,2356936.274589044,8247297.610517499
410,CH4_1B2_250m_-104.11783_32.02615?datetime=2024-01-01T00%3A00%3A00.000Z%2F2025-01-01T23%3A59%3A59.999Z&status=not_deleted,66726.3193815999,22508.50012319124,22508.50012319124,2637673.0758205485,2181115.7833251,8860288.423573336,2704399.3952021482,2181231.920921675,8860317.013599766
411,CH4_1B2_250m_-104.11833_32.05746?datetime=2024-01-01T00%3A00%3A00.000Z%2F2025-01-01T23%3A59%3A59.999Z&status=not_deleted,22627.652346936167,14562.98018579575,14562.98018579575,2768105.7661602553,2315599.967196246,7802713.001211258,2790733.4185071914,2315645.76057547,7802726.591369397
412,CH4_1B2_250m_-104.11879_32.12459?datetime=2024-01-01T00%3A00%3A00.000Z%2F2025-01-01T23%3A59%3A59.999Z&status=not_deleted,5671558.103460487,1172038.9530546386,1172038.9530546386,1728114.8255895919,1544903.594649661,5675739.873904151,7399672.929050079,1939175.7074176795,5795489.489568843
413,CH4_1B2_250m_-104.12094_32.19011?datetime=2024-01-01T00%3A00%3A00.000Z%2F2025-01-01T23%3A59%3A59.999Z&status=not_deleted,6597.930175331625,3499.5309333031123,3499.5309333031123,2972614.228250577,2578069.1991860773,8022683.458591432,2979212.1584259085,2578071.5743572162,8022684.221847033
414,CH4_1B2_250m_-104.12097_32.70029?datetime=2024-01-01T00%3A00%3A00.000Z%2F2025-01-01T23%3A59%3A59.999Z&status=not_deleted,5238.7162713,2261.514478013,2261.514478013,3012809.1591172395,2608131.2571405037,9831576.619435154,3018047.8753885394,2608132.237621597,9831576.879538283
415,CH4_1B2_250m_-104.12284_32.70194?datetime=2024-01-01T00%3A00%3A00.000Z%2F2025-01-01T23%3A59%3A59.999Z&status=not_deleted,365507.98529285187,199534.66393806713,199534.66393806713,1938802.4710192578,1663986.290821777,5040441.197976197,2304310.4563121097,1675907.0553451623,5044389.115876035
416,CH4_1B2_250m_-104.12405_32.25911?datetime=2024-01-01T00%3A00%3A00.000Z%2F2025-01-01T23%3A59%3A59.999Z&status=not_deleted,12798.681183165281,4081.119867744471,4081.119867744471,3054923.5626268727,2644568.4505473054,6880782.94255333,3067722.243810038,2644571.5995543683,6880784.152847134
417,CH4_1B2_250m_-104.12440_32.81519?datetime=2024-01-01T00%3A00%3A00.000Z%2F2025-01-01T23%3A59%3A59.999Z&status=not_deleted,1895603.4969425953,1016120.3959678817,1016120.3959678817,1898489.698142469,1652782.724139533,7645062.506684637,3794093.1950850645,1940152.4147128288,7712294.17165976
418,CH4_1B2_250m_-104.12569_31.99858?datetime=2024-01-01T00%3A00%3A00.000Z%2F2025-01-01T23%3A59%3A59.999Z&status=not_deleted,30393.288703250335,7304.558085821999,7304.558085821999,2879075.00562477,2486570.5177150285,7231653.366231843,2909468.2943280204,2486581.246639332,7231657.055329793
419,CH4_1B2_250m_-104.12847_32.82537?datetime=2024-01-01T00%3A00%3A00.000Z%2F2025-01-01T23%3A59%3A59.999Z&status=not_deleted,809439.7711163741,404668.9082046366,404668.9082046366,1746239.194141044,1567054.402348655,4573234.078167054,2555678.9652574183,1618461.1287231562,4591103.01114841
420,CH4_1B2_250m_-104.13224_32.25851?datetime=2024-01-01T00%3A00%3A00.000Z%2F2025-01-01T23%3A59%3A59.999Z&status=not_deleted,229.05053371333335,89.69365993666666,89.69365993666666,3412917.135816278,2960135.9546112088,6780124.345377117,3413146.1863499912,2960135.955970091,6780124.345970392
421,CH4_1B2_250m_-104.13248_32.07758?datetime=2024-01-01T00%3A00%3A00.000Z%2F2025-01-01T23%3A59%3A59.999Z&status=not_deleted,816.5215674984166,468.62307641591667,468.62307641591667,2932299.731738792,2504079.1352569247,7895377.891561721,2933116.25330629,2504079.179106894,7895377.905469073
422,CH4_1B2_250m_-104.13436_32.10983?datetime=2024-01-01T00%3A00%3A00.000Z%2F2025-01-01T23%3A59%3A59.999Z&status=not_deleted,11742.178757546544,3181.5400869760247,3181.5400869760247,3114095.0538739366,2576562.2929248265,9284360.175043907,3125837.232631483,2576564.257207525,9284360.72016478
423,CH4_1B2_250m_-104.13608_32.21140?datetime=2024-01-01T00%3A00%3A00.000Z%2F2025-01-01T23%3A59%3A59.999Z&status=not_deleted,756292.715284015,178659.15064806902,178659.15064806902,919502.0913122352,850299.1049022818,3198922.72087702,1675794.8065962503,868865.7318066532,3203907.874183265
424,CH4_1B2_250m_-104.13615_32.31417?datetime=2024-01-01T00%3A00%3A00.000Z%2F2025-01-01T23%3A59%3A59.999Z&status=not_deleted,1389829.3308491837,923490.5946742748,923490.5946742748,919502.0913122352,850299.1049022818,3198922.72087702,1389829.3308491837,923490.5946742748,923490.5946742748
425,CH4_1B2_250m_-104.13655_32.06720?datetime=2024-01-01T00%3A00%3A00.000Z%2F2025-01-01T23%3A59%3A59.999Z&status=not_deleted,47509.22726138917,30463.83172466319,30463.83172466319,2792495.689407292,2352237.174654353,8856809.111413468,2840004.916668681,2352434.434977783,8856861.502872221
426,CH4_1B2_250m_-104.14430_32.08152?datetime=2024-01-01T00%3A00%3A00.000Z%2F2025-01-01T23%3A59%3A59.999Z&status=not_deleted,10912.481613906333,6439.401212658334,6439.401212658334,3180965.012446056,2383725.9567231,6667364.574777481,3191877.494059962,2383734.6544117355,6667367.68439282
427,CH4_1B2_250m_-104.14634_32.81965?datetime=2024-01-01T00%3A00%3A00.000Z%2F2025-01-01T23%3A59%3A59.999Z&status=not_deleted,3548.0466726022005,1569.0649482507126,1569.0649482507126,2967237.6325354297,2464069.3204814205,9398271.432146614,2970785.679208032,2464069.8200543304,9398271.563126273
428,CH4_1B2_250m_-104.15036_32.53387?datetime=2024-01-01T00%3A00%3A00.000Z%2F2025-01-01T23%3A59%3A59.999Z&status=not_deleted,3596.323993641806,3252.9167291147223,3252.9167291147223,3303785.142095901,2777438.830331017,8323136.310053375,3307381.466089543,2777440.7352269054,8323136.945719213
429,CH4_1B2_250m_-104.15070_32.20085?datetime=2024-01-01T00%3A00%3A00.000Z%2F2025-01-01T23%3A59%3A59.999Z&status=not_deleted,89395.29637775083,20673.65120344654,20673.65120344654,1840013.791704607,1506261.9427627325,5638273.271235809,1929409.0880823578,1506403.810427152,5638311.172770285
430,CH4_1B2_250m_-104.15073_32.51962?datetime=2024-01-01T00%3A00%3A00.000Z%2F2025-01-01T23%3A59%3A59.999Z&status=not_deleted,446421.9595690464,83048.67800980744,83048.67800980744,1651928.012028229,1482024.369554333,4987134.404363461,2098349.971597275,1484349.4584740128,4987825.844003063
431,CH4_1B2_250m_-104.15297_32.53942?datetime=2024-01-01T00%3A00%3A00.000Z%2F2025-01-01T23%3A59%3A59.999Z&status=not_deleted,4063222.909619766,2434820.940801201,2434820.940801201,1651928.012028229,1482024.369554333,4987134.404363461,4063222.909619766,2434820.940801201,2434820.940801201
432,CH4_1B2_250m_-104.15445_32.20731?datetime=2024-01-01T00%3A00%3A00.000Z%2F2025-01-01T23%3A59%3A59.999Z&status=not_deleted,6359.722872849228,2546.4098225343078,2546.4098225343078,3057426.254860715,2703269.7521713786,8042141.686885334,3063785.977733564,2703270.951497036,8042142.09002439
433,CH4_1B2_250m_-104.15488_32.56973?datetime=2024-01-01T00%3A00%3A00.000Z%2F2025-01-01T23%3A59%3A59.999Z&status=not_deleted,16161.092740591943,9866.809745209583,9866.809745209583,2874961.368059088,2451266.4327966273,9194513.54496838,2891122.46079968,2451286.2906013345,9194518.839098735
434,CH4_1B2_250m_-104.15597_32.28611?datetime=2024-01-01T00%3A00%3A00.000Z%2F2025-01-01T23%3A59%3A59.999Z&status=not_deleted,116.22208120967221,59.605858922083335,59.605858922083335,3171421.2239486966,2767497.3860135,8287047.962153804,3171537.446029906,2767497.38665539,8287047.962368166
435,CH4_1B2_250m_-104.15632_32.56535?datetime=2024-01-01T00%3A00%3A00.000Z%2F2025-01-01T23%3A59%3A59.999Z&status=not_deleted,810096.5712921706,175748.47367713257,175748.47367713257,2065484.4117634764,1794770.2690031803,7249028.553481294,2875580.983055647,1803354.6086384647,7251158.700179368
436,CH4_1B2_250m_-104.15757_32.70630?datetime=2024-01-01T00%3A00%3A00.000Z%2F2025-01-01T23%3A59%3A59.999Z&status=not_deleted,1729.6973552756388,1562.0690554216665,1562.0690554216665,2807520.3702943833,2406325.857138964,7457235.78083837,2809250.067649659,2406326.364148326,7457235.944441868
437,CH4_1B2_250m_-104.16005_32.63731?datetime=2024-01-01T00%3A00%3A00.000Z%2F2025-01-01T23%3A59%3A59.999Z&status=not_deleted,6271.143291679166,4805.965335686111,4805.965335686111,3117648.225113945,2570080.8911282215,7361812.302692097,3123919.3684056243,2570085.384621538,7361813.871415897
438,CH4_1B2_250m_-104.16558_32.61504?datetime=2024-01-01T00%3A00%3A00.000Z%2F2025-01-01T23%3A59%3A59.999Z&status=not_deleted,4558831.46863677,1337440.1472814046,1337440.1472814046,673874.494053653,621584.3397776358,2564052.55957265,5232705.962690422,1474826.5114978454,2891904.5066895215
439,CH4_1B2_250m_-104.16721_32.59338?datetime=2024-01-01T00%3A00%3A00.000Z%2F2025-01-01T23%3A59%3A59.999Z&status=not_deleted,2226.2529075391803,1364.2625633011944,1364.2625633011944,3079372.103549242,2528137.2188615054,6527844.714477027,3081598.3564567813,2528137.5869610277,6527844.857036509
440,CH4_1B2_250m_-104.17026_32.27835?datetime=2024-01-01T00%3A00%3A00.000Z%2F2025-01-01T23%3A59%3A59.999Z&status=not_deleted,153622.6410456404,36039.27954126827,36039.27954126827,3037737.961145577,2684751.3376688617,9776302.05030214,3191360.6021912172,2684993.216897316,9776368.477528436
441,CH4_1B2_250m_-104.17096_32.03533?datetime=2024-01-01T00%3A00%3A00.000Z%2F2025-01-01T23%3A59%3A59.999Z&status=not_deleted,1769.3625353822224,1209.5175329838,1209.5175329838,2889811.6315543503,2511542.761967677,9839329.078468014,2891580.9940897324,2511543.0532094985,9839329.15280909
442,CH4_1B2_250m_-104.17127_32.59821?datetime=2024-01-01T00%3A00%3A00.000Z%2F2025-01-01T23%3A59%3A59.999Z&status=not_deleted,2360.802687474333,1352.5653420883332,1352.5653420883332,3163124.922754,2623046.6484667314,10511219.150607433,3165485.7254414745,2623046.9971896345,10511219.237630308
443,CH4_1B2_250m_-104.17151_32.64773?datetime=2024-01-01T00%3A00%3A00.000Z%2F2025-01-01T23%3A59%3A59.999Z&status=not_deleted,1729799.3373878372,960893.3539171434,960893.3539171434,2110593.2957557826,1816181.307946796,7319890.420291113,3840392.6331436196,2054709.3665376308,7382690.011281236
444,CH4_1B2_250m_-104.17334_32.66435?datetime=2024-01-01T00%3A00%3A00.000Z%2F2025-01-01T23%3A59%3A59.999Z&status=not_deleted,836.3501909300139,600.8299889729306,600.8299889729306,3128527.2632501,2517363.6594357206,9465825.205322787,3129363.61344103,2517363.731137056,9465825.224391207
445,CH4_1B2_250m_-104.17408_32.44181?datetime=2024-01-01T00%3A00%3A00.000Z%2F2025-01-01T23%3A59%3A59.999Z&status=not_deleted,922723.8772985999,202587.558091366,202587.558091366,1876835.4761457609,1698428.903331039,7502698.130808694,2799559.3534443607,1710468.4909005773,7505432.76305462
446,CH4_1B2_250m_-104.17457_32.14394?datetime=2024-01-01T00%3A00%3A00.000Z%2F2025-01-01T23%3A59%3A59.999Z&status=not_deleted,36511.392715789334,11230.391319395156,11230.391319395156,2782453.722454476,2155860.6236890424,9094919.252937585,2818965.1151702655,2155889.874381828,9094926.186569298
447,CH4_1B2_250m_-104.17598_32.81006?datetime=2024-01-01T00%3A00%3A00.000Z%2F2025-01-01T23%3A59%3A59.999Z&status=not_deleted,553471.9213138967,312191.6991112407,312191.6991112407,1903099.4807849377,1661076.9878510002,5319165.705116227,2456571.4020988345,1690159.878994326,5328319.3837718265
448,CH4_1B2_250m_-104.17626_32.30338?datetime=2024-01-01T00%3A00%3A00.000Z%2F2025-01-01T23%3A59%3A59.999Z&status=not_deleted,10657.419930926708,6310.252226927888,6310.252226927888,2913338.399023832,2529112.5147680948,8862816.70298605,2923995.8189547583,2529120.386940836,8862818.949409477
449,CH4_1B2_250m_-104.17947_32.28928?datetime=2024-01-01T00%3A00%3A00.000Z%2F2025-01-01T23%3A59%3A59.999Z&status=not_deleted,1364293.268115405,723939.5424408334,723939.5424408334,2913338.399023832,2529112.5147680948,8862816.70298605,1364293.268115405,723939.5424408334,723939.5424408334
450,CH4_1B2_250m_-104.18374_32.46329?datetime=2024-01-01T00%3A00%3A00.000Z%2F2025-01-01T23%3A59%3A59.999Z&status=not_deleted,6822.930650537083,3117.01130734825,3117.01130734825,2880644.096495335,2468385.721208634,7894579.9566460075,2887467.027145872,2468387.689247003,7894580.571989646
451,CH4_1B2_250m_-104.18499_32.51691?datetime=2024-01-01T00%3A00%3A00.000Z%2F2025-01-01T23%3A59%3A59.999Z&status=not_deleted,394.0911287423861,269.0297636606667,269.0297636606667,3150282.6653842847,2661734.8924503014,6937385.941260612,3150676.756513027,2661734.906046136,6937385.946477059
452,CH4_1B2_250m_-104.18715_31.99616?datetime=2024-01-01T00%3A00%3A00.000Z%2F2025-01-01T23%3A59%3A59.999Z&status=not_deleted,110287.61257079666,27414.015871109754,27414.015871109754,2829957.357628832,2385219.4800615846,6755305.220554091,2940244.9701996287,2385377.013457503,6755360.845366555
453,CH4_1B2_250m_-104.19136_32.61695?datetime=2024-01-01T00%3A00%3A00.000Z%2F2025-01-01T23%3A59%3A59.999Z&status=not_deleted,20928479.23575629,5126767.936530034,5126767.936530034,875962.0929826453,802252.679232335,2424591.523636662,21804441.328738935,5189157.815712284,5671189.780947484
454,CH4_1B2_250m_-104.19158_32.49384?datetime=2024-01-01T00%3A00%3A00.000Z%2F2025-01-01T23%3A59%3A59.999Z&status=not_deleted,4641.984326410388,1637.3843774212723,1637.3843774212723,3083106.920813073,2724523.4519872707,9054017.275606211,3087748.9051394835,2724523.94400494,9054017.423663558
455,CH4_1B2_250m_-104.19336_32.59283?datetime=2024-01-01T00%3A00%3A00.000Z%2F2025-01-01T23%3A59%3A59.999Z&status=not_deleted,160.98514839088887,95.42894808637222,95.42894808637222,3125729.605052079,2687369.083714935,9253558.470829751,3125890.59020047,2687369.0854092846,9253558.471321816
456,CH4_1B2_250m_-104.19754_32.15101?datetime=2024-01-01T00%3A00%3A00.000Z%2F2025-01-01T23%3A59%3A59.999Z&status=not_deleted,76041.15858613046,38060.95694769335,38060.95694769335,2888735.7198557965,2472186.5258321743,9001082.854418268,2964776.878441927,2472479.495354801,9001163.324179064
457,CH4_1B2_250m_-104.19986_32.79551?datetime=2024-01-01T00%3A00%3A00.000Z%2F2025-01-01T23%3A59%3A59.999Z&status=not_deleted,652896.7631453302,363822.54100752523,363822.54100752523,1916851.9669749564,1672822.9016326852,5957728.759422613,2569748.730120287,1711929.7011185852,5968827.256019099
458,CH4_1B2_250m_-104.20343_32.08276?datetime=2024-01-01T00%3A00%3A00.000Z%2F2025-01-01T23%3A59%3A59.999Z&status=not_deleted,68687599.64535064,30185680.37636369,30185680.37636369,1916851.9669749564,1672822.9016326852,5957728.759422613,68687599.64535064,30185680.37636369,30185680.37636369
459,CH4_1B2_250m_-104.20493_32.29762?datetime=2024-01-01T00%3A00%3A00.000Z%2F2025-01-01T23%3A59%3A59.999Z&status=not_deleted,10233.469925311669,2153.8217780836667,2153.8217780836667,2915071.214787465,2409503.971096789,8695833.728622168,2925304.684712777,2409504.933732124,8695833.99535612
460,CH4_1B2_250m_-104.20611_32.22128?datetime=2024-01-01T00%3A00%3A00.000Z%2F2025-01-01T23%3A59%3A59.999Z&status=not_deleted,313486.9944934838,99089.68295062904,99089.68295062904,1915356.215129917,1656391.2915256491,6877691.90334923,2228843.209623401,1659352.5472030542,6878405.678837416
461,CH4_1B2_250m_-104.20656_32.86955?datetime=2024-01-01T00%3A00%3A00.000Z%2F2025-01-01T23%3A59%3A59.999Z&status=not_deleted,6294.212341386667,3965.542014373333,3965.542014373333,2962909.617574405,2442244.5641733827,9151595.72295928,2969203.8299157917,2442247.783652982,9151596.582127627
462,CH4_1B2_250m_-104.20783_32.78286?datetime=2024-01-01T00%3A00%3A00.000Z%2F2025-01-01T23%3A59%3A59.999Z&status=not_deleted,586523.1793986189,387929.1512502316,387929.1512502316,1952080.333945656,1688548.5187618756,4905410.051797637,2538603.513344275,1732537.1934254828,4920725.23137261
463,CH4_1B2_250m_-104.20789_32.64474?datetime=2024-01-01T00%3A00%3A00.000Z%2F2025-01-01T23%3A59%3A59.999Z&status=not_deleted,2644587.825775088,1015939.779994971,1015939.779994971,1822755.965218734,1625937.0596831287,5026373.735781118,4467343.790993822,1917238.8892955536,5128017.801092979
464,CH4_1B2_250m_-104.21010_32.75688?datetime=2024-01-01T00%3A00%3A00.000Z%2F2025-01-01T23%3A59%3A59.999Z&status=not_deleted,1642199.6871661933,1021123.7127221421,1021123.7127221421,2045944.7504000678,1861782.9591316162,7261245.9561393205,3688144.437566261,2123423.985829568,7332692.9890888715
465,CH4_1B2_250m_-104.21903_32.75647?datetime=2024-01-01T00%3A00%3A00.000Z%2F2025-01-01T23%3A59%3A59.999Z&status=not_deleted,1088515.1783802111,785140.0608322431,785140.0608322431,1848609.4260519291,1551556.4121408085,6750685.372772988,2937124.6044321405,1738899.7139510135,6796189.955945524
466,CH4_1B2_250m_-104.22023_32.18064?datetime=2024-01-01T00%3A00%3A00.000Z%2F2025-01-01T23%3A59%3A59.999Z&status=not_deleted,633146.717224041,105550.65933775666,105550.65933775666,1891687.1931708807,1675458.7050365838,4507768.879353694,2524833.910394922,1678780.15653316,4509004.459008251
467,CH4_1B2_250m_-104.22568_32.13754?datetime=2024-01-01T00%3A00%3A00.000Z%2F2025-01-01T23%3A59%3A59.999Z&status=not_deleted,1707616.6869416693,727886.1672018588,727886.1672018588,1684595.2237720143,1461644.6323006656,6991828.470327879,3392211.910713684,1632857.4045326677,7029614.756933078
468,CH4_1B2_250m_-104.22689_32.78162?datetime=2024-01-01T00%3A00%3A00.000Z%2F2025-01-01T23%3A59%3A59.999Z&status=not_deleted,4233.442257289334,2239.0969925589775,2239.0969925589775,2594259.3806595523,2302161.6532920273,8403249.628432522,2598492.8229168416,2302162.742171722,8403249.926743025
469,CH4_1B2_250m_-104.22752_32.81220?datetime=2024-01-01T00%3A00%3A00.000Z%2F2025-01-01T23%3A59%3A59.999Z&status=not_deleted,247865.23251838304,128633.36231478788,128633.36231478788,1974491.4143979666,1652152.5729258307,6255959.378007656,2222356.6469163494,1657152.5778050283,6257281.700641449
470,CH4_1B2_250m_-104.23591_32.31442?datetime=2024-01-01T00%3A00%3A00.000Z%2F2025-01-01T23%3A59%3A59.999Z&status=not_deleted,2344269.186778282,762049.7794151676,762049.7794151676,1974491.4143979666,1652152.5729258307,6255959.378007656,2344269.186778282,762049.7794151676,762049.7794151676
471,CH4_1B2_250m_-104.23815_32.79847?datetime=2024-01-01T00%3A00%3A00.000Z%2F2025-01-01T23%3A59%3A59.999Z&status=not_deleted,5500.397595266917,2621.1116844110043,2621.1116844110043,3099022.107813168,2730411.5274042287,8494419.819976179,3104522.5054084347,2730412.7854975252,8494420.224372622
472,CH4_1B2_250m_-104.24334_32.81157?datetime=2024-01-01T00%3A00%3A00.000Z%2F2025-01-01T23%3A59%3A59.999Z&status=not_deleted,193.347181621,126.8813061758889,126.8813061758889,3095223.8894322743,2689077.406081843,7738047.609830668,3095417.2366138953,2689077.4090752243,7738047.610870909
473,CH4_1B2_250m_-104.25270_32.73620?datetime=2024-01-01T00%3A00%3A00.000Z%2F2025-01-01T23%3A59%3A59.999Z&status=not_deleted,607.7299818866111,341.0047949091666,341.0047949091666,2998779.396722597,2561147.22420762,7200538.320192347,2999387.1267044838,2561147.2469092184,7200538.328267041
474,CH4_1B2_250m_-104.25838_32.77605?datetime=2024-01-01T00%3A00%3A00.000Z%2F2025-01-01T23%3A59%3A59.999Z&status=not_deleted,5695.982424996,2929.0433224253056,2929.0433224253056,3113757.8366018217,2808940.46589491,8638212.235536933,3119453.8190268176,2808941.9930352243,8638212.732126638
475,CH4_1B2_250m_-104.27490_32.40869?datetime=2024-01-01T00%3A00%3A00.000Z%2F2025-01-01T23%3A59%3A59.999Z&status=not_deleted,1256634.3872025684,477143.2628565812,477143.2628565812,2156137.8994245497,1916995.7125631126,5322660.849192107,3412772.286627118,1975484.3090429192,5344004.510553099
476,CH4_1B2_250m_-104.27906_32.34868?datetime=2024-01-01T00%3A00%3A00.000Z%2F2025-01-01T23%3A59%3A59.999Z&status=not_deleted,6077.98157735211,1351.0748591219888,1351.0748591219888,3125590.8209595797,2514163.4042018484,8768764.387897326,3131668.802536932,2514163.767225815,8768764.491982872
477,CH4_1B2_250m_-104.29378_32.57688?datetime=2024-01-01T00%3A00%3A00.000Z%2F2025-01-01T23%3A59%3A59.999Z&status=not_deleted,2354305.8576980084,458641.32277969207,458641.32277969207,2068544.8564912276,1932410.547250288,5499277.456839925,4422850.714189236,1986092.2400747815,5518369.723955518
478,CH4_1B2_250m_-104.29938_32.40824?datetime=2024-01-01T00%3A00%3A00.000Z%2F2025-01-01T23%3A59%3A59.999Z&status=not_deleted,1778525.4950398377,832862.4001245134,832862.4001245134,1737077.7739470527,1539246.2724406752,4592627.218995598,3515603.26898689,1750125.38544062,4667535.168608846
479,CH4_1B2_250m_-104.30498_32.75792?datetime=2024-01-01T00%3A00%3A00.000Z%2F2025-01-01T23%3A59%3A59.999Z&status=not_deleted,1134929.474891758,334811.1991248133,334811.1991248133,1771692.9991944325,1634095.1654147927,6968539.352607941,2906622.4740861906,1668042.430123225,6976577.903808206
480,CH4_1B2_250m_-104.30901_32.75976?datetime=2024-01-01T00%3A00%3A00.000Z%2F2025-01-01T23%3A59%3A59.999Z&status=not_deleted,1233758.9024943358,579377.0285696563,579377.0285696563,1659516.502509541,1452180.9119171067,5968735.845307053,2893275.405003877,1563491.9706127704,5996789.585460499
481,CH4_1B2_250m_-104.31083_32.79985?datetime=2024-01-01T00%3A00%3A00.000Z%2F2025-01-01T23%3A59%3A59.999Z&status=not_deleted,282.3123330621389,134.49574831316113,134.49574831316113,3010780.3023531223,2725034.1273887553,9346850.857325945,3011062.6146861846,2725034.1307078158,9346850.858293602
482,CH4_1B2_250m_-104.31584_32.52738?datetime=2024-01-01T00%3A00%3A00.000Z%2F2025-01-01T23%3A59%3A59.999Z&status=not_deleted,338698.42860131525,79409.76806444858,79409.76806444858,1807784.9322628933,1565728.6634488562,5865444.392727891,2146483.3608642085,1567741.1006953255,5865981.915710882
483,CH4_1B2_250m_-104.32893_32.42367?datetime=2024-01-01T00%3A00%3A00.000Z%2F2025-01-01T23%3A59%3A59.999Z&status=not_deleted,71707.37255358795,14426.633293082077,14426.633293082077,1995404.6539245294,1760483.7558582092,5721057.902539723,2067112.0264781173,1760542.8658197448,5721076.092131653
484,CH4_1B2_250m_-104.33172_32.58667?datetime=2024-01-01T00%3A00%3A00.000Z%2F2025-01-01T23%3A59%3A59.999Z&status=not_deleted,2429058.216934933,525616.4381686358,525616.4381686358,1987258.43787603,1703582.9969274404,5646831.863075161,4416316.654810963,1782825.753542214,5671241.727339258
485,CH4_1B2_250m_-104.33328_32.11821?datetime=2024-01-01T00%3A00%3A00.000Z%2F2025-01-01T23%3A59%3A59.999Z&status=not_deleted,723632.7675484553,374215.0087194525,374215.0087194525,2000520.955424185,1889037.3530788857,5570788.057510185,2724153.7229726403,1925746.3472841335,5583342.767057115
486,CH4_1B2_250m_-104.34265_32.37800?datetime=2024-01-01T00%3A00%3A00.000Z%2F2025-01-01T23%3A59%3A59.999Z&status=not_deleted,2183884.813268974,593473.4058318231,593473.4058318231,2115876.653062722,1879401.6493899184,5364930.631882567,4299761.466331696,1970878.2923253202,5397656.099488138
487,CH4_1B2_250m_-104.38090_32.65857?datetime=2024-01-01T00%3A00%3A00.000Z%2F2025-01-01T23%3A59%3A59.999Z&status=not_deleted,496253.4445509714,108407.65022968447,108407.65022968447,1928544.1194643849,1676838.367544021,5194449.026709659,2424797.5640153564,1680338.992434568,5195580.132161686
488,CH4_1B2_250m_-104.38727_32.73927?datetime=2024-01-01T00%3A00%3A00.000Z%2F2025-01-01T23%3A59%3A59.999Z&status=not_deleted,1069868.5954038939,384408.6389923281,384408.6389923281,1883243.322969487,1693309.2016751356,7049582.0224287715,2953111.918373381,1736394.5560297116,7060055.006349658
489,CH4_4B_250m_-103.29591_32.85371?datetime=2024-01-01T00%3A00%3A00.000Z%2F2025-01-01T23%3A59%3A59.999Z&status=not_deleted,3702.0093102300007,1857.5108819190002,1857.5108819190002,3283637.7147776606,2843129.3606251734,9373395.806705829,3287339.7240878907,2843129.9674118985,9373395.99075581
490,CH4_NA_250m_-102.09166_32.30557?datetime=2024-01-01T00%3A00%3A00.000Z%2F2025-01-01T23%3A59%3A59.999Z&status=not_deleted,14874887.73639145,1513978.9729103046,1513978.9729103046,767739.0671130186,692857.3077046704,2950183.2491142564,15642626.803504467,1664987.561291166,3315978.5182912285
